trade_date,symbol,manual_rank,tier,entry_time,entry_px,exit_time,exit_px,stock_ret_pct,exit_reason,basket_ret5x_pct,day_pnl_rs,day_pnl_rs 1X,teacher_profitable,rank_weight,profit_weight,teacher_weight
2024-12-02,ADANIPOWER,2,GOLD-baseline,09:15,111.4,09:51,110.5,-0.81,TRAIL,1.96,9780,1956.0,0,0.9333333333333333,0.35,0.32666666666666666
2024-12-02,HSCL,3,GOLD,09:15,525.0,09:51,524.7,-0.06,TRAIL,1.96,9780,1956.0,0,0.8666666666666667,0.35,0.30333333333333334
2024-12-02,BDL,4,GOLD,09:15,1147.95,09:51,1163.15,1.32,TRAIL,1.96,9780,1956.0,1,0.8,1.165,0.932
2024-12-02,CAMS,6,GOLD-baseline,09:15,995.0,09:51,1018.0,2.31,TRAIL,1.96,9780,1956.0,1,0.6666666666666666,1.28875,0.8591666666666666
2024-12-02,ADANIENT,7,GOLD-baseline,09:15,2415.3,09:51,2400.0,-0.63,TRAIL,1.96,9780,1956.0,0,0.6,0.35,0.21
2024-12-02,RPOWER,8,GOLD,09:15,38.7,09:51,38.18,-1.34,TRAIL,1.96,9780,1956.0,0,0.5333333333333333,0.35,0.18666666666666665
2024-12-02,GRSE,10,GOLD,09:15,1669.0,09:51,1682.3,0.8,TRAIL,1.96,9780,1956.0,1,0.4,1.1,0.44000000000000006
2024-12-02,COCHINSHIP,11,GOLD,09:15,1631.5,09:51,1656.15,1.51,TRAIL,1.96,9780,1956.0,1,0.3333333333333333,1.18875,0.39625
2024-12-02,MAZDOCK,14,GOLD-baseline,09:15,2287.35,09:51,2274.85,-0.55,TRAIL,1.96,9780,1956.0,0,0.13333333333333333,0.35,0.04666666666666666
2024-12-02,SONATSOFTW,15,GOLD,09:15,631.6,09:51,643.6,1.9,TRAIL,1.96,9780,1956.0,1,0.06666666666666667,1.2375,0.0825
2024-12-03,GRSE,1,GOLD,09:15,1670.0,15:29,1702.5,1.95,EOD,12.49,62429,12485.8,1,1.0,1.24375,1.24375
2024-12-03,KPIL,2,GOLD-baseline,09:15,1142.0,15:29,1148.15,0.54,EOD,12.49,62429,12485.8,1,0.9333333333333333,1.0675,0.9963333333333333
2024-12-03,PNBHOUSING,3,ENTERPRISE-Dryup,09:15,884.0,15:29,884.0,0.0,EOD,12.49,62429,12485.8,0,0.8666666666666667,0.35,0.30333333333333334
2024-12-03,KPITTECH,5,GOLD,09:15,1374.85,15:29,1430.0,4.01,EOD,12.49,62429,12485.8,1,0.7333333333333333,1.50125,1.1009166666666665
2024-12-03,FINCABLES,6,GOLD,09:15,1159.4,15:29,1156.0,-0.29,EOD,12.49,62429,12485.8,0,0.6666666666666666,0.35,0.2333333333333333
2024-12-03,ZEEL,7,PREMIUM-Compression,09:15,128.41,15:29,135.02,5.15,EOD,12.49,62429,12485.8,1,0.6,1.64375,0.98625
2024-12-03,BLS,9,ENTERPRISE-Dryup,09:15,398.0,15:29,418.0,5.03,EOD,12.49,62429,12485.8,1,0.4666666666666667,1.6287500000000001,0.7600833333333334
2024-12-03,UCOBANK,10,PREMIUM-Compression,09:15,44.49,15:29,45.12,1.42,EOD,12.49,62429,12485.8,1,0.4,1.1775,0.47100000000000003
2024-12-03,HSCL,11,GOLD,09:15,536.15,15:29,539.95,0.71,EOD,12.49,62429,12485.8,1,0.3333333333333333,1.08875,0.36291666666666667
2024-12-03,TATAELXSI,12,ENTERPRISE-Dryup,09:15,6750.05,15:29,7090.0,5.04,EOD,12.49,62429,12485.8,1,0.26666666666666666,1.63,0.43466666666666665
2024-12-03,ANGELONE,13,ENTERPRISE-Dryup,09:15,294.1,15:29,307.5,4.56,EOD,12.49,62429,12485.8,1,0.2,1.5699999999999998,0.314
2024-12-04,FINCABLES,1,GOLD-baseline,09:15,1159.25,12:00,1198.75,3.41,TRAIL,2.34,11722,2344.4,1,1.0,1.42625,1.42625
2024-12-04,PNBHOUSING,2,ENTERPRISE-Dryup,09:15,899.0,12:00,908.55,1.06,TRAIL,2.34,11722,2344.4,1,0.9333333333333333,1.1325,1.0570000000000002
2024-12-04,KPIL,3,GOLD-baseline,09:15,1150.05,12:00,1144.45,-0.49,TRAIL,2.34,11722,2344.4,0,0.8666666666666667,0.35,0.30333333333333334
2024-12-04,MMTC,6,GOLD,09:15,80.49,12:00,80.46,-0.04,TRAIL,2.34,11722,2344.4,0,0.6666666666666666,0.35,0.2333333333333333
2024-12-04,FLUOROCHEM,7,GOLD-baseline,09:15,4080.0,12:00,4045.35,-0.85,TRAIL,2.34,11722,2344.4,0,0.6,0.35,0.21
2024-12-04,HSCL,9,ENTERPRISE-Dryup,09:15,542.7,12:00,544.5,0.33,TRAIL,2.34,11722,2344.4,1,0.4666666666666667,1.04125,0.48591666666666666
2024-12-04,RPOWER,14,ENTERPRISE-Dryup,09:15,41.09,12:00,41.09,0.0,TRAIL,2.34,11722,2344.4,0,0.13333333333333333,0.35,0.04666666666666666
2024-12-04,BLUESTARCO,15,ENTERPRISE-Dryup,09:15,1877.0,12:00,1890.65,0.73,TRAIL,2.34,11722,2344.4,1,0.06666666666666667,1.09125,0.07275000000000001
2024-12-05,INOXWIND,1,GOLD,09:15,201.58,15:29,201.57,0.0,EOD,15.31,76571,15314.2,0,1.0,0.35,0.35
2024-12-05,KPIL,2,GOLD-baseline,09:15,1180.95,15:29,1237.8,4.81,EOD,15.31,76571,15314.2,1,0.9333333333333333,1.6012499999999998,1.4945
2024-12-05,CASTROLIND,8,GOLD,09:15,202.85,15:29,212.71,4.86,EOD,15.31,76571,15314.2,1,0.5333333333333333,1.6075,0.8573333333333333
2024-12-05,MMTC,10,GOLD,09:15,80.8,15:29,80.36,-0.54,EOD,15.31,76571,15314.2,0,0.4,0.35,0.13999999999999999
2024-12-05,CESC,12,GOLD-baseline,09:15,174.24,15:29,180.48,3.58,EOD,15.31,76571,15314.2,1,0.26666666666666666,1.4475,0.386
2024-12-05,FLUOROCHEM,13,PREMIUM-Compression,09:15,4099.0,15:29,4263.0,4.0,EOD,15.31,76571,15314.2,1,0.2,1.5,0.30000000000000004
2024-12-05,IGL,14,GOLD,09:15,187.0,15:29,191.6,2.46,EOD,15.31,76571,15314.2,1,0.13333333333333333,1.3075,0.17433333333333334
2024-12-05,ANGELONE,15,GOLD-baseline,09:15,304.6,15:29,322.1,5.75,EOD,15.31,76571,15314.2,1,0.06666666666666667,1.71875,0.11458333333333333
2024-12-06,GRSE,1,GOLD,09:15,1775.0,15:29,1778.0,0.17,EOD,8.01,40025,8005.0,1,1.0,1.02125,1.02125
2024-12-06,MMTC,2,ENTERPRISE-Dryup,09:15,80.59,15:29,83.65,3.8,EOD,8.01,40025,8005.0,1,0.9333333333333333,1.475,1.3766666666666667
2024-12-06,INOXWIND,4,GOLD,09:15,201.31,15:29,204.34,1.51,EOD,8.01,40025,8005.0,1,0.8,1.18875,0.9510000000000001
2024-12-06,ZEEL,5,GOLD,09:15,139.86,15:29,140.75,0.64,EOD,8.01,40025,8005.0,1,0.7333333333333333,1.08,0.792
2024-12-06,J&KBANK,6,GOLD,09:15,106.6,15:29,106.5,-0.09,EOD,8.01,40025,8005.0,0,0.6666666666666666,0.35,0.2333333333333333
2024-12-06,IREDA,7,GOLD,09:15,220.4,15:29,221.19,0.36,EOD,8.01,40025,8005.0,1,0.6,1.045,0.6269999999999999
2024-12-06,MAZDOCK,10,GOLD,09:15,2435.0,15:29,2439.5,0.18,EOD,8.01,40025,8005.0,1,0.4,1.0225,0.40900000000000003
2024-12-06,BANKINDIA,12,GOLD,09:15,114.35,15:29,113.58,-0.67,EOD,8.01,40025,8005.0,0,0.26666666666666666,0.35,0.09333333333333332
2024-12-06,GABRIEL,13,GOLD,09:15,439.45,15:29,479.0,9.0,EOD,8.01,40025,8005.0,1,0.2,2.125,0.42500000000000004
2024-12-09,INOXWIND,1,ENTERPRISE-Dryup,09:15,205.18,15:29,205.23,0.02,EOD,-1.25,-6272,-1254.4,1,1.0,1.0025,1.0025
2024-12-09,ZEEL,2,GOLD,09:15,140.53,15:29,137.96,-1.83,EOD,-1.25,-6272,-1254.4,0,0.9333333333333333,0.35,0.32666666666666666
2024-12-09,IGL,3,PREMIUM-Compression,09:15,193.5,15:29,193.3,-0.1,EOD,-1.25,-6272,-1254.4,0,0.8666666666666667,0.35,0.30333333333333334
2024-12-09,GRSE,4,GOLD,09:15,1787.0,15:29,1755.7,-1.75,EOD,-1.25,-6272,-1254.4,0,0.8,0.35,0.27999999999999997
2024-12-09,J&KBANK,6,GOLD,09:15,106.9,15:29,105.01,-1.77,EOD,-1.25,-6272,-1254.4,0,0.6666666666666666,0.35,0.2333333333333333
2024-12-09,IREDA,8,GOLD,09:15,222.15,15:29,221.0,-0.52,EOD,-1.25,-6272,-1254.4,0,0.5333333333333333,0.35,0.18666666666666665
2024-12-09,BANKINDIA,9,GOLD,09:15,113.48,15:29,111.98,-1.32,EOD,-1.25,-6272,-1254.4,0,0.4666666666666667,0.35,0.16333333333333333
2024-12-09,CASTROLIND,10,GOLD,09:15,216.36,15:29,216.51,0.07,EOD,-1.25,-6272,-1254.4,1,0.4,1.00875,0.4035
2024-12-09,MAXHEALTH,12,GOLD,09:15,1062.05,15:29,1119.5,5.41,EOD,-1.25,-6272,-1254.4,1,0.26666666666666666,1.67625,0.447
2024-12-10,CLEAN,1,PREMIUM-Compression,09:15,1299.0,15:29,1397.45,7.58,EOD,11.94,59687,11937.4,1,1.0,1.9475,1.9475
2024-12-10,MAXHEALTH,7,GOLD,09:15,1117.0,15:29,1117.05,0.0,EOD,11.94,59687,11937.4,0,0.6,0.35,0.21
2024-12-10,RPOWER,8,GOLD,09:15,44.8,15:29,44.91,0.25,EOD,11.94,59687,11937.4,1,0.5333333333333333,1.03125,0.55
2024-12-10,KPRMILL,9,GOLD-baseline,09:15,1009.95,15:29,1024.0,1.39,EOD,11.94,59687,11937.4,1,0.4666666666666667,1.17375,0.5477500000000001
2024-12-10,SYRMA,10,ENTERPRISE-Dryup,09:15,557.7,15:29,580.0,4.0,EOD,11.94,59687,11937.4,1,0.4,1.5,0.6000000000000001
2024-12-10,CRISIL,12,ENTERPRISE-Dryup,09:15,5272.45,15:29,5433.85,3.06,EOD,11.94,59687,11937.4,1,0.26666666666666666,1.3825,0.3686666666666667
2024-12-10,TARIL,15,GOLD,09:15,515.0,15:29,519.0,0.78,EOD,11.94,59687,11937.4,1,0.06666666666666667,1.0975,0.07316666666666666
2024-12-11,PGEL,3,GOLD-baseline,09:15,860.0,11:45,843.0,-1.98,TRAIL,2.2,11021,2204.2,0,0.8666666666666667,0.35,0.30333333333333334
2024-12-11,POWERINDIA,4,ENTERPRISE-Dryup,09:15,12580.0,11:45,12584.35,0.03,TRAIL,2.2,11021,2204.2,1,0.8,1.00375,0.8029999999999999
2024-12-11,KPRMILL,5,GOLD-baseline,09:15,1029.9,11:45,1017.05,-1.25,TRAIL,2.2,11021,2204.2,0,0.7333333333333333,0.35,0.25666666666666665
2024-12-11,CHALET,7,GOLD-baseline,09:15,923.8,11:45,931.15,0.8,TRAIL,2.2,11021,2204.2,1,0.6,1.1,0.66
2024-12-11,MAXHEALTH,10,ENTERPRISE-Dryup,09:15,1110.05,11:45,1125.0,1.35,TRAIL,2.2,11021,2204.2,1,0.4,1.16875,0.4675
2024-12-11,TITAGARH,12,GOLD,09:15,1241.1,11:45,1322.1,6.53,TRAIL,2.2,11021,2204.2,1,0.26666666666666666,1.8162500000000001,0.48433333333333334
2024-12-11,RPOWER,13,GOLD,09:15,45.3,11:45,44.37,-2.05,TRAIL,2.2,11021,2204.2,0,0.2,0.35,0.06999999999999999
2024-12-12,PGEL,1,GOLD-baseline,09:15,847.0,15:29,855.0,0.94,EOD,9.24,46178,9235.6,1,1.0,1.1175,1.1175
2024-12-12,JBMA,2,GOLD-baseline,09:15,883.2,15:29,854.9,-3.2,EOD,9.24,46178,9235.6,0,0.9333333333333333,0.35,0.32666666666666666
2024-12-12,POWERINDIA,3,ENTERPRISE-Dryup,09:15,12735.0,15:29,13125.0,3.06,EOD,9.24,46178,9235.6,1,0.8666666666666667,1.3825,1.1981666666666668
2024-12-12,KPRMILL,4,GOLD,09:15,1024.0,15:29,1016.0,-0.78,EOD,9.24,46178,9235.6,0,0.8,0.35,0.27999999999999997
2024-12-12,CHALET,5,GOLD-baseline,09:15,927.1,15:29,1000.0,7.86,EOD,9.24,46178,9235.6,1,0.7333333333333333,1.9825,1.453833333333333
2024-12-12,RPOWER,8,GOLD,09:15,46.24,15:29,46.24,0.0,EOD,9.24,46178,9235.6,0,0.5333333333333333,0.35,0.18666666666666665
2024-12-12,BLS,9,GOLD,09:15,450.8,15:29,478.0,6.03,EOD,9.24,46178,9235.6,1,0.4666666666666667,1.7537500000000001,0.8184166666666668
2024-12-12,CRISIL,10,GOLD,09:15,5450.0,15:29,5530.0,1.47,EOD,9.24,46178,9235.6,1,0.4,1.18375,0.47350000000000003
2024-12-12,MAXHEALTH,12,GOLD-baseline,09:15,1132.0,15:29,1170.25,3.38,EOD,9.24,46178,9235.6,1,0.26666666666666666,1.4224999999999999,0.3793333333333333
2024-12-12,MANAPPURAM,15,ENTERPRISE-Dryup,09:15,178.0,15:29,178.45,0.25,EOD,9.24,46178,9235.6,1,0.06666666666666667,1.03125,0.06875
2024-12-13,PGEL,1,ENTERPRISE-Dryup,09:15,852.55,15:29,931.0,9.2,EOD,15.89,79470,15894.0,1,1.0,2.15,2.15
2024-12-13,TITAGARH,3,GOLD-baseline,09:15,1323.05,15:29,1306.0,-1.29,EOD,15.89,79470,15894.0,0,0.8666666666666667,0.35,0.30333333333333334
2024-12-13,JBMA,5,GOLD,09:15,851.0,15:29,884.0,3.88,EOD,15.89,79470,15894.0,1,0.7333333333333333,1.4849999999999999,1.0889999999999997
2024-12-13,LATENTVIEW,6,GOLD-baseline,09:15,508.05,15:29,507.0,-0.21,EOD,15.89,79470,15894.0,0,0.6666666666666666,0.35,0.2333333333333333
2024-12-13,GODFRYPHLP,9,GOLD,09:15,1990.0,15:29,2017.0,1.36,EOD,15.89,79470,15894.0,1,0.4666666666666667,1.17,0.5459999999999999
2024-12-13,KPRMILL,10,GOLD,09:15,1018.4,15:29,1084.35,6.48,EOD,15.89,79470,15894.0,1,0.4,1.81,0.7240000000000001
2024-12-13,DELHIVERY,12,GOLD-baseline,09:15,380.0,15:29,389.0,2.37,EOD,15.89,79470,15894.0,1,0.26666666666666666,1.2962500000000001,0.3456666666666667
2024-12-13,CRISIL,14,GOLD,09:15,5562.6,15:29,5890.0,5.89,EOD,15.89,79470,15894.0,1,0.13333333333333333,1.73625,0.2315
2024-12-13,SYRMA,15,GOLD-baseline,09:15,596.5,15:29,604.95,1.42,EOD,15.89,79470,15894.0,1,0.06666666666666667,1.1775,0.0785
2024-12-16,LATENTVIEW,2,GOLD,09:15,507.8,15:29,499.9,-1.56,EOD,0.31,1566,313.2,0,0.9333333333333333,0.35,0.32666666666666666
2024-12-16,TARIL,3,GOLD-baseline,09:15,570.0,15:29,576.0,1.05,EOD,0.31,1566,313.2,1,0.8666666666666667,1.13125,0.9804166666666668
2024-12-16,MANAPPURAM,4,GOLD-baseline,09:15,182.1,15:29,185.51,1.87,EOD,0.31,1566,313.2,1,0.8,1.2337500000000001,0.9870000000000001
2024-12-16,TITAGARH,5,GOLD,09:15,1308.6,15:29,1337.0,2.17,EOD,0.31,1566,313.2,1,0.7333333333333333,1.27125,0.9322499999999999
2024-12-16,BLS,6,GOLD-baseline,09:15,469.8,15:29,470.4,0.13,EOD,0.31,1566,313.2,1,0.6666666666666666,1.01625,0.6775
2024-12-16,POWERINDIA,10,ENTERPRISE-Dryup,09:15,13024.7,15:29,13205.0,1.38,EOD,0.31,1566,313.2,1,0.4,1.1724999999999999,0.469
2024-12-16,MAXHEALTH,13,GOLD-baseline,09:15,1180.05,15:29,1181.0,0.08,EOD,0.31,1566,313.2,1,0.2,1.01,0.202
2024-12-16,CHALET,14,GOLD-baseline,09:15,1007.55,15:29,973.0,-3.43,EOD,0.31,1566,313.2,0,0.13333333333333333,0.35,0.04666666666666666
2024-12-16,SYRMA,15,GOLD-baseline,09:15,613.0,15:29,608.9,-0.67,EOD,0.31,1566,313.2,0,0.06666666666666667,0.35,0.02333333333333333
2024-12-17,AEGISLOG,4,ENTERPRISE-Dryup,09:15,772.0,09:15,772.25,0.03,HARD_STOP,-3.36,-16807,-3361.4,1,0.8,1.00375,0.8029999999999999
2024-12-17,CARTRADE,7,ENTERPRISE-Dryup,09:15,1500.0,09:15,1494.55,-0.36,HARD_STOP,-3.36,-16807,-3361.4,0,0.6,0.35,0.21
2024-12-17,BLUEJET,10,GOLD-baseline,09:15,525.0,09:15,517.8,-1.37,HARD_STOP,-3.36,-16807,-3361.4,0,0.4,0.35,0.13999999999999999
2024-12-17,KFINTECH,11,ENTERPRISE-Dryup,09:15,1249.9,09:15,1248.6,-0.1,HARD_STOP,-3.36,-16807,-3361.4,0,0.3333333333333333,0.35,0.11666666666666665
2024-12-17,MANKIND,13,GOLD,09:15,2735.0,09:15,2725.35,-0.35,HARD_STOP,-3.36,-16807,-3361.4,0,0.2,0.35,0.06999999999999999
2024-12-17,POWERINDIA,14,ENTERPRISE-Dryup,09:15,13234.5,09:15,13185.35,-0.37,HARD_STOP,-3.36,-16807,-3361.4,0,0.13333333333333333,0.35,0.04666666666666666
2024-12-17,KPRMILL,15,GOLD-baseline,09:15,1096.75,09:15,1076.6,-1.84,HARD_STOP,-3.36,-16807,-3361.4,0,0.06666666666666667,0.35,0.02333333333333333
2024-12-18,TECHNOE,2,GOLD,09:15,1501.2,10:08,1499.35,-0.12,TRAIL,2.84,14187,2837.4,0,0.9333333333333333,0.35,0.32666666666666666
2024-12-18,KFINTECH,5,ENTERPRISE-Dryup,09:15,1243.0,10:08,1263.45,1.65,TRAIL,2.84,14187,2837.4,1,0.7333333333333333,1.20625,0.8845833333333333
2024-12-18,AEGISLOG,7,ENTERPRISE-Dryup,09:15,782.85,10:08,779.5,-0.43,TRAIL,2.84,14187,2837.4,0,0.6,0.35,0.21
2024-12-18,GICRE,8,GOLD,09:15,428.2,10:08,440.8,2.94,TRAIL,2.84,14187,2837.4,1,0.5333333333333333,1.3675,0.7293333333333333
2024-12-18,CARTRADE,9,ENTERPRISE-Dryup,09:15,1534.5,10:08,1561.95,1.79,TRAIL,2.84,14187,2837.4,1,0.4666666666666667,1.22375,0.5710833333333333
2024-12-18,KPRMILL,11,GOLD-baseline,09:15,1075.9,10:08,1085.4,0.88,TRAIL,2.84,14187,2837.4,1,0.3333333333333333,1.11,0.37
2024-12-18,HONASA,12,ENTERPRISE-Dryup,09:15,245.0,10:08,245.3,0.12,TRAIL,2.84,14187,2837.4,1,0.26666666666666666,1.015,0.2706666666666666
2024-12-18,POWERINDIA,13,ENTERPRISE-Dryup,09:15,13199.05,10:08,12950.0,-1.89,TRAIL,2.84,14187,2837.4,0,0.2,0.35,0.06999999999999999
2024-12-19,AEGISLOG,2,ENTERPRISE-Dryup,09:15,780.0,15:29,759.95,-2.57,EOD,20.9,104496,20899.2,0,0.9333333333333333,0.35,0.32666666666666666
2024-12-19,FIVESTAR,3,GOLD-baseline,09:15,711.95,15:29,748.65,5.15,EOD,20.9,104496,20899.2,1,0.8666666666666667,1.64375,1.4245833333333333
2024-12-19,ZENTEC,5,GOLD-baseline,09:15,2316.9,15:29,2435.0,5.1,EOD,20.9,104496,20899.2,1,0.7333333333333333,1.6375,1.2008333333333332
2024-12-19,NEWGEN,6,GOLD-baseline,09:15,1466.0,15:29,1525.0,4.02,EOD,20.9,104496,20899.2,1,0.6666666666666666,1.5025,1.0016666666666665
2024-12-19,ANANTRAJ,8,GOLD-baseline,09:15,780.0,15:29,838.0,7.44,EOD,20.9,104496,20899.2,1,0.5333333333333333,1.9300000000000002,1.0293333333333334
2024-12-19,CARTRADE,9,ENTERPRISE-Dryup,09:15,1465.65,15:29,1539.0,5.0,EOD,20.9,104496,20899.2,1,0.4666666666666667,1.625,0.7583333333333333
2024-12-19,GVT&D,11,ENTERPRISE-Dryup,09:15,2020.0,15:29,2102.0,4.06,EOD,20.9,104496,20899.2,1,0.3333333333333333,1.5074999999999998,0.5025
2024-12-19,POWERINDIA,15,ENTERPRISE-Dryup,09:15,12400.0,15:29,13100.0,5.65,EOD,20.9,104496,20899.2,1,0.06666666666666667,1.70625,0.11375
2024-12-20,ACE,1,GOLD-baseline,09:15,1515.0,15:29,1492.9,-1.46,EOD,23.5,117519,23503.8,0,1.0,0.35,0.35
2024-12-20,AEGISLOG,2,ENTERPRISE-Dryup,09:15,767.35,15:29,840.0,9.47,EOD,23.5,117519,23503.8,1,0.9333333333333333,2.18375,2.0381666666666667
2024-12-20,TECHNOE,3,GOLD,09:15,1540.0,15:29,1635.0,6.17,EOD,23.5,117519,23503.8,1,0.8666666666666667,1.77125,1.5350833333333334
2024-12-20,FIVESTAR,4,GOLD-baseline,09:15,753.9,15:29,757.0,0.41,EOD,23.5,117519,23503.8,1,0.8,1.05125,0.8410000000000001
2024-12-20,GICRE,5,GOLD,09:15,432.1,15:29,502.75,16.35,EOD,23.5,117519,23503.8,1,0.7333333333333333,2.875,2.1083333333333334
2024-12-20,ZENTEC,7,GOLD-baseline,09:15,2448.0,15:29,2571.8,5.06,EOD,23.5,117519,23503.8,1,0.6,1.6324999999999998,0.9794999999999998
2024-12-20,NEWGEN,9,GOLD-baseline,09:15,1534.9,15:29,1574.0,2.55,EOD,23.5,117519,23503.8,1,0.4666666666666667,1.31875,0.6154166666666667
2024-12-20,KPRMILL,12,GOLD-baseline,09:15,1145.0,15:29,1139.0,-0.52,EOD,23.5,117519,23503.8,0,0.26666666666666666,0.35,0.09333333333333332
2024-12-23,ACE,1,GOLD-baseline,09:15,1506.05,09:23,1506.25,0.01,HARD_STOP,-4.13,-20667,-4133.4,1,1.0,1.00125,1.00125
2024-12-23,ANANTRAJ,6,GOLD-baseline,09:15,858.85,09:23,862.4,0.41,HARD_STOP,-4.13,-20667,-4133.4,1,0.6666666666666666,1.05125,0.7008333333333333
2024-12-23,KFINTECH,8,GOLD-baseline,09:15,1435.0,09:23,1415.2,-1.38,HARD_STOP,-4.13,-20667,-4133.4,0,0.5333333333333333,0.35,0.18666666666666665
2024-12-23,POWERINDIA,12,ENTERPRISE-Dryup,09:15,13410.25,09:23,13339.9,-0.52,HARD_STOP,-4.13,-20667,-4133.4,0,0.26666666666666666,0.35,0.09333333333333332
2024-12-23,IPCALAB,13,GOLD-baseline,09:15,1597.0,09:23,1588.9,-0.51,HARD_STOP,-4.13,-20667,-4133.4,0,0.2,0.35,0.06999999999999999
2024-12-23,KPRMILL,14,GOLD-baseline,09:15,1149.5,09:23,1132.45,-1.48,HARD_STOP,-4.13,-20667,-4133.4,0,0.13333333333333333,0.35,0.04666666666666666
2024-12-23,HONASA,15,GOLD,09:15,262.5,09:23,257.3,-1.98,HARD_STOP,-4.13,-20667,-4133.4,0,0.06666666666666667,0.35,0.02333333333333333
2024-12-24,AJANTPHARM,1,ENTERPRISE-Dryup,09:15,2818.75,15:29,2799.95,-0.67,EOD,12.55,62766,12553.2,0,1.0,0.35,0.35
2024-12-24,GRSE,2,ENTERPRISE-Dryup,09:15,1571.8,15:29,1564.5,-0.46,EOD,12.55,62766,12553.2,0,0.9333333333333333,0.35,0.32666666666666666
2024-12-24,ACUTAAS,8,ENTERPRISE-Dryup,09:15,1074.1,15:29,1150.0,7.07,EOD,12.55,62766,12553.2,1,0.5333333333333333,1.88375,1.0046666666666666
2024-12-24,HSCL,11,GOLD,09:15,549.8,15:29,552.5,0.49,EOD,12.55,62766,12553.2,1,0.3333333333333333,1.06125,0.35375
2024-12-24,ELECON,12,ENTERPRISE-Dryup,09:15,604.15,15:29,624.6,3.38,EOD,12.55,62766,12553.2,1,0.26666666666666666,1.4224999999999999,0.3793333333333333
2024-12-24,SOLARINDS,13,ENTERPRISE-Dryup,09:15,9704.7,15:29,10140.0,4.49,EOD,12.55,62766,12553.2,1,0.2,1.56125,0.31225
2024-12-24,SIGNATURE,14,ENTERPRISE-Dryup,09:15,1245.0,15:29,1290.1,3.62,EOD,12.55,62766,12553.2,1,0.13333333333333333,1.4525000000000001,0.19366666666666668
2024-12-26,AJANTPHARM,1,PREMIUM-Compression,09:15,2790.0,15:29,2785.0,-0.18,EOD,4.89,24448,4889.6,0,1.0,0.35,0.35
2024-12-26,GRSE,2,ENTERPRISE-Dryup,09:15,1569.8,15:29,1552.0,-1.13,EOD,4.89,24448,4889.6,0,0.9333333333333333,0.35,0.32666666666666666
2024-12-26,PTCIL,3,GOLD-baseline,09:15,12396.3,15:29,12270.0,-1.02,EOD,4.89,24448,4889.6,0,0.8666666666666667,0.35,0.30333333333333334
2024-12-26,PGEL,5,ENTERPRISE-Dryup,09:15,975.0,15:29,964.1,-1.12,EOD,4.89,24448,4889.6,0,0.7333333333333333,0.35,0.25666666666666665
2024-12-26,INTELLECT,6,GOLD-baseline,09:15,915.3,15:29,1012.0,10.56,EOD,4.89,24448,4889.6,1,0.6666666666666666,2.3200000000000003,1.5466666666666669
2024-12-26,DEVYANI,7,GOLD-baseline,09:15,181.0,15:29,183.0,1.1,EOD,4.89,24448,4889.6,1,0.6,1.1375,0.6825
2024-12-26,CAPLIPOINT,9,ENTERPRISE-Dryup,09:15,2410.0,15:29,2400.0,-0.41,EOD,4.89,24448,4889.6,0,0.4666666666666667,0.35,0.16333333333333333
2024-12-26,AWL,12,GOLD,09:15,318.65,15:29,320.0,0.42,EOD,4.89,24448,4889.6,1,0.26666666666666666,1.0525,0.2806666666666667
2024-12-27,GRSE,1,ENTERPRISE-Dryup,09:15,1558.3,15:29,1680.0,7.81,EOD,25.73,128655,25731.0,1,1.0,1.9762499999999998,1.9762499999999998
2024-12-27,AJANTPHARM,2,PREMIUM-Compression,09:15,2795.35,15:29,3020.0,8.04,EOD,25.73,128655,25731.0,1,0.9333333333333333,2.005,1.8713333333333333
2024-12-27,PTCIL,3,GOLD-baseline,09:15,12208.0,15:29,13583.65,11.27,EOD,25.73,128655,25731.0,1,0.8666666666666667,2.40875,2.0875833333333333
2024-12-27,PGEL,4,ENTERPRISE-Dryup,09:15,975.0,15:29,992.0,1.74,EOD,25.73,128655,25731.0,1,0.8,1.2175,0.9740000000000001
2024-12-27,DEVYANI,5,GOLD-baseline,09:15,183.58,15:29,194.3,5.84,EOD,25.73,128655,25731.0,1,0.7333333333333333,1.73,1.2686666666666666
2024-12-27,CAPLIPOINT,9,ENTERPRISE-Dryup,09:15,2400.0,15:29,2620.0,9.17,EOD,25.73,128655,25731.0,1,0.4666666666666667,2.14625,1.0015833333333335
2024-12-27,ACUTAAS,10,GOLD,09:15,1141.4,15:29,1132.4,-0.79,EOD,25.73,128655,25731.0,0,0.4,0.35,0.13999999999999999
2024-12-27,CEATLTD,13,ENTERPRISE-Dryup,09:15,3138.0,15:29,3247.8,3.5,EOD,25.73,128655,25731.0,1,0.2,1.4375,0.28750000000000003
2024-12-27,DCMSHRIRAM,15,GOLD,09:15,1092.45,15:29,1094.9,0.22,EOD,25.73,128655,25731.0,1,0.06666666666666667,1.0275,0.0685
2024-12-30,INTELLECT,7,GOLD-baseline,09:15,998.05,09:18,1017.05,1.9,HARD_STOP,-4.34,-21722,-4344.4,1,0.6,1.2375,0.7425
2024-12-30,AMBER,8,GOLD-baseline,09:15,7404.55,09:18,7363.15,-0.56,HARD_STOP,-4.34,-21722,-4344.4,0,0.5333333333333333,0.35,0.18666666666666665
2024-12-30,ACUTAAS,9,GOLD,09:15,1134.4,09:18,1130.4,-0.35,HARD_STOP,-4.34,-21722,-4344.4,0,0.4666666666666667,0.35,0.16333333333333333
2024-12-30,SOLARINDS,11,ENTERPRISE-Dryup,09:15,10204.0,09:18,10110.0,-0.92,HARD_STOP,-4.34,-21722,-4344.4,0,0.3333333333333333,0.35,0.11666666666666665
2024-12-30,HSCL,13,GOLD-baseline,09:15,581.55,09:18,570.0,-1.99,HARD_STOP,-4.34,-21722,-4344.4,0,0.2,0.35,0.06999999999999999
2024-12-30,ELECON,14,GOLD,09:15,642.35,09:18,637.6,-0.74,HARD_STOP,-4.34,-21722,-4344.4,0,0.13333333333333333,0.35,0.04666666666666666
2024-12-30,KFINTECH,15,GOLD-baseline,09:15,1511.45,09:18,1464.75,-3.09,HARD_STOP,-4.34,-21722,-4344.4,0,0.06666666666666667,0.35,0.02333333333333333
2024-12-31,MAHABANK,1,ENTERPRISE-Dryup,09:15,51.1,15:29,52.0,1.76,EOD,6.89,34453,6890.6,1,1.0,1.22,1.22
2024-12-31,DMART,2,GOLD-baseline,09:15,3555.0,15:29,3559.55,0.13,EOD,6.89,34453,6890.6,1,0.9333333333333333,1.01625,0.9485000000000001
2024-12-31,CHOLAHLDNG,3,ENTERPRISE-Dryup,09:15,1430.0,15:29,1395.8,-2.39,EOD,6.89,34453,6890.6,0,0.8666666666666667,0.35,0.30333333333333334
2024-12-31,SAMMAANCAP,4,ENTERPRISE-Dryup,09:15,149.6,15:29,150.96,0.91,EOD,6.89,34453,6890.6,1,0.8,1.11375,0.891
2024-12-31,RAILTEL,5,ENTERPRISE-Dryup,09:15,390.05,15:29,403.5,3.45,EOD,6.89,34453,6890.6,1,0.7333333333333333,1.43125,1.049583333333333
2024-12-31,SHYAMMETL,6,ENTERPRISE-Dryup,09:15,715.1,15:29,725.85,1.5,EOD,6.89,34453,6890.6,1,0.6666666666666666,1.1875,0.7916666666666666
2024-12-31,SAREGAMA,7,GOLD-baseline,09:15,461.45,15:29,464.0,0.55,EOD,6.89,34453,6890.6,1,0.6,1.06875,0.64125
2024-12-31,OIL,8,GOLD,09:15,420.75,15:29,430.9,2.41,EOD,6.89,34453,6890.6,1,0.5333333333333333,1.30125,0.694
2024-12-31,LATENTVIEW,9,ENTERPRISE-Dryup,09:15,465.5,15:29,489.7,5.2,EOD,6.89,34453,6890.6,1,0.4666666666666667,1.65,0.77
2024-12-31,SUNDARMFIN,10,ENTERPRISE-Dryup,09:15,4220.2,15:29,4194.0,-0.62,EOD,6.89,34453,6890.6,0,0.4,0.35,0.13999999999999999
2024-12-31,PTCIL,11,GOLD-baseline,09:15,13487.0,15:29,13200.0,-2.13,EOD,6.89,34453,6890.6,0,0.3333333333333333,0.35,0.11666666666666665
2024-12-31,HUDCO,13,ENTERPRISE-Dryup,09:15,226.9,15:29,234.84,3.5,EOD,6.89,34453,6890.6,1,0.2,1.4375,0.28750000000000003
2024-12-31,TARIL,14,GOLD,09:15,540.0,15:29,572.5,6.02,EOD,6.89,34453,6890.6,1,0.13333333333333333,1.7525,0.23366666666666666
2024-12-31,VIJAYA,15,GOLD,09:15,1055.95,15:29,1054.6,-0.13,EOD,6.89,34453,6890.6,0,0.06666666666666667,0.35,0.02333333333333333
2025-01-01,CHOLAHLDNG,2,ENTERPRISE-Dryup,09:15,1400.2,15:29,1392.0,-0.59,EOD,6.89,34456,6891.2,0,0.9333333333333333,0.35,0.32666666666666666
2025-01-01,SHYAMMETL,3,GOLD,09:15,726.8,15:29,738.0,1.54,EOD,6.89,34456,6891.2,1,0.8666666666666667,1.1925,1.0334999999999999
2025-01-01,DMART,5,PREMIUM-Compression,09:15,3560.0,15:29,3562.0,0.06,EOD,6.89,34456,6891.2,1,0.7333333333333333,1.0075,0.7388333333333333
2025-01-01,SAREGAMA,6,GOLD,09:15,460.3,15:29,480.1,4.3,EOD,6.89,34456,6891.2,1,0.6666666666666666,1.5375,1.025
2025-01-01,SAMMAANCAP,7,PREMIUM-Compression,09:15,151.0,15:29,152.7,1.13,EOD,6.89,34456,6891.2,1,0.6,1.1412499999999999,0.6847499999999999
2025-01-01,AWL,9,PREMIUM-Pullback,09:15,308.0,15:29,327.7,6.4,EOD,6.89,34456,6891.2,1,0.4666666666666667,1.8,0.8400000000000001
2025-01-01,SUNDARMFIN,10,ENTERPRISE-Dryup,09:15,4193.7,15:29,4097.0,-2.31,EOD,6.89,34456,6891.2,0,0.4,0.35,0.13999999999999999
2025-01-01,POLYMED,11,GOLD-baseline,09:15,2620.0,15:29,2678.65,2.24,EOD,6.89,34456,6891.2,1,0.3333333333333333,1.28,0.42666666666666664
2025-01-01,PTCIL,12,GOLD-baseline,09:15,13249.5,15:29,13330.0,0.61,EOD,6.89,34456,6891.2,1,0.26666666666666666,1.07625,0.287
2025-01-01,VIJAYA,14,ENTERPRISE-Dryup,09:15,1050.0,15:29,1060.0,0.95,EOD,6.89,34456,6891.2,1,0.13333333333333333,1.11875,0.14916666666666664
2025-01-02,FORCEMOT,2,ENTERPRISE-Dryup,09:15,6698.0,15:29,7181.0,7.21,EOD,28.52,142607,28521.4,1,0.9333333333333333,1.90125,1.7745000000000002
2025-01-02,OIL,3,GOLD,09:15,435.65,15:29,464.0,6.51,EOD,28.52,142607,28521.4,1,0.8666666666666667,1.81375,1.5719166666666666
2025-01-02,DMART,4,PREMIUM-Compression,09:15,3564.95,15:29,3615.3,1.41,EOD,28.52,142607,28521.4,1,0.8,1.17625,0.9410000000000001
2025-01-02,CHOLAHLDNG,5,PREMIUM-Compression,09:15,1399.4,15:29,1497.55,7.01,EOD,28.52,142607,28521.4,1,0.7333333333333333,1.87625,1.3759166666666665
2025-01-02,SUNDARMFIN,6,ENTERPRISE-Dryup,09:15,4125.65,15:29,4726.0,14.55,EOD,28.52,142607,28521.4,1,0.6666666666666666,2.81875,1.8791666666666667
2025-01-02,HUDCO,7,GOLD,09:15,238.0,15:29,242.65,1.95,EOD,28.52,142607,28521.4,1,0.6,1.24375,0.74625
2025-01-02,EICHERMOT,10,ENTERPRISE-Dryup,09:15,4885.0,15:29,5303.0,8.56,EOD,28.52,142607,28521.4,1,0.4,2.0700000000000003,0.8280000000000002
2025-01-02,CARTRADE,12,ENTERPRISE-Dryup,09:15,1516.65,15:29,1601.0,5.56,EOD,28.52,142607,28521.4,1,0.26666666666666666,1.6949999999999998,0.45199999999999996
2025-01-02,IGL,14,PREMIUM-Compression,09:15,205.5,15:29,215.0,4.62,EOD,28.52,142607,28521.4,1,0.13333333333333333,1.5775000000000001,0.21033333333333334
2025-01-02,MAHABANK,15,PREMIUM-Compression,09:15,52.59,15:29,52.7,0.21,EOD,28.52,142607,28521.4,1,0.06666666666666667,1.02625,0.06841666666666667
2025-01-03,DMART,1,ENTERPRISE-Dryup,09:15,3840.0,15:29,4012.75,4.5,EOD,27.82,139105,27821.0,1,1.0,1.5625,1.5625
2025-01-03,SAREGAMA,2,GOLD,09:15,478.25,15:29,532.6,11.36,EOD,27.82,139105,27821.0,1,0.9333333333333333,2.42,2.2586666666666666
2025-01-03,SHYAMMETL,6,GOLD,09:15,740.0,15:29,780.0,5.41,EOD,27.82,139105,27821.0,1,0.6666666666666666,1.67625,1.1175
2025-01-03,IREDA,7,GOLD,09:15,221.58,15:29,229.6,3.62,EOD,27.82,139105,27821.0,1,0.6,1.4525000000000001,0.8715
2025-01-03,RITES,9,GOLD,09:15,300.0,15:29,294.8,-1.73,EOD,27.82,139105,27821.0,0,0.4666666666666667,0.35,0.16333333333333333
2025-01-03,ITI,11,GOLD-baseline,09:15,385.5,15:29,457.1,18.57,EOD,27.82,139105,27821.0,1,0.3333333333333333,2.875,0.9583333333333333
2025-01-03,MAHABANK,12,ENTERPRISE-Dryup,09:15,54.71,15:29,55.29,1.06,EOD,27.82,139105,27821.0,1,0.26666666666666666,1.1325,0.302
2025-01-03,HUDCO,14,GOLD,09:15,242.85,15:29,248.05,2.14,EOD,27.82,139105,27821.0,1,0.13333333333333333,1.2675,0.169
2025-01-06,TARIL,1,GOLD-baseline,09:15,637.0,09:15,634.5,-0.39,HARD_STOP,-3.91,-19562,-3912.4,0,1.0,0.35,0.35
2025-01-06,FORCEMOT,2,GOLD-baseline,09:15,7315.0,09:15,7268.9,-0.63,HARD_STOP,-3.91,-19562,-3912.4,0,0.9333333333333333,0.35,0.32666666666666666
2025-01-06,SUNDARMFIN,7,GOLD-baseline,09:15,4663.8,09:15,4583.95,-1.71,HARD_STOP,-3.91,-19562,-3912.4,0,0.6,0.35,0.21
2025-01-06,AWL,10,PREMIUM-Compression,09:15,331.0,09:15,331.5,0.15,HARD_STOP,-3.91,-19562,-3912.4,1,0.4,1.01875,0.40750000000000003
2025-01-06,RITES,12,GOLD-baseline,09:15,295.5,09:15,292.1,-1.15,HARD_STOP,-3.91,-19562,-3912.4,0,0.26666666666666666,0.35,0.09333333333333332
2025-01-06,CREDITACC,14,GOLD-baseline,09:15,934.55,09:15,926.85,-0.82,HARD_STOP,-3.91,-19562,-3912.4,0,0.13333333333333333,0.35,0.04666666666666666
2025-01-06,HUDCO,15,GOLD,09:15,247.7,09:15,246.26,-0.58,HARD_STOP,-3.91,-19562,-3912.4,0,0.06666666666666667,0.35,0.02333333333333333
2025-01-07,SRF,1,PREMIUM-Compression,09:15,2271.0,15:29,2304.0,1.45,EOD,10.58,52920,10584.0,1,1.0,1.18125,1.18125
2025-01-07,SHYAMMETL,2,GOLD,09:15,757.55,15:29,782.2,3.25,EOD,10.58,52920,10584.0,1,0.9333333333333333,1.40625,1.3125
2025-01-07,JSWDULUX,3,ENTERPRISE-Dryup,09:15,3440.0,15:29,3636.35,5.71,EOD,10.58,52920,10584.0,1,0.8666666666666667,1.71375,1.4852500000000002
2025-01-07,ANANDRATHI,4,ENTERPRISE-Dryup,09:15,1934.5,15:29,1940.3,0.3,EOD,10.58,52920,10584.0,1,0.8,1.0375,0.8300000000000001
2025-01-07,LLOYDSME,6,GOLD-baseline,09:15,1405.0,15:29,1416.7,0.83,EOD,10.58,52920,10584.0,1,0.6666666666666666,1.10375,0.7358333333333333
2025-01-07,VIJAYA,7,GOLD-baseline,09:15,1153.0,15:29,1195.0,3.64,EOD,10.58,52920,10584.0,1,0.6,1.455,0.873
2025-01-07,BDL,8,ENTERPRISE-Dryup,09:15,1113.15,15:29,1182.35,6.22,EOD,10.58,52920,10584.0,1,0.5333333333333333,1.7774999999999999,0.948
2025-01-07,AARTIIND,9,GOLD,09:15,406.0,15:29,405.5,-0.12,EOD,10.58,52920,10584.0,0,0.4666666666666667,0.35,0.16333333333333333
2025-01-07,RKFORGE,10,GOLD,09:15,908.45,15:29,916.1,0.84,EOD,10.58,52920,10584.0,1,0.4,1.105,0.442
2025-01-07,NAVINFLUOR,12,ENTERPRISE-Dryup,09:15,3350.0,15:29,3480.0,3.88,EOD,10.58,52920,10584.0,1,0.26666666666666666,1.4849999999999999,0.39599999999999996
2025-01-07,UBL,14,GOLD,09:15,2055.0,15:29,2075.0,0.97,EOD,10.58,52920,10584.0,1,0.13333333333333333,1.12125,0.14950000000000002
2025-01-07,MARICO,15,GOLD-baseline,09:15,645.3,15:29,639.65,-0.88,EOD,10.58,52920,10584.0,0,0.06666666666666667,0.35,0.02333333333333333
2025-01-08,SRF,1,GOLD,09:15,2298.1,09:27,2319.9,0.95,HARD_STOP,-3.39,-16929,-3385.8,1,1.0,1.11875,1.11875
2025-01-08,ANANDRATHI,4,PREMIUM-Compression,09:15,1964.8,09:27,1939.8,-1.27,HARD_STOP,-3.39,-16929,-3385.8,0,0.8,0.35,0.27999999999999997
2025-01-08,AARTIIND,7,GOLD,09:15,405.5,09:27,398.4,-1.75,HARD_STOP,-3.39,-16929,-3385.8,0,0.6,0.35,0.21
2025-01-08,CONCORDBIO,9,ENTERPRISE-Dryup,09:15,2175.0,09:27,2169.8,-0.24,HARD_STOP,-3.39,-16929,-3385.8,0,0.4666666666666667,0.35,0.16333333333333333
2025-01-08,RKFORGE,11,GOLD,09:15,920.0,09:27,909.3,-1.16,HARD_STOP,-3.39,-16929,-3385.8,0,0.3333333333333333,0.35,0.11666666666666665
2025-01-08,UBL,13,ENTERPRISE-Dryup,09:15,2080.0,09:27,2073.6,-0.31,HARD_STOP,-3.39,-16929,-3385.8,0,0.2,0.35,0.06999999999999999
2025-01-09,SHYAMMETL,1,GOLD,09:15,780.45,15:29,790.0,1.22,EOD,10.25,51270,10254.0,1,1.0,1.1525,1.1525
2025-01-09,SRF,2,GOLD-baseline,09:15,2500.0,15:29,2663.0,6.52,EOD,10.25,51270,10254.0,1,0.9333333333333333,1.815,1.694
2025-01-09,JSWDULUX,3,GOLD-baseline,09:15,3626.3,15:29,3741.15,3.17,EOD,10.25,51270,10254.0,1,0.8666666666666667,1.39625,1.2100833333333334
2025-01-09,ANANDRATHI,4,GOLD-baseline,09:15,1994.95,15:29,1974.15,-1.04,EOD,10.25,51270,10254.0,0,0.8,0.35,0.27999999999999997
2025-01-09,AARTIIND,5,GOLD,09:15,398.55,15:29,414.7,4.05,EOD,10.25,51270,10254.0,1,0.7333333333333333,1.50625,1.1045833333333333
2025-01-09,PTCIL,6,GOLD-baseline,09:15,17252.0,15:29,17305.0,0.31,EOD,10.25,51270,10254.0,1,0.6666666666666666,1.03875,0.6925
2025-01-09,VIJAYA,7,GOLD-baseline,09:15,1207.6,15:29,1216.75,0.76,EOD,10.25,51270,10254.0,1,0.6,1.095,0.6569999999999999
2025-01-09,LLOYDSME,8,GOLD-baseline,09:15,1426.0,15:29,1433.0,0.49,EOD,10.25,51270,10254.0,1,0.5333333333333333,1.06125,0.5660000000000001
2025-01-09,UBL,9,GOLD-baseline,09:15,1991.1,15:29,2002.0,0.55,EOD,10.25,51270,10254.0,1,0.4666666666666667,1.06875,0.49875
2025-01-09,RKFORGE,10,GOLD,09:15,909.55,15:29,904.0,-0.61,EOD,10.25,51270,10254.0,0,0.4,0.35,0.13999999999999999
2025-01-09,BDL,11,ENTERPRISE-Dryup,09:15,1177.0,15:29,1191.0,1.19,EOD,10.25,51270,10254.0,1,0.3333333333333333,1.14875,0.3829166666666666
2025-01-09,NAVINFLUOR,12,GOLD,09:15,3590.3,15:29,3822.55,6.47,EOD,10.25,51270,10254.0,1,0.26666666666666666,1.8087499999999999,0.4823333333333333
2025-01-09,MARICO,13,GOLD,09:15,639.0,15:29,666.95,4.37,EOD,10.25,51270,10254.0,1,0.2,1.5462500000000001,0.30925
2025-01-10,SHYAMMETL,1,ENTERPRISE-Dryup,09:15,787.0,09:15,745.45,-5.28,HARD_STOP,-4.56,-22816,-4563.2,0,1.0,0.35,0.35
2025-01-10,LLOYDSME,5,ENTERPRISE-Dryup,09:15,1435.0,09:15,1434.9,-0.01,HARD_STOP,-4.56,-22816,-4563.2,0,0.7333333333333333,0.35,0.25666666666666665
2025-01-10,PTCIL,6,GOLD-baseline,09:15,17310.05,09:15,17372.7,0.36,HARD_STOP,-4.56,-22816,-4563.2,1,0.6666666666666666,1.045,0.6966666666666665
2025-01-10,VIJAYA,7,GOLD-baseline,09:15,1230.0,09:15,1213.4,-1.35,HARD_STOP,-4.56,-22816,-4563.2,0,0.6,0.35,0.21
2025-01-10,UBL,9,GOLD-baseline,09:15,2013.35,09:15,2000.55,-0.64,HARD_STOP,-4.56,-22816,-4563.2,0,0.4666666666666667,0.35,0.16333333333333333
2025-01-10,RKFORGE,10,GOLD,09:15,904.1,09:15,909.75,0.62,HARD_STOP,-4.56,-22816,-4563.2,1,0.4,1.0775,0.431
2025-01-10,BDL,11,ENTERPRISE-Dryup,09:15,1191.0,09:15,1185.5,-0.46,HARD_STOP,-4.56,-22816,-4563.2,0,0.3333333333333333,0.35,0.11666666666666665
2025-01-10,INDIAMART,12,GOLD,09:15,2315.05,09:15,2311.5,-0.15,HARD_STOP,-4.56,-22816,-4563.2,0,0.26666666666666666,0.35,0.09333333333333332
2025-01-13,SHYAMMETL,1,GOLD-baseline,09:15,779.7,09:16,774.35,-0.69,HARD_STOP,-3.39,-16945,-3389.0,0,1.0,0.35,0.35
2025-01-13,SRF,2,GOLD-baseline,09:15,2557.0,09:16,2572.5,0.61,HARD_STOP,-3.39,-16945,-3389.0,1,0.9333333333333333,1.07625,1.0045
2025-01-13,LLOYDSME,3,ENTERPRISE-Dryup,09:15,1441.9,09:16,1412.1,-2.07,HARD_STOP,-3.39,-16945,-3389.0,0,0.8666666666666667,0.35,0.30333333333333334
2025-01-13,JSWDULUX,5,GOLD-baseline,09:15,3750.0,09:16,3680.35,-1.86,HARD_STOP,-3.39,-16945,-3389.0,0,0.7333333333333333,0.35,0.25666666666666665
2025-01-13,PTCIL,6,GOLD-baseline,09:15,17200.0,09:16,17050.0,-0.87,HARD_STOP,-3.39,-16945,-3389.0,0,0.6666666666666666,0.35,0.2333333333333333
2025-01-13,VIJAYA,7,GOLD-baseline,09:15,1243.5,09:16,1260.9,1.4,HARD_STOP,-3.39,-16945,-3389.0,1,0.6,1.175,0.705
2025-01-13,UBL,9,GOLD,09:15,2012.0,09:16,2004.95,-0.35,HARD_STOP,-3.39,-16945,-3389.0,0,0.4666666666666667,0.35,0.16333333333333333
2025-01-13,BDL,11,ENTERPRISE-Dryup,09:15,1175.05,09:16,1168.5,-0.56,HARD_STOP,-3.39,-16945,-3389.0,0,0.3333333333333333,0.35,0.11666666666666665
2025-01-13,CONCORDBIO,13,GOLD-baseline,09:15,2255.9,09:16,2234.6,-0.94,HARD_STOP,-3.39,-16945,-3389.0,0,0.2,0.35,0.06999999999999999
2025-01-13,INDIAMART,14,GOLD,09:15,2314.1,09:16,2293.05,-0.91,HARD_STOP,-3.39,-16945,-3389.0,0,0.13333333333333333,0.35,0.04666666666666666
2025-01-14,IDEA,1,GOLD,09:15,7.8,09:26,7.97,2.18,TRAIL,1.65,8225,1645.0,1,1.0,1.2725,1.2725
2025-01-14,RAILTEL,2,PREMIUM-Pullback,09:15,365.0,09:26,364.7,-0.08,TRAIL,1.65,8225,1645.0,0,0.9333333333333333,0.35,0.32666666666666666
2025-01-14,RPOWER,3,PREMIUM-Pullback,09:15,37.39,09:26,36.77,-1.66,TRAIL,1.65,8225,1645.0,0,0.8666666666666667,0.35,0.30333333333333334
2025-01-14,NBCC,4,PREMIUM-Pullback,09:15,80.0,09:26,80.29,0.36,TRAIL,1.65,8225,1645.0,1,0.8,1.045,0.836
2025-01-14,RVNL,5,PREMIUM-Pullback,09:15,360.95,09:26,366.25,1.47,TRAIL,1.65,8225,1645.0,1,0.7333333333333333,1.18375,0.8680833333333333
2025-01-14,ADANIGREEN,6,PREMIUM-Pullback,09:15,898.05,09:26,930.0,3.56,TRAIL,1.65,8225,1645.0,1,0.6666666666666666,1.445,0.9633333333333334
2025-01-14,BDL,7,PREMIUM-Pullback,09:15,1117.45,09:26,1104.7,-1.14,TRAIL,1.65,8225,1645.0,0,0.6,0.35,0.21
2025-01-14,GMDCLTD,8,PREMIUM-Pullback,09:15,285.0,09:26,285.45,0.16,TRAIL,1.65,8225,1645.0,1,0.5333333333333333,1.02,0.544
2025-01-14,IRCON,9,PREMIUM-Pullback,09:15,183.65,09:26,184.69,0.57,TRAIL,1.65,8225,1645.0,1,0.4666666666666667,1.07125,0.4999166666666667
2025-01-14,BLS,10,PREMIUM-Pullback,09:15,438.0,09:26,426.5,-2.63,TRAIL,1.65,8225,1645.0,0,0.4,0.35,0.13999999999999999
2025-01-14,INOXWIND,11,PREMIUM-Pullback,09:15,154.27,09:26,152.15,-1.37,TRAIL,1.65,8225,1645.0,0,0.3333333333333333,0.35,0.11666666666666665
2025-01-14,MINDACORP,12,GOLD,09:15,511.95,09:26,511.25,-0.14,TRAIL,1.65,8225,1645.0,0,0.26666666666666666,0.35,0.09333333333333332
2025-01-14,SWANCORP,13,PREMIUM-Pullback,09:15,608.0,09:26,616.65,1.42,TRAIL,1.65,8225,1645.0,1,0.2,1.1775,0.23550000000000001
2025-01-14,ADANIENSOL,14,PREMIUM-Pullback,09:15,702.95,09:26,718.35,2.19,TRAIL,1.65,8225,1645.0,1,0.13333333333333333,1.27375,0.16983333333333334
2025-01-14,HUDCO,15,PREMIUM-Pullback,09:15,207.48,09:26,209.56,1.0,TRAIL,1.65,8225,1645.0,1,0.06666666666666667,1.125,0.075
2025-01-16,RAILTEL,1,ENTERPRISE-Dryup,09:15,386.0,15:29,411.8,6.68,EOD,26.65,133274,26654.8,1,1.0,1.835,1.835
2025-01-16,GMDCLTD,2,GOLD,09:15,295.15,15:29,324.1,9.81,EOD,26.65,133274,26654.8,1,0.9333333333333333,2.2262500000000003,2.0778333333333334
2025-01-16,ADANIENSOL,3,GOLD,09:15,817.95,15:29,795.0,-2.81,EOD,26.65,133274,26654.8,0,0.8666666666666667,0.35,0.30333333333333334
2025-01-16,RPOWER,5,GOLD,09:15,40.05,15:29,41.2,2.87,EOD,26.65,133274,26654.8,1,0.7333333333333333,1.3587500000000001,0.9964166666666667
2025-01-16,JWL,6,GOLD,09:15,438.0,15:29,491.65,12.25,EOD,26.65,133274,26654.8,1,0.6666666666666666,2.53125,1.6875
2025-01-16,RVNL,7,GOLD,09:15,391.85,15:29,412.0,5.14,EOD,26.65,133274,26654.8,1,0.6,1.6425,0.9855
2025-01-16,HUDCO,8,GOLD,09:15,218.0,15:29,225.5,3.44,EOD,26.65,133274,26654.8,1,0.5333333333333333,1.43,0.7626666666666666
2025-01-16,BDL,9,ENTERPRISE-Dryup,09:15,1140.0,15:29,1201.95,5.43,EOD,26.65,133274,26654.8,1,0.4666666666666667,1.67875,0.7834166666666667
2025-01-16,IDBI,11,GOLD-baseline,09:15,74.25,15:29,79.2,6.67,EOD,26.65,133274,26654.8,1,0.3333333333333333,1.83375,0.61125
2025-01-16,SWANCORP,12,ENTERPRISE-Dryup,09:15,670.05,15:29,686.0,2.38,EOD,26.65,133274,26654.8,1,0.26666666666666666,1.2974999999999999,0.346
2025-01-16,SAMMAANCAP,14,GOLD,09:15,144.0,15:29,154.66,7.4,EOD,26.65,133274,26654.8,1,0.13333333333333333,1.925,0.25666666666666665
2025-01-17,INOXWIND,1,GOLD,09:15,162.51,09:15,160.82,-1.04,HARD_STOP,-3.51,-17539,-3507.8,0,1.0,0.35,0.35
2025-01-17,NBCC,3,GOLD,09:15,87.55,09:15,87.3,-0.29,HARD_STOP,-3.51,-17539,-3507.8,0,0.8666666666666667,0.35,0.30333333333333334
2025-01-20,HFCL,1,GOLD,09:15,104.58,09:15,103.55,-0.98,HARD_STOP,-5.15,-25746,-5149.2,0,1.0,0.35,0.35
2025-01-20,INOXWIND,2,GOLD,09:15,165.4,09:15,163.85,-0.94,HARD_STOP,-5.15,-25746,-5149.2,0,0.9333333333333333,0.35,0.32666666666666666
2025-01-20,SWANCORP,3,GOLD-baseline,09:15,687.9,09:15,668.1,-2.88,HARD_STOP,-5.15,-25746,-5149.2,0,0.8666666666666667,0.35,0.30333333333333334
2025-01-20,PAYTM,6,GOLD,09:15,902.5,09:15,900.75,-0.19,HARD_STOP,-5.15,-25746,-5149.2,0,0.6666666666666666,0.35,0.2333333333333333
2025-01-20,NIACL,9,ENTERPRISE-Dryup,09:15,195.9,09:15,193.2,-1.38,HARD_STOP,-5.15,-25746,-5149.2,0,0.4666666666666667,0.35,0.16333333333333333
2025-01-20,JWL,10,GOLD-baseline,09:15,491.0,09:15,486.0,-1.02,HARD_STOP,-5.15,-25746,-5149.2,0,0.4,0.35,0.13999999999999999
2025-01-20,MINDACORP,11,GOLD-baseline,09:15,586.5,09:15,584.0,-0.43,HARD_STOP,-5.15,-25746,-5149.2,0,0.3333333333333333,0.35,0.11666666666666665
2025-01-20,ADANIGREEN,12,GOLD-baseline,09:15,1082.95,09:15,1071.2,-1.08,HARD_STOP,-5.15,-25746,-5149.2,0,0.26666666666666666,0.35,0.09333333333333332
2025-01-20,RAILTEL,13,GOLD,09:15,414.0,09:15,410.55,-0.83,HARD_STOP,-5.15,-25746,-5149.2,0,0.2,0.35,0.06999999999999999
2025-01-20,BSE,15,GOLD,09:15,2028.5,09:15,2028.0,-0.02,HARD_STOP,-5.15,-25746,-5149.2,0,0.06666666666666667,0.35,0.02333333333333333
2025-01-21,CGCL,2,GOLD,09:15,181.1,09:37,182.37,0.7,HARD_STOP,-3.32,-16625,-3325.0,1,0.9333333333333333,1.0875,1.015
2025-01-21,ZENSARTECH,3,ENTERPRISE-Dryup,09:15,755.0,09:37,754.8,-0.03,HARD_STOP,-3.32,-16625,-3325.0,0,0.8666666666666667,0.35,0.30333333333333334
2025-01-21,COFORGE,4,ENTERPRISE-Dryup,09:15,1736.0,09:37,1716.5,-1.12,HARD_STOP,-3.32,-16625,-3325.0,0,0.8,0.35,0.27999999999999997
2025-01-21,FIVESTAR,6,ENTERPRISE-Dryup,09:15,663.45,09:37,663.45,0.0,HARD_STOP,-3.32,-16625,-3325.0,0,0.6666666666666666,0.35,0.2333333333333333
2025-01-21,ULTRACEMCO,7,PREMIUM-Compression,09:15,10677.5,09:37,10771.0,0.88,HARD_STOP,-3.32,-16625,-3325.0,1,0.6,1.11,0.666
2025-01-21,MPHASIS,8,ENTERPRISE-Dryup,09:15,2750.3,09:37,2779.3,1.05,HARD_STOP,-3.32,-16625,-3325.0,1,0.5333333333333333,1.13125,0.6033333333333334
2025-01-21,WOCKPHARMA,9,ENTERPRISE-Dryup,09:15,1392.05,09:37,1380.0,-0.87,HARD_STOP,-3.32,-16625,-3325.0,0,0.4666666666666667,0.35,0.16333333333333333
2025-01-21,POLICYBZR,10,GOLD,09:15,1752.95,09:37,1744.3,-0.49,HARD_STOP,-3.32,-16625,-3325.0,0,0.4,0.35,0.13999999999999999
2025-01-21,MCX,12,GOLD,09:15,1190.0,09:37,1135.0,-4.62,HARD_STOP,-3.32,-16625,-3325.0,0,0.26666666666666666,0.35,0.09333333333333332
2025-01-21,KFINTECH,13,ENTERPRISE-Dryup,09:15,1179.5,09:37,1157.55,-1.86,HARD_STOP,-3.32,-16625,-3325.0,0,0.2,0.35,0.06999999999999999
2025-01-21,KEI,14,ENTERPRISE-Dryup,09:15,4177.0,09:37,4114.0,-1.51,HARD_STOP,-3.32,-16625,-3325.0,0,0.13333333333333333,0.35,0.04666666666666666
2025-01-21,NAVA,15,GOLD,09:15,430.0,09:37,432.5,0.58,HARD_STOP,-3.32,-16625,-3325.0,1,0.06666666666666667,1.0725,0.0715
2025-01-22,PERSISTENT,1,ENTERPRISE-Dryup,09:15,5750.0,09:16,5755.95,0.1,HARD_STOP,-4.16,-20800,-4160.0,1,1.0,1.0125,1.0125
2025-01-22,CGCL,2,GOLD,09:15,178.51,09:16,178.09,-0.24,HARD_STOP,-4.16,-20800,-4160.0,0,0.9333333333333333,0.35,0.32666666666666666
2025-01-22,COFORGE,3,ENTERPRISE-Dryup,09:15,1663.0,09:16,1654.0,-0.54,HARD_STOP,-4.16,-20800,-4160.0,0,0.8666666666666667,0.35,0.30333333333333334
2025-01-22,ZENSARTECH,4,ENTERPRISE-Dryup,09:15,740.0,09:16,729.1,-1.47,HARD_STOP,-4.16,-20800,-4160.0,0,0.8,0.35,0.27999999999999997
2025-01-22,AMBER,5,ENTERPRISE-Dryup,09:15,6552.7,09:16,6540.55,-0.19,HARD_STOP,-4.16,-20800,-4160.0,0,0.7333333333333333,0.35,0.25666666666666665
2025-01-22,FIVESTAR,6,ENTERPRISE-Dryup,09:15,649.0,09:16,645.0,-0.62,HARD_STOP,-4.16,-20800,-4160.0,0,0.6666666666666666,0.35,0.2333333333333333
2025-01-22,WOCKPHARMA,7,ENTERPRISE-Dryup,09:15,1374.0,09:16,1340.0,-2.47,HARD_STOP,-4.16,-20800,-4160.0,0,0.6,0.35,0.21
2025-01-22,MPHASIS,8,ENTERPRISE-Dryup,09:15,2719.5,09:16,2733.4,0.51,HARD_STOP,-4.16,-20800,-4160.0,1,0.5333333333333333,1.06375,0.5673333333333334
2025-01-22,POLICYBZR,9,GOLD,09:15,1664.9,09:16,1619.8,-2.71,HARD_STOP,-4.16,-20800,-4160.0,0,0.4666666666666667,0.35,0.16333333333333333
2025-01-22,ULTRACEMCO,10,GOLD-baseline,09:15,10700.0,09:16,10633.5,-0.62,HARD_STOP,-4.16,-20800,-4160.0,0,0.4,0.35,0.13999999999999999
2025-01-22,LAURUSLABS,11,ENTERPRISE-Dryup,09:15,580.0,09:16,575.0,-0.86,HARD_STOP,-4.16,-20800,-4160.0,0,0.3333333333333333,0.35,0.11666666666666665
2025-01-22,KEI,12,ENTERPRISE-Dryup,09:15,3999.45,09:16,4014.3,0.37,HARD_STOP,-4.16,-20800,-4160.0,1,0.26666666666666666,1.04625,0.27899999999999997
2025-01-22,NAVA,13,GOLD,09:15,425.0,09:16,421.8,-0.75,HARD_STOP,-4.16,-20800,-4160.0,0,0.2,0.35,0.06999999999999999
2025-01-22,KFINTECH,14,ENTERPRISE-Dryup,09:15,1119.6,09:16,1102.75,-1.51,HARD_STOP,-4.16,-20800,-4160.0,0,0.13333333333333333,0.35,0.04666666666666666
2025-01-22,MCX,15,GOLD-baseline,09:15,1112.0,09:16,1106.0,-0.54,HARD_STOP,-4.16,-20800,-4160.0,0,0.06666666666666667,0.35,0.02333333333333333
2025-01-23,CGCL,1,GOLD,09:15,179.19,15:29,181.0,1.01,EOD,27.82,139096,27819.2,1,1.0,1.12625,1.12625
2025-01-23,COFORGE,2,PREMIUM-Pullback,09:15,1742.0,15:29,1835.0,5.34,EOD,27.82,139096,27819.2,1,0.9333333333333333,1.6675,1.5563333333333333
2025-01-23,PERSISTENT,3,PREMIUM-Pullback,09:15,5790.0,15:29,6270.0,8.29,EOD,27.82,139096,27819.2,1,0.8666666666666667,2.03625,1.76475
2025-01-23,ZENSARTECH,4,ENTERPRISE-Dryup,09:15,752.05,15:29,841.7,11.92,EOD,27.82,139096,27819.2,1,0.8,2.49,1.9920000000000002
2025-01-23,AMBER,5,PREMIUM-Pullback,09:15,6314.55,15:29,6750.0,6.9,EOD,27.82,139096,27819.2,1,0.7333333333333333,1.8625,1.3658333333333332
2025-01-23,WOCKPHARMA,6,PREMIUM-Pullback,09:15,1297.0,15:29,1430.1,10.26,EOD,27.82,139096,27819.2,1,0.6666666666666666,2.2824999999999998,1.5216666666666665
2025-01-23,MPHASIS,8,ENTERPRISE-Dryup,09:15,2753.9,15:29,2854.0,3.63,EOD,27.82,139096,27819.2,1,0.5333333333333333,1.4537499999999999,0.7753333333333332
2025-01-23,POLICYBZR,9,PREMIUM-Pullback,09:15,1612.85,15:29,1685.65,4.51,EOD,27.82,139096,27819.2,1,0.4666666666666667,1.56375,0.72975
2025-01-23,ULTRACEMCO,10,PREMIUM-Compression,09:15,10690.0,15:29,11406.95,6.71,EOD,27.82,139096,27819.2,1,0.4,1.83875,0.7355
2025-01-23,LAURUSLABS,11,ENTERPRISE-Dryup,09:15,571.05,15:29,586.0,2.62,EOD,27.82,139096,27819.2,1,0.3333333333333333,1.3275000000000001,0.4425
2025-01-23,KFINTECH,12,ENTERPRISE-Dryup,09:15,1084.6,15:29,1102.7,1.67,EOD,27.82,139096,27819.2,1,0.26666666666666666,1.20875,0.3223333333333333
2025-01-23,NAVA,15,ENTERPRISE-Dryup,09:15,425.3,15:29,444.95,4.62,EOD,27.82,139096,27819.2,1,0.06666666666666667,1.5775000000000001,0.10516666666666667
2025-01-24,CGCL,1,GOLD,09:15,187.9,15:29,197.0,4.84,EOD,25.86,129283,25856.6,1,1.0,1.605,1.605
2025-01-24,FIVESTAR,4,ENTERPRISE-Dryup,09:15,663.0,15:29,700.0,5.58,EOD,25.86,129283,25856.6,1,0.8,1.6975,1.358
2025-01-27,PERSISTENT,2,GOLD-baseline,09:15,6298.8,09:17,6287.0,-0.19,HARD_STOP,-3.56,-17810,-3562.0,0,0.9333333333333333,0.35,0.32666666666666666
2025-01-27,ZENSARTECH,4,GOLD-baseline,09:15,831.75,09:17,830.3,-0.17,HARD_STOP,-3.56,-17810,-3562.0,0,0.8,0.35,0.27999999999999997
2025-01-27,COFORGE,5,GOLD-baseline,09:15,1819.0,09:17,1822.0,0.16,HARD_STOP,-3.56,-17810,-3562.0,1,0.7333333333333333,1.02,0.748
2025-01-27,WOCKPHARMA,6,GOLD-baseline,09:15,1351.0,09:17,1327.45,-1.74,HARD_STOP,-3.56,-17810,-3562.0,0,0.6666666666666666,0.35,0.2333333333333333
2025-01-27,POLICYBZR,7,GOLD,09:15,1670.0,09:17,1686.85,1.01,HARD_STOP,-3.56,-17810,-3562.0,1,0.6,1.12625,0.67575
2025-01-27,ULTRACEMCO,9,GOLD-baseline,09:15,11260.0,09:17,11192.0,-0.6,HARD_STOP,-3.56,-17810,-3562.0,0,0.4666666666666667,0.35,0.16333333333333333
2025-01-27,MCX,12,GOLD,09:15,1140.0,09:17,1127.0,-1.14,HARD_STOP,-3.56,-17810,-3562.0,0,0.26666666666666666,0.35,0.09333333333333332
2025-01-27,NAVA,13,GOLD,09:15,429.45,09:17,419.7,-2.27,HARD_STOP,-3.56,-17810,-3562.0,0,0.2,0.35,0.06999999999999999
2025-01-27,BBTC,15,GOLD-baseline,09:15,2150.1,09:17,2128.65,-1.0,HARD_STOP,-3.56,-17810,-3562.0,0,0.06666666666666667,0.35,0.02333333333333333
2025-01-28,POLYMED,1,GOLD-baseline,09:15,2409.95,09:18,2363.95,-1.91,HARD_STOP,-3.92,-19584,-3916.8,0,1.0,0.35,0.35
2025-01-28,ZENTEC,2,PREMIUM-Pullback,09:15,1742.75,09:18,1715.3,-1.58,HARD_STOP,-3.92,-19584,-3916.8,0,0.9333333333333333,0.35,0.32666666666666666
2025-01-28,GRAVITA,3,GOLD-baseline,09:15,1967.9,09:18,1997.4,1.5,HARD_STOP,-3.92,-19584,-3916.8,1,0.8666666666666667,1.1875,1.0291666666666668
2025-01-28,KPITTECH,4,GOLD-baseline,09:15,1291.0,09:18,1304.45,1.04,HARD_STOP,-3.92,-19584,-3916.8,1,0.8,1.13,0.9039999999999999
2025-01-28,PCBL,5,PREMIUM-Pullback,09:15,353.65,09:18,352.4,-0.35,HARD_STOP,-3.92,-19584,-3916.8,0,0.7333333333333333,0.35,0.25666666666666665
2025-01-28,JMFINANCIL,6,PREMIUM-Pullback,09:15,107.75,09:18,108.2,0.42,HARD_STOP,-3.92,-19584,-3916.8,1,0.6666666666666666,1.0525,0.7016666666666667
2025-01-28,JUBLFOOD,7,PREMIUM-Pullback,09:15,641.95,09:18,640.7,-0.19,HARD_STOP,-3.92,-19584,-3916.8,0,0.6,0.35,0.21
2025-01-28,PGEL,8,PREMIUM-Pullback,09:15,726.95,09:18,696.15,-4.24,HARD_STOP,-3.92,-19584,-3916.8,0,0.5333333333333333,0.35,0.18666666666666665
2025-01-28,TRENT,9,PREMIUM-Pullback,09:15,5484.0,09:18,5474.9,-0.17,HARD_STOP,-3.92,-19584,-3916.8,0,0.4666666666666667,0.35,0.16333333333333333
2025-01-28,KALYANKJIL,10,PREMIUM-Pullback,09:15,437.55,09:18,431.75,-1.33,HARD_STOP,-3.92,-19584,-3916.8,0,0.4,0.35,0.13999999999999999
2025-01-28,BRIGADE,11,GOLD-baseline,09:15,1017.2,09:18,1023.65,0.63,HARD_STOP,-3.92,-19584,-3916.8,1,0.3333333333333333,1.07875,0.35958333333333337
2025-01-28,OLECTRA,12,PREMIUM-Pullback,09:15,1320.0,09:18,1323.15,0.24,HARD_STOP,-3.92,-19584,-3916.8,1,0.26666666666666666,1.03,0.27466666666666667
2025-01-28,NETWEB,13,PREMIUM-Pullback,09:15,1561.0,09:18,1497.05,-4.1,HARD_STOP,-3.92,-19584,-3916.8,0,0.2,0.35,0.06999999999999999
2025-01-28,GODFRYPHLP,14,ENTERPRISE-Dryup,09:15,1460.0,09:18,1438.0,-1.51,HARD_STOP,-3.92,-19584,-3916.8,0,0.13333333333333333,0.35,0.04666666666666666
2025-01-28,SYRMA,15,PREMIUM-Pullback,09:15,436.75,09:18,439.95,0.73,HARD_STOP,-3.92,-19584,-3916.8,1,0.06666666666666667,1.09125,0.07275000000000001
2025-01-29,ZENTEC,1,PREMIUM-Pullback,09:15,1592.05,15:29,1694.0,6.4,EOD,35.96,179810,35962.0,1,1.0,1.8,1.8
2025-01-29,PGEL,2,PREMIUM-Pullback,09:15,645.0,15:29,733.15,13.67,EOD,35.96,179810,35962.0,1,0.9333333333333333,2.70875,2.528166666666667
2025-01-29,JMFINANCIL,3,GOLD,09:15,102.31,15:29,109.4,6.93,EOD,35.96,179810,35962.0,1,0.8666666666666667,1.86625,1.6174166666666667
2025-01-29,KPITTECH,5,GOLD,09:15,1263.0,15:29,1377.1,9.03,EOD,35.96,179810,35962.0,1,0.7333333333333333,2.12875,1.5610833333333334
2025-01-29,SYRMA,6,PREMIUM-Pullback,09:15,455.0,15:29,505.1,11.01,EOD,35.96,179810,35962.0,1,0.6666666666666666,2.3762499999999998,1.5841666666666665
2025-01-29,GODFRYPHLP,7,GOLD,09:15,1457.0,15:29,1502.0,3.09,EOD,35.96,179810,35962.0,1,0.6,1.38625,0.83175
2025-01-29,GRAVITA,9,PREMIUM-Pullback,09:15,1880.0,15:29,2100.0,11.7,EOD,35.96,179810,35962.0,1,0.4666666666666667,2.4625,1.1491666666666667
2025-01-29,NETWEB,10,PREMIUM-Pullback,09:15,1511.0,15:29,1607.65,6.4,EOD,35.96,179810,35962.0,1,0.4,1.8,0.7200000000000001
2025-01-29,NEWGEN,12,PREMIUM-Pullback,09:15,996.95,15:29,1085.6,8.89,EOD,35.96,179810,35962.0,1,0.26666666666666666,2.11125,0.5630000000000001
2025-01-29,TRENT,13,GOLD-baseline,09:15,5495.0,15:29,5611.0,2.11,EOD,35.96,179810,35962.0,1,0.2,1.26375,0.25275
2025-01-29,KALYANKJIL,14,GOLD-baseline,09:15,441.1,15:29,451.0,2.24,EOD,35.96,179810,35962.0,1,0.13333333333333333,1.28,0.17066666666666666
2025-01-29,JUBLPHARMA,15,GOLD,09:15,884.0,15:29,933.05,5.55,EOD,35.96,179810,35962.0,1,0.06666666666666667,1.69375,0.11291666666666667
2025-01-30,POLYMED,6,PREMIUM-Pullback,09:15,2269.1,09:15,2220.0,-2.16,HARD_STOP,-8.57,-42846,-8569.2,0,0.6666666666666666,0.35,0.2333333333333333
2025-01-30,JMFINANCIL,9,GOLD-baseline,09:15,108.7,09:15,107.41,-1.19,HARD_STOP,-8.57,-42846,-8569.2,0,0.4666666666666667,0.35,0.16333333333333333
2025-01-31,PCBL,2,ENTERPRISE-Dryup,09:15,367.0,15:29,377.95,2.98,EOD,15.84,79192,15838.4,1,0.9333333333333333,1.3725,1.2810000000000001
2025-01-31,GRAVITA,3,GOLD,09:15,1970.25,15:29,2038.0,3.44,EOD,15.84,79192,15838.4,1,0.8666666666666667,1.43,1.2393333333333334
2025-01-31,ZENTEC,4,GOLD,09:15,1675.05,15:29,1744.05,4.12,EOD,15.84,79192,15838.4,1,0.8,1.5150000000000001,1.2120000000000002
2025-01-31,PGEL,5,GOLD,09:15,724.95,15:29,782.0,7.87,EOD,15.84,79192,15838.4,1,0.7333333333333333,1.9837500000000001,1.45475
2025-01-31,POLYMED,7,GOLD,09:15,2323.85,15:29,2331.0,0.31,EOD,15.84,79192,15838.4,1,0.6,1.03875,0.62325
2025-01-31,TRENT,8,ENTERPRISE-Dryup,09:15,5569.0,15:29,5765.0,3.52,EOD,15.84,79192,15838.4,1,0.5333333333333333,1.44,0.768
2025-01-31,JUBLFOOD,9,PREMIUM-Compression,09:15,688.95,15:29,702.1,1.91,EOD,15.84,79192,15838.4,1,0.4666666666666667,1.23875,0.5780833333333334
2025-01-31,NEWGEN,10,GOLD-baseline,09:15,1060.0,15:29,1053.8,-0.58,EOD,15.84,79192,15838.4,0,0.4,0.35,0.13999999999999999
2025-01-31,JMFINANCIL,11,GOLD,09:15,107.0,15:29,110.25,3.04,EOD,15.84,79192,15838.4,1,0.3333333333333333,1.38,0.45999999999999996
2025-01-31,KALYANKJIL,12,GOLD-baseline,09:15,460.05,15:29,503.0,9.34,EOD,15.84,79192,15838.4,1,0.26666666666666666,2.1675,0.578
2025-01-31,PNBHOUSING,14,GOLD,09:15,866.2,15:29,885.1,2.18,EOD,15.84,79192,15838.4,1,0.13333333333333333,1.2725,0.16966666666666666
2025-01-31,GODFRYPHLP,15,ENTERPRISE-Dryup,09:15,1498.0,15:29,1507.0,0.6,EOD,15.84,79192,15838.4,1,0.06666666666666667,1.075,0.07166666666666666
