entry_date,signal_date,n_positions,symbols,avg_score,avg_rule_score,avg_profile_score
2024-12-02,2024-11-29,15,"GRSE,ATGL,LTFOODS,MAZDOCK,HUDCO,PREMIERENE,BDL,AEGISLOG,JPPOWER,JUBLINGREA,HBLENGINE,PCBL,WOCKPHARMA,NAVA,BEML",7.35744279191202,2.722027366148465,1.7012828760560064
2024-12-03,2024-12-02,15,"LTFOODS,PREMIERENE,FACT,PGEL,HUDCO,JUBLINGREA,OLAELEC,CARTRADE,WOCKPHARMA,BDL,GRSE,GALLANTT,POLICYBZR,NEULANDLAB,JPPOWER",7.832478897884931,3.0001981954995056,1.809996761968208
2024-12-04,2024-12-03,15,"PGEL,MAZDOCK,PREMIERENE,FACT,CAPLIPOINT,OLAELEC,INOXWIND,LLOYDSME,NEULANDLAB,LTFOODS,GALLANTT,JPPOWER,GRSE,ADANIPORTS,BDL",7.651328094319582,2.9248789029377416,1.8283689301862915
2024-12-05,2024-12-04,15,"GALLANTT,LTFOODS,SARDAEN,POLICYBZR,PREMIERENE,MAZDOCK,PGEL,CAPLIPOINT,GRAPHITE,NEULANDLAB,GRSE,AFFLE,OLAELEC,HEG,INOXWIND",8.219956873467384,2.9233772943138736,1.8569351063250115
2024-12-06,2024-12-05,15,"HEG,KEC,NEWGEN,CAPLIPOINT,JYOTICNC,PREMIERENE,SWANCORP,GALLANTT,GRAPHITE,SARDAEN,NIVABUPA,LODHA,POLICYBZR,PGEL,HSCL",8.15026703504787,2.8360758813906113,1.9765035125845791
2024-12-09,2024-12-06,15,"KFINTECH,PGEL,SWANCORP,NEWGEN,FINCABLES,POLICYBZR,ANGELONE,CDSL,BSE,CARTRADE,HEG,KEC,UCOBANK,KPIL,PCBL",8.298245024982933,3.0176194749641128,1.8090803892409109
2024-12-10,2024-12-09,15,"POLICYBZR,NEWGEN,PGEL,BSE,PCBL,GPIL,ANGELONE,HEG,CDSL,GABRIEL,BLUESTARCO,ABDL,ZENTEC,HBLENGINE,KFINTECH",8.350743309679954,2.9167940426640047,1.789299783029146
2024-12-11,2024-12-10,15,"POLICYBZR,NEWGEN,PGEL,ZENTEC,ANGELONE,CARTRADE,GABRIEL,GPIL,AIIL,ITI,BSE,ASAHIINDIA,BLS,PCBL,SWANCORP",8.200943180929679,3.1241053180510123,1.8213651242533568
2024-12-12,2024-12-11,15,"ZENTEC,GABRIEL,AIIL,GPIL,BLS,NAM-INDIA,NEWGEN,POLICYBZR,SARDAEN,CARTRADE,ASAHIINDIA,PGEL,NUVAMA,PCBL,BLUESTARCO",8.253961901591348,2.8231075655190456,1.7358426310537363
2024-12-13,2024-12-12,15,"ZENTEC,JUBLINGREA,SWANCORP,AIIL,PGEL,BLS,JWL,CARTRADE,GPIL,SYRMA,TARIL,WAAREEENER,TITAGARH,DELHIVERY,EIHOTEL",8.621225352895415,3.077052938565137,1.9527060545510697
2024-12-16,2024-12-13,15,"ZENTEC,CHALET,TARIL,JUBLINGREA,JWL,SWANCORP,SYRMA,GPIL,AIIL,BLS,WAAREEENER,PGEL,KAYNES,EIHOTEL,GABRIEL",8.95646701494107,3.215760076350321,2.0266451468840185
2024-12-17,2024-12-16,15,"TARIL,SWANCORP,PGEL,BLS,RPOWER,TBOTEK,JUBLINGREA,VTL,ZENTEC,AIIL,CHALET,PREMIERENE,KPRMILL,HBLENGINE,SYRMA",8.083797075933921,2.995283968405268,1.9197844343639925
2024-12-18,2024-12-17,15,"PGEL,WOCKPHARMA,HBLENGINE,TARIL,ZENTEC,KAYNES,BLS,LODHA,TBOTEK,KPRMILL,MAZDOCK,PAYTM,CHALET,RPOWER,PCBL",8.501090805402715,3.0015324908670165,1.9307926944995757
2024-12-19,2024-12-18,15,"ZENTEC,ANANTRAJ,TECHNOE,JYOTICNC,GRAVITA,LODHA,KAYNES,ACE,BLS,BLUEJET,KPRMILL,PAYTM,PRESTIGE,MAZDOCK,FIVESTAR",8.668565622862468,2.9340844452656243,1.957430307710027
2024-12-20,2024-12-19,15,"GRAVITA,ZENTEC,KPRMILL,ACE,BHARTIHEXA,BLUEJET,ANANTRAJ,EIDPARRY,TECHNOE,JYOTICNC,KAYNES,PGEL,CRAFTSMAN,BLS,MANKIND",8.40602141600379,3.0755956560811133,2.0834730186319144
2024-12-23,2024-12-20,15,"GRAVITA,TECHNOE,ANANTRAJ,ZENTEC,KPRMILL,KFINTECH,KAYNES,BLUEJET,BHARTIHEXA,FIVESTAR,ACE,GVT&D,NEWGEN,CARTRADE,KEC",8.879074546317687,3.259325366188556,2.097234475238284
2024-12-24,2024-12-23,15,"TECHNOE,CARTRADE,KAYNES,ZENTEC,GRAVITA,KFINTECH,ANANTRAJ,GICRE,NEWGEN,KEC,ACUTAAS,AEGISLOG,BLUEJET,SUNDARMFIN,SYRMA",8.873880714793666,3.222703271126128,2.15216325780728
2024-12-26,2024-12-24,15,"ZENTEC,PTCIL,CARTRADE,KFINTECH,NEWGEN,MANKIND,ACUTAAS,INTELLECT,AMBER,MANAPPURAM,GICRE,AEGISLOG,PGEL,POWERINDIA,ABDL",8.587042125135834,3.2560815948582515,2.0385306671183026
2024-12-27,2024-12-26,15,"AMBER,PTCIL,KFINTECH,FIRSTCRY,ACUTAAS,PGEL,ELECON,NEWGEN,POWERINDIA,VIJAYA,INTELLECT,ZENTEC,SIGNATURE,MANKIND,CARTRADE",7.867295879060775,3.105077350298033,1.9278172972203103
2024-12-30,2024-12-27,15,"KFINTECH,AMBER,INTELLECT,PGEL,POWERINDIA,NEWGEN,PAYTM,FIVESTAR,SIGNATURE,ELECON,360ONE,ABDL,PTCIL,ACUTAAS,GICRE",8.56888535714548,3.086659542709786,1.9216346116775875
2024-12-31,2024-12-30,15,"NEWGEN,CAPLIPOINT,POWERINDIA,KFINTECH,PTCIL,PGEL,AMBER,SAGILITY,HSCL,GODFRYPHLP,BLUESTARCO,FIVESTAR,ITI,TARIL,INTELLECT",8.01758262402912,3.114948807023232,2.0359914206246033
2025-01-01,2024-12-31,15,"PTCIL,NEWGEN,TARIL,POWERINDIA,BAJAJHLDNG,BLUESTARCO,ATGL,ITI,HSCL,IREDA,FORTIS,SIGNATURE,KFINTECH,CRISIL,GODREJIND",8.079515190871124,2.9149914433377853,1.7990368583344156
2025-01-02,2025-01-01,15,"CRISIL,NEWGEN,POWERINDIA,TARIL,ITI,ATGL,BLUESTARCO,UTIAMC,IREDA,TECHNOE,PGEL,AMBER,KAYNES,BAJAJHLDNG,COCHINSHIP",8.248954800579785,3.1254426341850214,1.939982461244576
2025-01-03,2025-01-02,15,"BLUESTARCO,POWERINDIA,AIIL,TARIL,RPOWER,PNBHOUSING,TECHNOE,KALYANKJIL,CRISIL,SUNDARMFIN,COCHINSHIP,IREDA,UTIAMC,POLYMED,ACUTAAS",8.07791351642864,2.858565578924194,1.9625369066364056
2025-01-06,2025-01-03,15,"TARIL,SUNDARMFIN,AIIL,BLUESTARCO,ZENSARTECH,PARADEEP,RPOWER,CARTRADE,POLYMED,LLOYDSME,CHOLAHLDNG,FORCEMOT,BLUEJET,PTCIL,ITI",8.392176336837856,3.0895712222830976,2.090444574481092
2025-01-07,2025-01-06,15,"VIJAYA,LLOYDSME,SAREGAMA,BLUESTARCO,AIIL,TARIL,PARADEEP,PTCIL,SAPPHIRE,DEVYANI,ITI,JUBLINGREA,CARTRADE,POLYMED,APARINDS",8.573255519647542,3.1702287268471143,2.1786322482032596
2025-01-08,2025-01-07,15,"SAREGAMA,VIJAYA,TARIL,PARADEEP,DEVYANI,AIIL,PTCIL,LLOYDSME,SAPPHIRE,ITI,FSL,BLUEJET,APARINDS,ACUTAAS,AMBER",8.287096494800126,3.2155013233957415,2.0425193132676025
2025-01-09,2025-01-08,15,"VIJAYA,PTCIL,AEGISLOG,ACUTAAS,TARIL,ITI,OIL,IREDA,PARADEEP,SHYAMMETL,BLUEJET,MINDACORP,CONCORDBIO,PHOENIXLTD,SAGILITY",7.916958132937651,3.0522986698763765,2.1844313235858226
2025-01-10,2025-01-09,15,"VIJAYA,PTCIL,ACUTAAS,AEGISLOG,CREDITACC,CARTRADE,ANANTRAJ,CONCORDBIO,PHOENIXLTD,LLOYDSME,SAREGAMA,BDL,JSWDULUX,MINDACORP,GICRE",8.478828810438035,3.1339556604263525,2.1828754730757725
2025-01-13,2025-01-10,15,"VIJAYA,PTCIL,PHOENIXLTD,JSWDULUX,ANANTRAJ,SUNDARMFIN,BDL,NAVINFLUOR,CONCORDBIO,LLOYDSME,AMBER,ANANDRATHI,SHYAMMETL,CARTRADE,PCBL",7.942809276730793,2.9797834109680132,2.0267393164039955
2025-01-14,2025-01-13,15,"VIJAYA,CONCORDBIO,ANANDRATHI,PTCIL,SUNDARMFIN,JSWDULUX,SHYAMMETL,RKFORGE,PCBL,OIL,NAVINFLUOR,PHOENIXLTD,PGEL,AARTIIND,KALYANKJIL",7.3161528851796716,2.781783261707395,1.8561189142889671
2025-01-15,2025-01-14,15,"PTCIL,ANANDRATHI,BSE,SUNDARMFIN,CONCORDBIO,KAYNES,KALYANKJIL,PPLPHARMA,MINDACORP,PCBL,FIRSTCRY,RKFORGE,GRSE,PREMIERENE,MAZDOCK",6.5167749182276085,2.4542932601065632,1.655618893995498
2025-01-16,2025-01-15,15,"ADANIPOWER,MAHABANK,PHOENIXLTD,ADANIENSOL,KALYANKJIL,ANANDRATHI,ELECON,PGEL,MINDACORP,ADANIGREEN,ANANTRAJ,BSE,MAZDOCK,IDBI,POWERINDIA",6.504800741396538,2.5229614072577187,1.7304018910272196
2025-01-17,2025-01-16,15,"ADANIPOWER,IDEA,MINDACORP,THERMAX,ADANIGREEN,BSE,MOTILALOFS,INOXWIND,TECHNOE,MAHABANK,PAYTM,ADANIENSOL,IDBI,SWANCORP,KALYANKJIL",7.2055116473820915,2.7901578914387737,1.8867355363035787
2025-01-20,2025-01-17,15,"JWL,SWANCORP,DEEPAKFERT,IRCON,RAILTEL,BDL,GMDCLTD,IDBI,RPOWER,MINDACORP,PAYTM,ADANIPOWER,RVNL,MOTILALOFS,IDEA",8.02210959202351,2.9807648934867808,1.8882684653781723
2025-01-21,2025-01-20,15,"RVNL,JWL,BDL,IDBI,GRSE,NBCC,PAYTM,IRCON,HINDCOPPER,HUDCO,ANANTRAJ,IDEA,MAZDOCK,IFCI,BLS",8.077343027449647,3.052571884201876,1.9486701253688576
2025-01-22,2025-01-21,15,"BDL,MAZDOCK,GRSE,REDINGTON,IDEA,BLS,IFCI,IDBI,RVNL,PARADEEP,PGEL,ADANIENSOL,FACT,MOTILALOFS,TTML",7.876139966711875,2.934805715229562,1.9203583789622694
2025-01-23,2025-01-22,15,"TEJASNET,PARADEEP,GRSE,PGEL,IDEA,IFCI,MOTILALOFS,REDINGTON,BDL,SYRMA,NEWGEN,HINDCOPPER,SWIGGY,KAYNES,ZENTEC",7.563283764974997,2.5888771415984335,1.9046069180741254
2025-01-24,2025-01-23,15,"PARADEEP,REDINGTON,BBTC,BDL,TEJASNET,ZENTEC,PGEL,IDEA,WOCKPHARMA,GODIGIT,PREMIERENE,GRSE,MAZDOCK,MOTILALOFS,TECHNOE",7.841803052883908,2.8621461244102284,1.93503554428968
2025-01-27,2025-01-24,15,"GODIGIT,AMBER,PERSISTENT,WOCKPHARMA,ZENTEC,BBTC,ZENSARTECH,PREMIERENE,DCMSHRIRAM,MOTILALOFS,GRSE,PAYTM,POWERINDIA,PGEL,FIVESTAR",7.489837753654311,2.5998797319130476,1.8014018853922822
2025-01-28,2025-01-27,15,"GODIGIT,FIVESTAR,ZENSARTECH,ZENTEC,REDINGTON,KFINTECH,MOTILALOFS,CGCL,DCMSHRIRAM,TECHNOE,PGEL,POWERINDIA,BBTC,JYOTICNC,AMBER",7.509888590027744,2.6819599319754155,1.8588768763163916
2025-01-29,2025-01-28,15,"AMBER,DCMSHRIRAM,MAZDOCK,FIVESTAR,PGEL,ZENTEC,KAYNES,MOTILALOFS,JYOTICNC,SUMICHEM,CREDITACC,PREMIERENE,SOBHA,TECHNOE,KEC",7.849396464162273,2.674657615516986,1.9241660255759117
2025-01-30,2025-01-29,15,"SOBHA,CREDITACC,SYRMA,DEEPAKFERT,BLUEJET,ZENTEC,KAYNES,CARTRADE,ACUTAAS,MOTILALOFS,RVNL,POWERINDIA,MAZDOCK,TECHNOE,AMBER",7.300921617442268,2.8739624325117763,1.9734442472948432
2025-01-31,2025-01-30,15,"SYRMA,ACUTAAS,POWERINDIA,HBLENGINE,BRIGADE,INOXWIND,CARTRADE,KPITTECH,ZENSARTECH,RVNL,SOBHA,MOTILALOFS,LAURUSLABS,ANANTRAJ,ACMESOLAR",7.924678192813099,2.970844022116087,2.0409494104979067
