config_id,top_n,profile_weight,rule_weight,prior_weight,outcome_weight,cv_avg_sum5x,cv_median_sum5x,cv_worst_sum5x,cv_avg_win_pct,cv_avg_worst_month,cv_score
C0057,15,1.0,1.5,1.5,0.5,-53.74173671145989,-26.995833881628016,-235.03800741875278,45.71862422025717,-34.06462049615624,-135.37111274695297
C0061,15,1.75,0.75,0.0,0.5,-47.375701742285116,-32.513572222607564,-226.99952643808007,49.09678347905523,-32.06323241466306,-136.19397874583655
C0055,15,1.0,1.5,0.0,0.5,-51.295074326688635,-36.68799367736685,-218.8357063011006,48.611569815539525,-33.5838088062932,-136.38353286480927
C0067,15,1.75,1.5,0.0,0.5,-52.08354876460024,-33.17097325092503,-236.83053736366801,47.85111953248951,-33.88449288569587,-142.01601802626112
C0036,12,1.75,0.75,0.0,0.0,-55.74431396483992,-35.94603171759372,-235.19264048484587,47.8168586629517,-36.646058826225946,-143.9789802274263
C0049,15,1.0,0.75,0.0,0.5,-53.004384973715304,-34.49869510310327,-239.9372715894198,45.82292402018594,-32.944637369971936,-145.30274609377597
C0048,15,1.0,0.75,0.0,0.0,-53.13508901148249,-36.61270392745607,-240.86238055374056,48.749067614550036,-34.172976644131445,-147.29408068141635
C0054,15,1.0,1.5,0.0,0.0,-58.581917838779155,-36.036406366891946,-242.56790192321589,46.76437552969121,-36.4329081369315,-147.96748222256164
C0060,15,1.75,0.75,0.0,0.0,-53.48959945926592,-33.787706572235734,-248.9410375224826,48.25520166792175,-33.79578852004737,-148.60718499989267
C0069,15,1.75,1.5,1.5,0.5,-58.23662696603513,-35.84508137977445,-245.6135040487603,46.36127356614326,-36.85950705161973,-149.37957869092594
C0068,15,1.75,1.5,1.5,0.0,-61.05981579419693,-33.50101106652139,-252.29530708970455,46.15590561595128,-36.185720935414864,-150.41748348818342
C0063,15,1.75,0.75,1.5,0.5,-54.43860238651775,-33.08550055351449,-257.658126089116,47.79747765678468,-34.047907681220124,-152.35506806671557
C0031,12,1.0,1.5,0.0,0.5,-51.55348537535941,-44.501897302109185,-234.44006893915656,44.72653434836489,-36.49864511456667,-152.7766249020145
C0024,12,1.0,0.75,0.0,0.0,-58.17070656058963,-45.79161896791118,-233.97396637949356,47.09885078983793,-39.68442724758543,-153.35883199969038
C0035,12,1.0,1.5,3.0,0.5,-67.49913210930825,-27.270617524201676,-270.8280876651593,44.08110087127007,-39.309304914861556,-153.8684411825273
C0056,15,1.0,1.5,1.5,0.0,-62.74519940777131,-34.10745219618889,-258.044365345619,45.85161605530014,-37.52810816963923,-153.95931165793834
C0042,12,1.75,1.5,0.0,0.0,-55.90260722786812,-43.346662077843625,-240.05708237044632,46.583202637244014,-38.39322008387528,-154.05856273561798
C0043,12,1.75,1.5,0.0,0.5,-58.44571612669277,-43.830918616233646,-239.35530004741338,45.38443479464699,-36.82838880151259,-154.43168168101093
C0027,12,1.0,0.75,1.5,0.5,-63.567883060770285,-37.00540089664712,-252.80968549812488,44.52081522566172,-38.59511325610816,-154.5060806005772
C0066,15,1.75,1.5,0.0,0.0,-56.57058305451636,-36.39995597512487,-255.86808969008325,48.14749098138469,-35.36435127335865,-154.70450262388957
C0071,15,1.75,1.5,3.0,0.5,-62.00958386744885,-31.9845332373582,-264.4867654538775,45.686882590211255,-37.27488704456759,-155.0905394462547
C0012,10,1.75,0.75,0.0,0.0,-57.506390462505394,-38.81023325790361,-252.63586093156866,47.68188863428713,-37.12358898959276,-155.5917859968305
C0051,15,1.0,0.75,1.5,0.5,-58.36489102398835,-33.005295770215724,-265.3905509940063,45.97435945362149,-37.06237863259406,-156.50569937649456
C0050,15,1.0,0.75,1.5,0.0,-65.07667472096398,-35.062464271410924,-263.54268763013147,45.783134900667264,-38.8246397273315,-157.6771811063432
C0045,12,1.75,1.5,1.5,0.5,-64.67554880495224,-38.64463247662771,-258.72947869930255,44.13356405535643,-39.71591680260794,-159.18265901520772
C0058,15,1.0,1.5,3.0,0.0,-65.45790537460522,-35.847615965226055,-265.833195850362,44.822014685160056,-40.48030576934624,-159.79981095337504
C0018,10,1.75,1.5,0.0,0.0,-66.19018932531864,-48.359658649271225,-243.83651789367238,47.6790350166387,-40.23428265920911,-160.74211059277968
C0070,15,1.75,1.5,3.0,0.0,-64.29491385729268,-33.782164731480165,-272.6531872256993,46.446176542085986,-39.44244774161875,-160.81952303591262
C0010,10,1.0,1.5,3.0,0.0,-80.81613207732656,-29.230982147820285,-282.24611278080374,42.92899031813195,-48.279064913605836,-161.76824047459576
C0038,12,1.75,0.75,1.5,0.0,-69.6077886315116,-29.56438381230833,-284.37305172063543,45.43860878166201,-39.50015216352311,-162.66318791629365
C0053,15,1.0,0.75,3.0,0.5,-65.47343120816384,-37.310210710591086,-269.51479668747163,43.49062593215268,-39.66230315009855,-163.36948386789638
C0032,12,1.0,1.5,1.5,0.0,-68.8087311374079,-34.572609819252776,-275.7047839280915,44.058642095800494,-42.93876885533825,-163.61327336413842
C0059,15,1.0,1.5,3.0,0.5,-63.20529345313247,-30.599286233423307,-285.6179092360162,46.42002308293992,-37.047371229629135,-164.1242362348434
C0047,12,1.75,1.5,3.0,0.5,-68.14092054967291,-38.35925192480832,-269.72735057484465,44.29201845345666,-40.30932016285155,-164.3645235215393
C0029,12,1.0,0.75,3.0,0.5,-68.40825541402934,-34.3566854690872,-277.6130170065294,41.891299740356345,-42.966798900734055,-164.78493402428063
C0046,12,1.75,1.5,3.0,0.0,-77.32161672525947,-34.67166943686853,-278.02703698267584,43.460162063349024,-43.91254072194079,-164.99315551553664
C0025,12,1.0,0.75,0.0,0.5,-59.35703224130353,-40.58788065243925,-267.48552624107356,45.343714277988425,-35.7193547412659,-165.26190091737834
C0030,12,1.0,1.5,0.0,0.0,-57.3987717760405,-38.73232844120218,-271.7257188822153,46.28502469348993,-37.211165403258434,-165.33818294361186
C0000,10,1.0,0.75,0.0,0.0,-69.68183079674199,-50.80667977229636,-249.5090278790383,47.40068800451242,-42.73446289394866,-166.08105611091304
C0065,15,1.75,0.75,3.0,0.5,-60.09425269568253,-40.115523531976926,-270.19257829361936,45.62733270158664,-40.35466193669642,-166.08634613846928
C0044,12,1.75,1.5,1.5,0.0,-66.02379090326986,-37.70547226836274,-275.61062825848813,46.25109190287735,-41.65790419214346,-166.26056801703135
C0064,15,1.75,0.75,3.0,0.0,-60.365251395334305,-38.53486589860637,-274.5964994216912,45.13139522354905,-36.75407833614496,-166.80683656474216
C0026,12,1.0,0.75,1.5,0.0,-77.90235505114343,-33.03977271318942,-286.6947347895529,44.132128362610324,-44.311510067977,-167.5607144354438
C0062,15,1.75,0.75,1.5,0.0,-61.02350654351741,-42.311845963952294,-270.0565954690777,46.54087392166444,-39.08173592564489,-168.03196891415826
C0008,10,1.0,1.5,1.5,0.0,-68.02154471640193,-38.455296873825546,-277.5709707047798,44.42813296987877,-40.51374955512847,-168.3551556322397
C0021,10,1.75,1.5,1.5,0.5,-72.53350611258804,-37.75546277738505,-279.16001052854676,44.741746614013124,-40.81447269939038,-168.38711871885582
C0037,12,1.75,0.75,0.0,0.5,-57.80455300726126,-45.602778320418786,-264.2725367098482,46.696656759237925,-37.48496174825521,-168.39971532349531
C0039,12,1.75,0.75,1.5,0.5,-65.60569384315014,-38.74626479577198,-278.2951427357453,47.34205249561778,-39.48229478455128,-168.42542566452104
C0040,12,1.75,0.75,3.0,0.0,-70.72037895787335,-34.58607533511288,-286.69004659687084,42.92056658478915,-41.67227882907186,-169.34698531659046
C0006,10,1.0,1.5,0.0,0.0,-57.83024419264646,-48.182479496571396,-261.4693489265567,47.41209649024357,-37.63895938877411,-169.43473466180103
C0033,12,1.0,1.5,1.5,0.5,-61.82807047390366,-44.31900576398249,-268.1446422688717,44.54178295898693,-36.19431720610828,-169.48297030662093
C0052,15,1.0,0.75,3.0,0.0,-67.72727757970452,-38.52348716072157,-280.2323740072988,44.24900470882433,-40.80415422475868,-169.7898732226061
C0034,12,1.0,1.5,3.0,0.0,-72.72730973936811,-35.907238936783955,-285.3542303912037,42.393196076626566,-44.55843968233016,-170.1057149170605
C0019,10,1.75,1.5,0.0,0.5,-65.99747249072009,-41.94131200024573,-276.0644882636137,45.74795417810653,-38.42534080538239,-170.82396529643128
C0020,10,1.75,1.5,1.5,0.0,-72.38982075009793,-39.05881518395307,-282.59627234292196,45.47482452702748,-42.929795826713104,-171.26198645000855
C0003,10,1.0,0.75,1.5,0.5,-67.50011865997223,-49.11050246429406,-262.15248649027603,42.833753898945204,-41.880591045407165,-171.61999492964304
C0041,12,1.75,0.75,3.0,0.5,-67.0442971048493,-44.56258126663752,-271.74779504873754,43.12119464576912,-42.548255129541715,-171.81223986185248
C0028,12,1.0,0.75,3.0,0.0,-75.46477219912728,-38.12781465326697,-287.99811795927906,43.07734077697983,-43.59000280851113,-173.51140547751052
C0002,10,1.0,0.75,1.5,0.0,-79.08579413118618,-35.807566686887284,-294.9993292421202,43.11320686453476,-43.668453829105324,-174.68458993504046
C0023,10,1.75,1.5,3.0,0.5,-75.24462835850531,-39.04755135235919,-288.5533932136688,42.41344945123544,-44.64620538850873,-174.8415580689465
C0022,10,1.75,1.5,3.0,0.0,-79.86397509520108,-37.06646669971771,-296.1182687014234,41.932717920759245,-45.57446501120879,-176.73905746627756
C0014,10,1.75,0.75,1.5,0.0,-78.29592732118593,-32.274234413963065,-315.3924539000389,44.173235660996035,-43.57558387121834,-181.1358142317833
C0015,10,1.75,0.75,1.5,0.5,-70.49097624742399,-51.17518992893655,-281.3888925236155,44.990501164227574,-42.305060687317464,-182.8715359578988
C0017,10,1.75,0.75,3.0,0.5,-79.70310368606668,-50.4778040558125,-281.91564575395404,40.42861530390638,-47.56713304166047,-183.34990387200824
C0005,10,1.0,0.75,3.0,0.5,-71.6766391266018,-47.449275940120444,-295.8870273699537,42.37553006005835,-45.007541333150925,-186.91768361308561
C0013,10,1.75,0.75,0.0,0.5,-65.60397186062099,-51.111737555252006,-290.3190085699327,46.593775942426994,-40.350258902982596,-186.95248665173295
C0016,10,1.75,0.75,3.0,0.0,-82.5015098793157,-39.95222980923977,-312.2336185577491,43.278958796526254,-47.0574257683608,-187.41324732880906
C0007,10,1.0,1.5,0.0,0.5,-61.475590320148754,-46.24804920964853,-306.02324507628623,44.186676217039064,-37.88404610931212,-190.42233650438382
C0001,10,1.0,0.75,0.0,0.5,-70.23821369198029,-42.80244207536396,-313.3096009954854,44.35712571793771,-41.21207099162871,-190.58581742951912
C0009,10,1.0,1.5,1.5,0.5,-71.3521129253418,-54.031958049699426,-293.96411340105533,41.82915680854095,-40.61077875704531,-192.6481833885189
C0004,10,1.0,0.75,3.0,0.0,-84.0057905476404,-46.29942085990504,-310.9169849385609,41.47471616328742,-47.96178752041385,-193.462970096528
C0011,10,1.0,1.5,3.0,0.5,-73.97527191900897,-53.090573497324876,-300.0830213143445,41.5064390982747,-43.482630857555364,-194.83079633484218
