state,kind,family,feature,op,threshold
prev_day_ret__pct>=80pct,single,continuation,prev_day_ret__pct,>=,0.8
prev_day_ret__pct>=65pct,single,continuation,prev_day_ret__pct,>=,0.65
prev_day_ret__pct<=35pct,single,pullback_reversal,prev_day_ret__pct,<=,0.35
prev_day_ret__pct<=20pct,single,pullback_reversal,prev_day_ret__pct,<=,0.2
wtd_ret__pct>=80pct,single,continuation,wtd_ret__pct,>=,0.8
wtd_ret__pct>=65pct,single,continuation,wtd_ret__pct,>=,0.65
wtd_ret__pct<=35pct,single,pullback_reversal,wtd_ret__pct,<=,0.35
wtd_ret__pct<=20pct,single,pullback_reversal,wtd_ret__pct,<=,0.2
mtd_ret__pct>=80pct,single,continuation,mtd_ret__pct,>=,0.8
mtd_ret__pct>=65pct,single,continuation,mtd_ret__pct,>=,0.65
mtd_ret__pct<=35pct,single,pullback_reversal,mtd_ret__pct,<=,0.35
mtd_ret__pct<=20pct,single,pullback_reversal,mtd_ret__pct,<=,0.2
qtd_ret__pct>=80pct,single,continuation,qtd_ret__pct,>=,0.8
qtd_ret__pct>=65pct,single,continuation,qtd_ret__pct,>=,0.65
qtd_ret__pct<=35pct,single,pullback_reversal,qtd_ret__pct,<=,0.35
qtd_ret__pct<=20pct,single,pullback_reversal,qtd_ret__pct,<=,0.2
ret_3d__pct>=80pct,single,continuation,ret_3d__pct,>=,0.8
ret_3d__pct>=65pct,single,continuation,ret_3d__pct,>=,0.65
ret_3d__pct<=35pct,single,pullback_reversal,ret_3d__pct,<=,0.35
ret_3d__pct<=20pct,single,pullback_reversal,ret_3d__pct,<=,0.2
ret_5d__pct>=80pct,single,continuation,ret_5d__pct,>=,0.8
ret_5d__pct>=65pct,single,continuation,ret_5d__pct,>=,0.65
ret_5d__pct<=35pct,single,pullback_reversal,ret_5d__pct,<=,0.35
ret_5d__pct<=20pct,single,pullback_reversal,ret_5d__pct,<=,0.2
ret_10d__pct>=80pct,single,continuation,ret_10d__pct,>=,0.8
ret_10d__pct>=65pct,single,continuation,ret_10d__pct,>=,0.65
ret_10d__pct<=35pct,single,pullback_reversal,ret_10d__pct,<=,0.35
ret_10d__pct<=20pct,single,pullback_reversal,ret_10d__pct,<=,0.2
ret_20d__pct>=80pct,single,continuation,ret_20d__pct,>=,0.8
ret_20d__pct>=65pct,single,continuation,ret_20d__pct,>=,0.65
ret_20d__pct<=35pct,single,pullback_reversal,ret_20d__pct,<=,0.35
ret_20d__pct<=20pct,single,pullback_reversal,ret_20d__pct,<=,0.2
ret_60d__pct>=80pct,single,continuation,ret_60d__pct,>=,0.8
ret_60d__pct>=65pct,single,continuation,ret_60d__pct,>=,0.65
ret_60d__pct<=35pct,single,pullback_reversal,ret_60d__pct,<=,0.35
ret_60d__pct<=20pct,single,pullback_reversal,ret_60d__pct,<=,0.2
close_loc__pct>=80pct,single,mixed,close_loc__pct,>=,0.8
close_loc__pct>=65pct,single,mixed,close_loc__pct,>=,0.65
close_loc__pct<=35pct,single,pullback_reversal,close_loc__pct,<=,0.35
close_loc__pct<=20pct,single,pullback_reversal,close_loc__pct,<=,0.2
wtd_close_loc__pct>=80pct,single,continuation,wtd_close_loc__pct,>=,0.8
wtd_close_loc__pct>=65pct,single,continuation,wtd_close_loc__pct,>=,0.65
wtd_close_loc__pct<=35pct,single,pullback_reversal,wtd_close_loc__pct,<=,0.35
wtd_close_loc__pct<=20pct,single,pullback_reversal,wtd_close_loc__pct,<=,0.2
mtd_close_loc__pct>=80pct,single,continuation,mtd_close_loc__pct,>=,0.8
mtd_close_loc__pct>=65pct,single,continuation,mtd_close_loc__pct,>=,0.65
mtd_close_loc__pct<=35pct,single,pullback_reversal,mtd_close_loc__pct,<=,0.35
mtd_close_loc__pct<=20pct,single,pullback_reversal,mtd_close_loc__pct,<=,0.2
vol_vs_5d__pct>=80pct,single,mixed,vol_vs_5d__pct,>=,0.8
vol_vs_5d__pct>=65pct,single,mixed,vol_vs_5d__pct,>=,0.65
vol_vs_5d__pct<=35pct,single,pullback_reversal,vol_vs_5d__pct,<=,0.35
vol_vs_5d__pct<=20pct,single,pullback_reversal,vol_vs_5d__pct,<=,0.2
vol_vs_20d__pct>=80pct,single,mixed,vol_vs_20d__pct,>=,0.8
vol_vs_20d__pct>=65pct,single,mixed,vol_vs_20d__pct,>=,0.65
vol_vs_20d__pct<=35pct,single,pullback_reversal,vol_vs_20d__pct,<=,0.35
vol_vs_20d__pct<=20pct,single,pullback_reversal,vol_vs_20d__pct,<=,0.2
range_vs_5d__pct>=80pct,single,mixed,range_vs_5d__pct,>=,0.8
range_vs_5d__pct>=65pct,single,mixed,range_vs_5d__pct,>=,0.65
range_vs_5d__pct<=35pct,single,pullback_reversal,range_vs_5d__pct,<=,0.35
range_vs_5d__pct<=20pct,single,pullback_reversal,range_vs_5d__pct,<=,0.2
range_vs_20d__pct>=80pct,single,mixed,range_vs_20d__pct,>=,0.8
range_vs_20d__pct>=65pct,single,mixed,range_vs_20d__pct,>=,0.65
range_vs_20d__pct<=35pct,single,pullback_reversal,range_vs_20d__pct,<=,0.35
range_vs_20d__pct<=20pct,single,pullback_reversal,range_vs_20d__pct,<=,0.2
atr_20_pct__pct>=80pct,single,mixed,atr_20_pct__pct,>=,0.8
atr_20_pct__pct>=65pct,single,mixed,atr_20_pct__pct,>=,0.65
atr_20_pct__pct<=35pct,single,pullback_reversal,atr_20_pct__pct,<=,0.35
atr_20_pct__pct<=20pct,single,pullback_reversal,atr_20_pct__pct,<=,0.2
atr_5_vs_20__pct>=80pct,single,mixed,atr_5_vs_20__pct,>=,0.8
atr_5_vs_20__pct>=65pct,single,mixed,atr_5_vs_20__pct,>=,0.65
atr_5_vs_20__pct<=35pct,single,pullback_reversal,atr_5_vs_20__pct,<=,0.35
atr_5_vs_20__pct<=20pct,single,pullback_reversal,atr_5_vs_20__pct,<=,0.2
dist_prior_high_20__pct>=80pct,single,mixed,dist_prior_high_20__pct,>=,0.8
dist_prior_high_20__pct>=65pct,single,mixed,dist_prior_high_20__pct,>=,0.65
dist_prior_high_20__pct<=35pct,single,pullback_reversal,dist_prior_high_20__pct,<=,0.35
dist_prior_high_20__pct<=20pct,single,pullback_reversal,dist_prior_high_20__pct,<=,0.2
dist_prior_high_60__pct>=80pct,single,mixed,dist_prior_high_60__pct,>=,0.8
dist_prior_high_60__pct>=65pct,single,mixed,dist_prior_high_60__pct,>=,0.65
dist_prior_high_60__pct<=35pct,single,pullback_reversal,dist_prior_high_60__pct,<=,0.35
dist_prior_high_60__pct<=20pct,single,pullback_reversal,dist_prior_high_60__pct,<=,0.2
dist_prior_high_120__pct>=80pct,single,mixed,dist_prior_high_120__pct,>=,0.8
dist_prior_high_120__pct>=65pct,single,mixed,dist_prior_high_120__pct,>=,0.65
dist_prior_high_120__pct<=35pct,single,pullback_reversal,dist_prior_high_120__pct,<=,0.35
dist_prior_high_120__pct<=20pct,single,pullback_reversal,dist_prior_high_120__pct,<=,0.2
dist_prior_low_20__pct>=80pct,single,pullback_reversal,dist_prior_low_20__pct,>=,0.8
dist_prior_low_20__pct>=65pct,single,pullback_reversal,dist_prior_low_20__pct,>=,0.65
dist_prior_low_20__pct<=35pct,single,pullback_reversal,dist_prior_low_20__pct,<=,0.35
dist_prior_low_20__pct<=20pct,single,pullback_reversal,dist_prior_low_20__pct,<=,0.2
dist_prior_low_60__pct>=80pct,single,pullback_reversal,dist_prior_low_60__pct,>=,0.8
dist_prior_low_60__pct>=65pct,single,pullback_reversal,dist_prior_low_60__pct,>=,0.65
dist_prior_low_60__pct<=35pct,single,pullback_reversal,dist_prior_low_60__pct,<=,0.35
dist_prior_low_60__pct<=20pct,single,pullback_reversal,dist_prior_low_60__pct,<=,0.2
rs_market_5d__pct>=80pct,single,continuation,rs_market_5d__pct,>=,0.8
rs_market_5d__pct>=65pct,single,continuation,rs_market_5d__pct,>=,0.65
rs_market_5d__pct<=35pct,single,pullback_reversal,rs_market_5d__pct,<=,0.35
rs_market_5d__pct<=20pct,single,pullback_reversal,rs_market_5d__pct,<=,0.2
rs_market_20d__pct>=80pct,single,continuation,rs_market_20d__pct,>=,0.8
rs_market_20d__pct>=65pct,single,continuation,rs_market_20d__pct,>=,0.65
rs_market_20d__pct<=35pct,single,pullback_reversal,rs_market_20d__pct,<=,0.35
rs_market_20d__pct<=20pct,single,pullback_reversal,rs_market_20d__pct,<=,0.2
rs_sector_5d__pct>=80pct,single,continuation,rs_sector_5d__pct,>=,0.8
rs_sector_5d__pct>=65pct,single,continuation,rs_sector_5d__pct,>=,0.65
rs_sector_5d__pct<=35pct,single,pullback_reversal,rs_sector_5d__pct,<=,0.35
rs_sector_5d__pct<=20pct,single,pullback_reversal,rs_sector_5d__pct,<=,0.2
rs_sector_20d__pct>=80pct,single,continuation,rs_sector_20d__pct,>=,0.8
rs_sector_20d__pct>=65pct,single,continuation,rs_sector_20d__pct,>=,0.65
rs_sector_20d__pct<=35pct,single,pullback_reversal,rs_sector_20d__pct,<=,0.35
rs_sector_20d__pct<=20pct,single,pullback_reversal,rs_sector_20d__pct,<=,0.2
dry_count_7__pct>=80pct,single,dryup_compression,dry_count_7__pct,>=,0.8
dry_count_7__pct>=65pct,single,dryup_compression,dry_count_7__pct,>=,0.65
dry_count_7__pct<=35pct,single,dryup_compression,dry_count_7__pct,<=,0.35
dry_count_7__pct<=20pct,single,dryup_compression,dry_count_7__pct,<=,0.2
compress_count_7__pct>=80pct,single,dryup_compression,compress_count_7__pct,>=,0.8
compress_count_7__pct>=65pct,single,dryup_compression,compress_count_7__pct,>=,0.65
compress_count_7__pct<=35pct,single,dryup_compression,compress_count_7__pct,<=,0.35
compress_count_7__pct<=20pct,single,dryup_compression,compress_count_7__pct,<=,0.2
red_count_5__pct>=80pct,single,pullback_reversal,red_count_5__pct,>=,0.8
red_count_5__pct>=65pct,single,pullback_reversal,red_count_5__pct,>=,0.65
red_count_5__pct<=35pct,single,pullback_reversal,red_count_5__pct,<=,0.35
red_count_5__pct<=20pct,single,pullback_reversal,red_count_5__pct,<=,0.2
green_count_5__pct>=80pct,single,mixed,green_count_5__pct,>=,0.8
green_count_5__pct>=65pct,single,mixed,green_count_5__pct,>=,0.65
green_count_5__pct<=35pct,single,pullback_reversal,green_count_5__pct,<=,0.35
green_count_5__pct<=20pct,single,pullback_reversal,green_count_5__pct,<=,0.2
lower_wick_proxy__pct>=80pct,single,pullback_reversal,lower_wick_proxy__pct,>=,0.8
lower_wick_proxy__pct>=65pct,single,pullback_reversal,lower_wick_proxy__pct,>=,0.65
lower_wick_proxy__pct<=35pct,single,pullback_reversal,lower_wick_proxy__pct,<=,0.35
lower_wick_proxy__pct<=20pct,single,pullback_reversal,lower_wick_proxy__pct,<=,0.2
prev_day_ret>=0,single,mixed,prev_day_ret,>=,0.0
prev_day_ret>=1,single,mixed,prev_day_ret,>=,1.0
prev_day_ret<=-0.5,single,pullback_reversal,prev_day_ret,<=,-0.5
wtd_ret>=0,single,continuation,wtd_ret,>=,0.0
wtd_ret>=3,single,continuation,wtd_ret,>=,3.0
wtd_ret<=-2,single,pullback_reversal,wtd_ret,<=,-2.0
mtd_ret>=0,single,continuation,mtd_ret,>=,0.0
mtd_ret>=8,single,continuation,mtd_ret,>=,8.0
mtd_ret<=-5,single,pullback_reversal,mtd_ret,<=,-5.0
ret_20d>=10,single,continuation,ret_20d,>=,10.0
ret_20d<=-10,single,pullback_reversal,ret_20d,<=,-10.0
near_20d_high,single,fresh_breakout,dist_prior_high_20,>=,-2.0
near_60d_high,single,fresh_breakout,dist_prior_high_60,>=,-3.0
fresh_breakout_20,single,fresh_breakout,fresh_breakout_20,>=,1.0
fresh_breakout_60,single,fresh_breakout,fresh_breakout_60,>=,1.0
wtd_new_high,single,fresh_breakout,wtd_new_high,>=,1.0
mtd_new_high,single,fresh_breakout,mtd_new_high,>=,1.0
dry_count_7>=3,single,dryup_compression,dry_count_7,>=,3.0
compress_count_7>=3,single,dryup_compression,compress_count_7,>=,3.0
