config_id,signal_date,entry_date,n_positions,symbols,avg_rank,max_rank,avg_score,avg_lift,avg_n_fires,n_premium,n_gold,n_normal_context,regime_mode
v3_rank12_premium_gold_top10,2025-02-28,2025-03-03,10,"PATANJALI,HOMEFIRST,CRAFTSMAN,FIVESTAR,CARTRADE,CHOLAHLDNG,COHANCE,ABREL,PGEL,JBCHEPHARM",5.5,10,1223.1504,14.54601,84.3,3,7,9,risk_off
v3_rank12_premium_gold_top10,2025-03-03,2025-03-04,10,"SHYAMMETL,NAVA,DCMSHRIRAM,CAPLIPOINT,NEULANDLAB,DEEPAKFERT,VIJAYA,JYOTICNC,INDIACEM,JUBLINGREA",5.5,10,1788.9127,18.05688,99.1,10,0,10,risk_off
v3_rank12_premium_gold_top10,2025-03-04,2025-03-05,10,"NAVA,NEULANDLAB,DCMSHRIRAM,POLYMED,DEEPAKFERT,TARIL,TRITURBINE,PCBL,SHYAMMETL,LLOYDSME",5.5,10,1737.2702999999997,18.04557,96.3,10,0,10,risk_off
v3_rank12_premium_gold_top10,2025-03-05,2025-03-06,10,"NEULANDLAB,DEEPAKFERT,NAVA,JYOTICNC,GPIL,JUBLINGREA,TARIL,GRAVITA,POLYMED,DATAPATTNS",5.5,10,1762.9270000000001,17.973270000000003,98.1,10,0,10,risk_off
v3_rank12_premium_gold_top10,2025-03-06,2025-03-07,10,"TARIL,TRITURBINE,GRAVITA,CAPLIPOINT,JUBLINGREA,PARADEEP,ANANTRAJ,NEULANDLAB,DATAPATTNS,HSCL",5.5,10,1742.6634000000001,17.85608,97.6,10,0,10,risk_off
v3_rank12_premium_gold_top10,2025-03-07,2025-03-10,10,"GRAVITA,NEULANDLAB,CAPLIPOINT,TITAGARH,ECLERX,LTFOODS,TARIL,ELECON,HBLENGINE,HSCL",5.5,10,1610.0642,16.94546,95.0,10,0,10,risk_off
v3_rank12_premium_gold_top10,2025-03-10,2025-03-11,10,"GODFRYPHLP,KIMS,SARDAEN,AAVAS,CHENNPETRO,ADANIGREEN,JYOTICNC,GRAPHITE,TATACOMM,MRPL",5.5,10,1309.8333,15.129809999999997,86.4,4,6,10,risk_off
v3_rank12_premium_gold_top10,2025-03-11,2025-03-12,10,"KIMS,GODFRYPHLP,SARDAEN,JYOTICNC,CHENNPETRO,AAVAS,ADANIGREEN,MRPL,GRAPHITE,KALYANKJIL",5.5,10,1291.8644,14.72942,87.5,3,7,10,risk_off
v3_rank12_premium_gold_top10,2025-03-12,2025-03-13,10,"GODFRYPHLP,SARDAEN,JYOTICNC,KIMS,CHENNPETRO,MRPL,ADANIGREEN,AAVAS,GRAPHITE,TATACOMM",5.5,10,1249.9973,14.626619999999999,85.0,3,7,9,risk_off
v3_rank12_premium_gold_top10,2025-03-13,2025-03-17,10,"CHENNPETRO,KIMS,SARDAEN,GODFRYPHLP,JYOTICNC,AAVAS,ADANIGREEN,MRPL,TATACOMM,GRAPHITE",5.5,10,1229.8696,14.54928,84.2,5,5,9,risk_off
v3_rank12_premium_gold_top10,2025-03-17,2025-03-18,10,"TARIL,BSE,BLS,KFINTECH,NUVAMA,MAXHEALTH,JPPOWER,TEJASNET,NIACL,RPOWER",5.5,10,1797.914,18.10802,99.3,10,0,10,risk_off
v3_rank12_premium_gold_top10,2025-03-18,2025-03-19,10,"RPOWER,POLICYBZR,TEJASNET,RHIM,MFSL,BSE,KFINTECH,NUVAMA,LODHA,ANGELONE",5.5,10,1679.9169000000002,17.98717,93.4,10,0,10,risk_on
v3_rank12_premium_gold_top10,2025-03-19,2025-03-20,10,"JMFINANCIL,TEJASNET,MFSL,BLS,OLECTRA,MRPL,MANKIND,ABREL,NUVOCO,RAILTEL",5.5,10,1628.7094,17.701620000000002,92.0,10,0,9,risk_on
v3_rank12_premium_gold_top10,2025-03-20,2025-03-21,10,"NUVOCO,JMFINANCIL,TEJASNET,PCBL,RAILTEL,RPOWER,BSE,MANKIND,MFSL,FSL",5.5,10,1544.4796999999999,17.475209999999997,88.4,10,0,10,risk_on
v3_rank12_premium_gold_top10,2025-03-21,2025-03-24,10,"JMFINANCIL,MFSL,NUVOCO,FSL,ELECON,LODHA,KFINTECH,ANGELONE,BSE,ZOMATO",5.5,10,1430.3472,16.75401,85.4,10,0,9,risk_on
v3_rank12_premium_gold_top10,2025-03-24,2025-03-25,10,"BSE,ASTERDM,RPOWER,ZFCVINDIA,CUB,BEML,NAVA,FORTIS,PTCIL,ADANIENSOL",5.5,10,1357.0459999999998,15.998410000000002,84.9,10,0,7,risk_on
v3_rank12_premium_gold_top10,2025-03-25,2025-03-26,10,"RPOWER,ASTERDM,BSE,BEML,CUB,ZFCVINDIA,JSWDULUX,NAVA,FORTIS,PTCIL",5.5,10,1323.3157,16.47867,80.3,10,0,8,risk_on
v3_rank12_premium_gold_top10,2025-03-26,2025-03-27,10,"BSE,ASTERDM,BEML,RPOWER,CUB,ZFCVINDIA,NAVA,FORTIS,JSWDULUX,ERIS",5.5,10,1345.1223999999997,16.729930000000003,80.1,10,0,8,risk_on
v3_rank12_premium_gold_top10,2025-03-27,2025-03-28,10,"BSE,ASTERDM,CUB,BEML,FORTIS,NAVA,RPOWER,GALLANTT,ERIS,PTCIL",5.5,10,1483.3729,16.10754,92.4,10,0,6,risk_on
v3_rank12_premium_gold_top10,2025-03-28,2025-04-01,10,"CUB,ASTERDM,BEML,ERIS,RPOWER,BSE,PTCIL,FORTIS,NAVA,GALLANTT",5.5,10,1438.6255,15.698290000000004,92.0,8,2,2,risk_on
v3_rank12_premium_gold_top10,2025-04-01,2025-04-02,10,"VTL,GPIL,PARADEEP,BDL,PNBHOUSING,GMRAIRPORT,TATACONSUM,TRIDENT,GALLANTT,TEJASNET",5.5,10,1283.7196999999999,15.434460000000001,82.7,6,4,6,risk_on
v3_rank12_premium_gold_top10,2025-04-02,2025-04-03,10,"VTL,BDL,GPIL,PARADEEP,LINDEINDIA,TRIDENT,PNBHOUSING,GALLANTT,TATACONSUM,WHIRLPOOL",5.5,10,1242.7724999999998,15.14195,81.4,4,6,4,risk_on
v3_rank12_premium_gold_top10,2025-04-03,2025-04-04,10,"VTL,PARADEEP,BDL,GPIL,LINDEINDIA,PNBHOUSING,GALLANTT,TATACONSUM,TRIDENT,WHIRLPOOL",6.1,11,1188.9464,14.74312,80.1,4,6,3,risk_on
v3_rank12_premium_gold_top10,2025-04-04,2025-04-07,10,"GPIL,VTL,PARADEEP,BDL,PNBHOUSING,GALLANTT,TRIDENT,TATACONSUM,WHIRLPOOL,TEJASNET",6.2,12,1250.7881999999997,14.55839,85.3,4,6,4,neutral
v3_rank12_premium_gold_top10,2025-04-07,2025-04-08,10,"FSL,DIXON,SYRMA,CCL,JUBLINGREA,JMFINANCIL,LTFOODS,MEDANTA,CRAFTSMAN,AFFLE",5.5,10,1704.2912000000001,18.21124,93.6,10,0,1,risk_off
v3_rank12_premium_gold_top10,2025-04-08,2025-04-09,10,"JMFINANCIL,CCL,DIXON,LTFOODS,SYRMA,PIIND,MCX,FSL,KAYNES,NUVAMA",5.5,10,1616.5982999999999,18.289270000000002,88.4,10,0,7,risk_off
v3_rank12_premium_gold_top10,2025-04-09,2025-04-11,10,"PIIND,CCL,JUBLINGREA,NUVAMA,LTFOODS,FSL,ATUL,CRAFTSMAN,DEVYANI,SYRMA",5.5,10,1648.6719,18.27263,90.3,10,0,10,risk_off
v3_rank12_premium_gold_top10,2025-04-11,2025-04-15,10,"JUBLINGREA,CAPLIPOINT,MCX,SUZLON,LTFOODS,LLOYDSME,TEGA,ABSLAMC,KAYNES,FSL",5.5,10,1635.0791000000002,18.00875,90.8,10,0,5,neutral
v3_rank12_premium_gold_top10,2025-04-15,2025-04-16,10,"KFINTECH,JBMA,DOMS,ENGINERSIN,ANURAS,GMDCLTD,DELHIVERY,FACT,BLUEJET,POLYMED",5.5,10,1564.8914,16.380450000000003,95.5,10,0,9,risk_on
v3_rank12_premium_gold_top10,2025-04-16,2025-04-17,10,"DELHIVERY,KFINTECH,ANURAS,GMDCLTD,FACT,ENGINERSIN,JBMA,INDUSINDBK,DOMS,POLYMED",5.5,10,1457.0238000000002,15.79289,92.3,10,0,7,risk_on
v3_rank12_premium_gold_top10,2025-04-17,2025-04-21,10,"FACT,KFINTECH,ENGINERSIN,GMDCLTD,POLYMED,JBMA,ANURAS,DOMS,INDUSINDBK,DELHIVERY",5.5,10,1413.3464999999999,15.67429,90.2,10,0,4,risk_on
v3_rank12_premium_gold_top10,2025-04-21,2025-04-22,10,"APARINDS,ATUL,GODFRYPHLP,AUBANK,CHOICEIN,TATAELXSI,LALPATHLAB,IIFL,PERSISTENT,MPHASIS",5.5,10,1309.8718000000001,15.570440000000001,83.8,10,0,8,risk_on
v3_rank12_premium_gold_top10,2025-04-22,2025-04-23,10,"APARINDS,AUBANK,ATUL,REDINGTON,GODFRYPHLP,TATAELXSI,SPLPETRO,CHOICEIN,LALPATHLAB,PERSISTENT",5.5,10,1361.2934,15.667440000000003,86.5,10,0,8,risk_on
v3_rank12_premium_gold_top10,2025-04-23,2025-04-24,10,"APARINDS,GODFRYPHLP,ATUL,AUBANK,TATAELXSI,LALPATHLAB,HCLTECH,MPHASIS,CHOICEIN,REDINGTON",5.5,10,1304.1531,15.351770000000002,84.8,7,3,6,risk_on
v3_rank12_premium_gold_top10,2025-04-24,2025-04-25,10,"APARINDS,GODFRYPHLP,ATUL,HCLTECH,LALPATHLAB,MPHASIS,AUBANK,TATAELXSI,COFORGE,PERSISTENT",5.5,10,1278.3461,15.460680000000002,82.6,9,1,8,risk_on
v3_rank12_premium_gold_top10,2025-04-25,2025-04-28,10,"APARINDS,GODFRYPHLP,HCLTECH,TATAELXSI,ATUL,MPHASIS,AUBANK,OFSS,PERSISTENT,CHOICEIN",5.5,10,1264.7087,15.419659999999999,81.8,8,2,7,risk_on
v3_rank12_premium_gold_top10,2025-04-28,2025-04-29,10,"TIMKEN,TIINDIA,FORCEMOT,CEATLTD,INDIACEM,GRSE,MAZDOCK,MARUTI,HONASA,SCHAEFFLER",5.5,10,1323.5829999999999,15.962579999999999,82.8,9,1,10,risk_on
v3_rank12_premium_gold_top10,2025-04-29,2025-04-30,10,"TIMKEN,FORCEMOT,CEATLTD,TIINDIA,MARUTI,SCHAEFFLER,IGL,ACUTAAS,INDIACEM,SONATSOFTW",5.5,10,1226.7924,15.59983,78.3,8,2,9,risk_on
v3_rank12_premium_gold_top10,2025-04-30,2025-05-02,10,"TIMKEN,FORCEMOT,ELECON,TIINDIA,CEATLTD,INDIACEM,MARUTI,SONATSOFTW,ACUTAAS,IGL",5.5,10,1240.0081,15.47654,79.7,7,3,7,risk_on
v3_rank12_premium_gold_top10,2025-05-02,2025-05-05,10,"TIINDIA,TIMKEN,CEATLTD,INDIACEM,SONATSOFTW,ELECON,IGL,FORCEMOT,GRSE,MAZDOCK",5.5,10,1296.6048999999998,14.979309999999998,86.9,3,7,7,risk_on
v3_rank12_premium_gold_top10,2025-05-05,2025-05-06,10,"WELSPUNLIV,KPRMILL,CONCORDBIO,ENDURANCE,YESBANK,CCL,APARINDS,SPLPETRO,IIFL,TIMKEN",5.5,10,1537.3548,16.44673,93.1,8,2,9,risk_on
v3_rank12_premium_gold_top10,2025-05-06,2025-05-07,10,"WELSPUNLIV,YESBANK,KPRMILL,ENDURANCE,CONCORDBIO,APARINDS,IIFL,SPLPETRO,TIMKEN,CEMPRO",5.5,10,1569.4117,16.567010000000003,94.3,10,0,9,neutral
v3_rank12_premium_gold_top10,2025-05-07,2025-05-08,10,"CONCORDBIO,WELSPUNLIV,YESBANK,APARINDS,KPRMILL,ENDURANCE,SPLPETRO,IIFL,CRAFTSMAN,KAJARIACER",5.5,10,1501.155,15.88276,94.3,7,3,10,risk_on
v3_rank12_premium_gold_top10,2025-05-08,2025-05-09,10,"CONCORDBIO,YESBANK,WELSPUNLIV,SPLPETRO,ENDURANCE,KAJARIACER,APARINDS,KPRMILL,IIFL,CRAFTSMAN",5.5,10,1459.4138,15.67038,93.2,7,3,8,risk_off
v3_rank12_premium_gold_top10,2025-05-09,2025-05-12,10,"CONCORDBIO,APARINDS,YESBANK,WELSPUNLIV,KPRMILL,TIMKEN,ENDURANCE,KAJARIACER,ELECON,SPLPETRO",5.5,10,1386.0385999999999,15.14187,91.5,6,4,3,risk_off
v3_rank12_premium_gold_top10,2025-05-12,2025-05-13,10,"HBLENGINE,TITAGARH,KIRLOSENG,PTCIL,RVNL,IFCI,STARHEALTH,RITES,HFCL,RAILTEL",5.5,10,1801.8352,18.11068,99.5,10,0,4,risk_on
v3_rank12_premium_gold_top10,2025-05-13,2025-05-14,10,"KIRLOSENG,IRCON,PTCIL,RVNL,TITAGARH,GRSE,HBLENGINE,IFCI,BAJAJHLDNG,SCI",5.5,10,1753.6143,17.73667,98.9,10,0,9,risk_on
v3_rank12_premium_gold_top10,2025-05-14,2025-05-15,10,"KIRLOSENG,BAJAJHLDNG,KPIL,SCI,IFCI,IRCON,HFCL,RVNL,ANANTRAJ,KEC",5.5,10,1613.634,17.05274,94.6,10,0,9,risk_on
v3_rank12_premium_gold_top10,2025-05-15,2025-05-16,10,"IFCI,TITAGARH,JWL,HFCL,GRANULES,RVNL,IRFC,BAJAJHLDNG,STARHEALTH,SCI",5.5,10,1473.8419,16.503220000000002,89.3,10,0,10,risk_on
v3_rank12_premium_gold_top10,2025-05-16,2025-05-19,10,"HFCL,GRANULES,ZENTEC,TITAGARH,DATAPATTNS,RVNL,IFCI,PTCIL,JWL,BDL",5.5,10,1554.2797,16.28608,95.6,10,0,5,risk_on
v3_rank12_premium_gold_top10,2025-05-19,2025-05-20,10,"SOLARINDS,TTML,JKTYRE,HONASA,JUBLPHARMA,RPOWER,LTFOODS,GRSE,PFIZER,ERIS",5.5,10,1551.5374,16.436339999999998,94.4,10,0,8,risk_on
v3_rank12_premium_gold_top10,2025-05-20,2025-05-21,10,"TTML,RPOWER,HONASA,SOLARINDS,JKTYRE,LTFOODS,GRSE,JUBLPHARMA,SCI,ERIS",5.5,10,1697.9036,16.771250000000002,101.3,10,0,8,risk_on
v3_rank12_premium_gold_top10,2025-05-21,2025-05-22,10,"TBOTEK,RPOWER,HONASA,PTCIL,SOLARINDS,GRSE,JUBLPHARMA,SCI,TTML,CLEAN",5.5,10,1664.8907000000004,16.65673,99.9,10,0,8,risk_on
v3_rank12_premium_gold_top10,2025-05-22,2025-05-23,10,"TBOTEK,HONASA,RPOWER,GRSE,SOLARINDS,ERIS,PARADEEP,CLEAN,LTFOODS,TTML",5.5,10,1601.1692,16.28817,98.1,10,0,7,risk_on
v3_rank12_premium_gold_top10,2025-05-23,2025-05-26,10,"GRSE,TBOTEK,HONASA,SOLARINDS,ERIS,JKTYRE,SCI,IFCI,BDL,PARADEEP",5.5,10,1615.2286,15.765780000000001,102.5,10,0,3,risk_on
v3_rank12_premium_gold_top10,2025-05-26,2025-05-27,10,"CONCORDBIO,ITI,MMTC,POWERINDIA,WELCORP,ZENTEC,ENGINERSIN,FORCEMOT,TEGA,TECHNOE",5.5,10,1759.4518,17.479550000000003,100.8,10,0,6,risk_on
v3_rank12_premium_gold_top10,2025-05-27,2025-05-28,10,"CONCORDBIO,WELCORP,MMTC,ENGINERSIN,ZENTEC,TECHNOE,DEEPAKFERT,FORCEMOT,ITI,POWERINDIA",5.5,10,1692.8424,17.047850000000004,99.6,10,0,6,risk_on
v3_rank12_premium_gold_top10,2025-05-28,2025-05-29,10,"WELCORP,CONCORDBIO,ENGINERSIN,ZENTEC,SUZLON,FORCEMOT,MMTC,POWERINDIA,GRSE,WOCKPHARMA",5.5,10,1607.2372,16.237090000000002,99.3,10,0,5,risk_on
v3_rank12_premium_gold_top10,2025-05-29,2025-05-30,10,"CONCORDBIO,POWERINDIA,SUZLON,ZENTEC,GRSE,ENGINERSIN,FORCEMOT,MMTC,BDL,TEGA",5.5,10,1637.2814,16.0355,102.2,10,0,1,risk_on
v3_rank12_premium_gold_top10,2025-05-30,2025-06-02,10,"FORCEMOT,ZENTEC,CONCORDBIO,MMTC,GRSE,WELCORP,RPOWER,ITI,POWERINDIA,TEGA",5.5,10,1612.2653,15.8766,101.4,10,0,0,risk_on
v3_rank12_premium_gold_top10,2025-06-02,2025-06-03,10,"SWANCORP,COCHINSHIP,NEULANDLAB,FACT,BRIGADE,GODREJIND,ABREL,KFINTECH,GMDCLTD,SRF",5.5,10,1479.3133000000003,17.18612,86.0,10,0,5,risk_on
v3_rank12_premium_gold_top10,2025-06-03,2025-06-04,10,"SWANCORP,GODREJIND,ABREL,IRCON,KFINTECH,GMDCLTD,NEULANDLAB,COCHINSHIP,RAILTEL,RKFORGE",5.5,10,1516.8931000000002,16.59552,91.4,10,0,6,risk_on
v3_rank12_premium_gold_top10,2025-06-04,2025-06-05,10,"GODREJIND,SWANCORP,NEULANDLAB,ABREL,GMDCLTD,COCHINSHIP,KFINTECH,RKFORGE,BRIGADE,CDSL",5.5,10,1449.1531,16.5738,87.4,10,0,6,risk_on
v3_rank12_premium_gold_top10,2025-06-05,2025-06-06,10,"NEULANDLAB,GODREJIND,GMDCLTD,ABREL,COCHINSHIP,FIVESTAR,CDSL,KFINTECH,BSE,SWANCORP",5.5,10,1387.1819,16.339180000000002,84.9,10,0,5,risk_on
v3_rank12_premium_gold_top10,2025-06-06,2025-06-09,10,"COCHINSHIP,SWANCORP,BSE,KFINTECH,CDSL,NEULANDLAB,RAILTEL,SOBHA,PRESTIGE,GRSE",6.0,11,1433.164,15.66432,91.5,10,0,1,risk_on
v3_rank12_premium_gold_top10,2025-06-09,2025-06-10,10,"ESCORTS,JUBLINGREA,WOCKPHARMA,RHIM,360ONE,SCI,OIL,BLUEJET,FORCEMOT,SONACOMS",5.5,10,1383.2941999999998,16.323620000000002,85.2,10,0,7,risk_on
v3_rank12_premium_gold_top10,2025-06-10,2025-06-11,10,"ESCORTS,JUBLINGREA,WOCKPHARMA,SCI,RHIM,360ONE,FORCEMOT,BLUEJET,OIL,SONACOMS",5.5,10,1367.5106,16.23425,84.4,9,1,6,risk_on
v3_rank12_premium_gold_top10,2025-06-11,2025-06-12,10,"ESCORTS,JUBLINGREA,SCI,FORCEMOT,360ONE,SONACOMS,RHIM,OIL,WOCKPHARMA,BLUEJET",5.5,10,1306.7188999999998,15.939049999999998,82.5,8,2,6,risk_on
v3_rank12_premium_gold_top10,2025-06-12,2025-06-13,10,"ESCORTS,JUBLINGREA,SCI,360ONE,RHIM,FORCEMOT,BLUEJET,WOCKPHARMA,OIL,CONCORDBIO",5.5,10,1422.1501,15.98864,89.8,7,3,6,risk_on
v3_rank12_premium_gold_top10,2025-06-13,2025-06-16,10,"ESCORTS,JUBLINGREA,SCI,FORCEMOT,360ONE,RHIM,BLUEJET,WOCKPHARMA,OIL,CONCORDBIO",5.5,10,1404.8381000000002,15.354019999999997,92.2,7,3,4,neutral
v3_rank12_premium_gold_top10,2025-06-16,2025-06-17,10,"GALLANTT,GRSE,BEML,GODREJIND,CEMPRO,ABCAPITAL,CRISIL,FORCEMOT,BSE,KFINTECH",5.5,10,1345.8186999999998,14.631220000000003,91.3,2,8,5,neutral
v3_rank12_premium_gold_top10,2025-06-17,2025-06-18,10,"GALLANTT,GRSE,BEML,GODREJIND,CEMPRO,KFINTECH,CRISIL,FORCEMOT,ENDURANCE,ABCAPITAL",5.5,10,1328.8127000000002,14.64795,89.9,3,7,5,neutral
v3_rank12_premium_gold_top10,2025-06-18,2025-06-19,10,"GALLANTT,GRSE,BEML,CEMPRO,CRISIL,KFINTECH,GODREJIND,ENDURANCE,FORCEMOT,ABCAPITAL",5.6,11,1291.806,14.436090000000002,88.7,2,8,3,risk_off
v3_rank12_premium_gold_top10,2025-06-19,2025-06-20,10,"GALLANTT,GRSE,BEML,GODREJIND,KFINTECH,ENDURANCE,CRISIL,CEMPRO,DCMSHRIRAM,FORCEMOT",5.5,10,1304.1376000000002,14.46772,89.5,1,9,7,risk_off
v3_rank12_premium_gold_top10,2025-06-20,2025-06-23,10,"GRSE,GALLANTT,CEMPRO,BEML,ABCAPITAL,KFINTECH,GODREJIND,FORCEMOT,ENDURANCE,DCMSHRIRAM",5.5,10,1243.6413,14.00471,88.2,1,9,3,risk_off
v3_rank12_premium_gold_top10,2025-06-23,2025-06-24,10,"HSCL,IDEA,SAMMAANCAP,GABRIEL,ABBOTINDIA,NUVAMA,ATGL,WELSPUNLIV,GODFRYPHLP,GRAVITA",5.5,10,1474.2539000000002,17.56458,83.9,10,0,10,risk_off
v3_rank12_premium_gold_top10,2025-06-24,2025-06-25,10,"SAMMAANCAP,HSCL,ABBOTINDIA,GABRIEL,NUVAMA,GODFRYPHLP,GRAVITA,NH,IDEA,SHREECEM",5.5,10,1354.6612,17.45239,77.5,10,0,10,neutral
v3_rank12_premium_gold_top10,2025-06-25,2025-06-26,10,"HSCL,ABBOTINDIA,NUVAMA,GRAVITA,ATGL,GODFRYPHLP,LTFOODS,GABRIEL,IDEA,SHREECEM",5.5,10,1333.1353,17.06771,78.2,10,0,10,risk_on
v3_rank12_premium_gold_top10,2025-06-26,2025-06-27,10,"HSCL,ABBOTINDIA,JSWDULUX,REDINGTON,LTFOODS,IDEA,GABRIEL,NUVAMA,GODFRYPHLP,ATGL",5.5,10,1383.7269999999999,16.577199999999998,83.7,10,0,10,risk_on
v3_rank12_premium_gold_top10,2025-06-27,2025-06-30,10,"IDEA,ABBOTINDIA,JSWDULUX,SAMMAANCAP,GABRIEL,GRAVITA,ATGL,CEMPRO,HSCL,USHAMART",5.5,10,1238.518,15.738800000000001,78.8,10,0,9,risk_on
v3_rank12_premium_gold_top10,2025-06-30,2025-07-01,10,"CHENNPETRO,GABRIEL,BLUESTARCO,DCMSHRIRAM,ASAHIINDIA,COHANCE,LATENTVIEW,KPRMILL,TEGA,AMBER",5.5,10,1146.8305000000003,15.41356,74.0,6,4,10,risk_on
v3_rank12_premium_gold_top10,2025-07-01,2025-07-02,10,"DCMSHRIRAM,CHENNPETRO,COHANCE,GABRIEL,BLUESTARCO,ASAHIINDIA,KPRMILL,LATENTVIEW,TEGA,MOTILALOFS",5.5,10,1174.1168000000002,15.304660000000002,76.5,6,4,9,risk_on
v3_rank12_premium_gold_top10,2025-07-02,2025-07-03,10,"DCMSHRIRAM,CHENNPETRO,GABRIEL,BLUESTARCO,COHANCE,KPRMILL,ASAHIINDIA,LATENTVIEW,TEGA,HBLENGINE",5.5,10,1192.3660000000002,15.229410000000001,78.0,6,4,8,risk_on
v3_rank12_premium_gold_top10,2025-07-03,2025-07-04,10,"GABRIEL,CHENNPETRO,COHANCE,BLUESTARCO,KPRMILL,ASAHIINDIA,NATCOPHARM,LATENTVIEW,TEGA,HBLENGINE",5.6,11,1195.6658,14.82872,79.9,4,6,8,risk_on
v3_rank12_premium_gold_top10,2025-07-04,2025-07-07,10,"GABRIEL,BLUESTARCO,CHENNPETRO,KPRMILL,ASAHIINDIA,LATENTVIEW,COHANCE,NATCOPHARM,TEGA,HBLENGINE",5.5,10,1175.5878,14.78774,78.8,3,7,6,risk_on
v3_rank12_premium_gold_top10,2025-07-07,2025-07-08,10,"GLENMARK,FORCEMOT,LEMONTREE,GABRIEL,KIRLOSENG,CARTRADE,JPPOWER,SARDAEN,MEDANTA,NETWEB",5.5,10,1286.5522999999998,16.32945,78.6,10,0,6,risk_on
v3_rank12_premium_gold_top10,2025-07-08,2025-07-09,10,"GLENMARK,FORCEMOT,LEMONTREE,KIRLOSENG,GABRIEL,JPPOWER,NETWEB,CARTRADE,MEDANTA,SYRMA",5.5,10,1334.3377,16.38826,81.8,10,0,7,risk_on
v3_rank12_premium_gold_top10,2025-07-09,2025-07-10,10,"GLENMARK,LEMONTREE,FORCEMOT,GABRIEL,CARTRADE,KIRLOSENG,JPPOWER,NETWEB,MEDANTA,SARDAEN",5.5,10,1274.5791000000002,16.40143,77.6,9,1,7,risk_on
v3_rank12_premium_gold_top10,2025-07-10,2025-07-11,10,"FORCEMOT,GABRIEL,GLENMARK,LEMONTREE,KIRLOSENG,JPPOWER,CARTRADE,SYRMA,NETWEB,SARDAEN",5.5,10,1265.2571,15.65092,80.1,6,4,5,risk_on
v3_rank12_premium_gold_top10,2025-07-11,2025-07-14,10,"FORCEMOT,GABRIEL,GLENMARK,LEMONTREE,JPPOWER,CARTRADE,MANKIND,MEDANTA,KIRLOSENG,NETWEB",5.5,10,1225.5844,15.533269999999998,77.5,5,5,5,risk_on
v3_rank12_premium_gold_top10,2025-07-14,2025-07-15,10,"PATANJALI,THERMAX,SWANCORP,GMDCLTD,NUVOCO,TEGA,SUMICHEM,RRKABEL,CHOICEIN,NEULANDLAB",5.9,11,1109.2747999999997,16.74514,66.5,10,0,9,risk_on
v3_rank12_premium_gold_top10,2025-07-15,2025-07-16,10,"GMDCLTD,THERMAX,PATANJALI,NUVOCO,RRKABEL,SHYAMMETL,SWANCORP,ANANDRATHI,TEGA,SONACOMS",6.3,11,1009.2956,16.04144,62.9,10,0,7,risk_on
v3_rank12_premium_gold_top10,2025-07-16,2025-07-17,10,"GMDCLTD,THERMAX,NUVOCO,PATANJALI,BLUEJET,RRKABEL,AWL,SWANCORP,AADHARHFC,SONACOMS",6.3,11,966.8512999999999,15.806919999999996,60.9,9,1,9,risk_on
v3_rank12_premium_gold_top10,2025-07-17,2025-07-18,10,"GMDCLTD,NUVOCO,THERMAX,PATANJALI,SWANCORP,BLUEJET,RRKABEL,IDEA,TEGA,ANANDRATHI",5.5,10,1148.8615,15.745529999999999,73.4,10,0,5,risk_on
v3_rank12_premium_gold_top10,2025-07-18,2025-07-21,10,"THERMAX,SWANCORP,AADHARHFC,PATANJALI,ANANDRATHI,NUVOCO,TEGA,IDEA,GMDCLTD,SUMICHEM",5.5,10,1052.1324,15.25677,69.1,6,4,2,neutral
v3_rank12_premium_gold_top10,2025-07-21,2025-07-22,10,"ZOMATO,ETERNAL,OLECTRA,GRAVITA,AIIL,INDIACEM,HOMEFIRST,GALLANTT,PARADEEP,FORCEMOT",5.8,11,1079.0242000000003,15.167399999999997,71.7,5,5,8,risk_on
v3_rank12_premium_gold_top10,2025-07-22,2025-07-23,10,"OLECTRA,AIIL,GRAVITA,ZOMATO,ETERNAL,INDIACEM,HOMEFIRST,GALLANTT,FORCEMOT,PARADEEP",5.5,10,1073.8023000000003,14.75191,72.5,3,7,4,neutral
v3_rank12_premium_gold_top10,2025-07-23,2025-07-24,10,"OLECTRA,AIIL,GRAVITA,ETERNAL,ZOMATO,HOMEFIRST,INDIACEM,GALLANTT,FORCEMOT,COROMANDEL",5.7,11,1061.466,14.56102,72.8,5,5,6,neutral
v3_rank12_premium_gold_top10,2025-07-24,2025-07-25,10,"AIIL,OLECTRA,ZOMATO,INDIACEM,GRAVITA,ETERNAL,HOMEFIRST,GALLANTT,FORCEMOT,VIJAYA",5.5,10,998.0433000000003,14.392859999999999,68.3,2,8,5,neutral
v3_rank12_premium_gold_top10,2025-07-25,2025-07-28,10,"AIIL,ZOMATO,ETERNAL,OLECTRA,INDIACEM,GRAVITA,GALLANTT,HOMEFIRST,VIJAYA,FORCEMOT",5.5,10,1008.8704,14.334150000000003,69.7,3,7,5,risk_off
v3_rank12_premium_gold_top10,2025-07-28,2025-07-29,10,"ACUTAAS,GVT&D,KAYNES,NETWEB,ABDL,GALLANTT,SUMICHEM,DMART,SUZLON,AFFLE",5.5,10,1208.4177,16.744279999999996,71.8,10,0,9,risk_off
v3_rank12_premium_gold_top10,2025-07-29,2025-07-30,10,"ACUTAAS,KAYNES,GVT&D,GALLANTT,ABDL,SUMICHEM,NETWEB,EMAMILTD,DMART,RADICO",5.5,10,1140.9569000000001,16.518839999999997,68.4,10,0,8,risk_off
v3_rank12_premium_gold_top10,2025-07-30,2025-07-31,10,"KAYNES,ACUTAAS,NETWEB,GVT&D,GALLANTT,ABDL,SUZLON,RADICO,EMAMILTD,CARTRADE",5.5,10,1266.5167999999999,16.43034,77.3,10,0,6,risk_off
v3_rank12_premium_gold_top10,2025-07-31,2025-08-01,10,"KAYNES,NETWEB,GVT&D,GALLANTT,RADICO,EMAMILTD,ACUTAAS,SUZLON,GODIGIT,AFFLE",5.5,10,1104.7344999999998,15.845180000000003,69.2,9,1,7,risk_off
v3_rank12_premium_gold_top10,2025-08-01,2025-08-04,10,"KAYNES,GALLANTT,GVT&D,ACUTAAS,AFFLE,EMAMILTD,SUMICHEM,ABDL,SUZLON,CARTRADE",5.5,10,1276.3821,15.36196,82.8,6,4,4,risk_off
v3_rank12_premium_gold_top10,2025-08-04,2025-08-05,10,"KAJARIACER,CAPLIPOINT,RADICO,MEDANTA,FSL,CUMMINSIND,PVRINOX,KPIL,CONCOR,SAPPHIRE",5.5,10,845.0315999999999,15.05087,55.5,6,4,10,risk_off
v3_rank12_premium_gold_top10,2025-08-05,2025-08-06,10,"CAPLIPOINT,MEDANTA,KAJARIACER,PVRINOX,FSL,CUMMINSIND,RADICO,KPIL,SAPPHIRE,FORCEMOT",5.5,10,976.6796,14.960160000000002,65.4,4,6,9,risk_off
v3_rank12_premium_gold_top10,2025-08-06,2025-08-07,10,"CAPLIPOINT,KAJARIACER,RADICO,MEDANTA,CUMMINSIND,FSL,PVRINOX,KPIL,FORCEMOT,ABCAPITAL",5.5,10,946.7981,15.12431,62.6,7,3,10,risk_off
v3_rank12_premium_gold_top10,2025-08-07,2025-08-08,10,"CAPLIPOINT,RADICO,FSL,MEDANTA,PVRINOX,KAJARIACER,CUMMINSIND,KPIL,ABCAPITAL,SAPPHIRE",5.5,10,907.7058,14.92397,60.7,5,5,10,risk_off
v3_rank12_premium_gold_top10,2025-08-08,2025-08-11,10,"RADICO,CAPLIPOINT,FSL,KAJARIACER,MEDANTA,CUMMINSIND,PVRINOX,ABCAPITAL,BLS,FORCEMOT",5.5,10,931.5784,14.543479999999999,64.0,3,7,10,risk_off
v3_rank12_premium_gold_top10,2025-08-11,2025-08-12,10,"JMFINANCIL,ALKEM,EIHOTEL,CONCORDBIO,APOLLOHOSP,AIIL,FORCEMOT,NSLNISP,GODREJIND,EMCURE",5.5,10,1175.3096,16.56798,71.0,10,0,9,risk_off
v3_rank12_premium_gold_top10,2025-08-12,2025-08-13,10,"EIHOTEL,APOLLOHOSP,CONCORDBIO,JMFINANCIL,AIIL,FORCEMOT,EMCURE,MINDACORP,NSLNISP,GODREJIND",5.5,10,1201.9399,16.480860000000003,73.0,10,0,10,risk_off
v3_rank12_premium_gold_top10,2025-08-13,2025-08-14,10,"CONCORDBIO,AIIL,FORCEMOT,EMCURE,BIOCON,MINDACORP,JMFINANCIL,MUTHOOTFIN,GODREJIND,EIHOTEL",5.5,10,1241.0477,15.848649999999997,77.6,9,1,9,risk_off
v3_rank12_premium_gold_top10,2025-08-14,2025-08-18,10,"CONCORDBIO,FORCEMOT,EMCURE,AIIL,BIOCON,MINDACORP,GODREJIND,JMFINANCIL,BDL,HBLENGINE",5.5,10,1381.136,15.724349999999998,87.7,8,2,8,risk_off
v3_rank12_premium_gold_top10,2025-08-18,2025-08-19,10,"RPOWER,IDEA,DEVYANI,SWANCORP,NAVA,GPIL,LEMONTREE,MSUMI,NETWEB,SUNDARMFIN",5.5,10,1450.8829,17.1721,84.5,10,0,10,risk_off
v3_rank12_premium_gold_top10,2025-08-19,2025-08-20,10,"IDEA,SWANCORP,DEVYANI,RPOWER,NAVA,LEMONTREE,GPIL,MSUMI,SUNDARMFIN,NETWEB",5.5,10,1432.7665,17.012710000000002,84.4,10,0,10,neutral
v3_rank12_premium_gold_top10,2025-08-20,2025-08-21,10,"IDEA,SWANCORP,NAVA,DEVYANI,LEMONTREE,GPIL,RPOWER,SUNDARMFIN,NETWEB,GABRIEL",5.5,10,1460.9445,16.58633,88.4,10,0,9,risk_on
v3_rank12_premium_gold_top10,2025-08-21,2025-08-22,10,"IDEA,SWANCORP,GPIL,DEVYANI,SUNDARMFIN,LEMONTREE,NETWEB,TEJASNET,RPOWER,MSUMI",5.5,10,1308.3365000000001,16.385559999999995,79.7,10,0,8,risk_on
v3_rank12_premium_gold_top10,2025-08-22,2025-08-25,10,"SWANCORP,DEVYANI,RPOWER,IDEA,SUNDARMFIN,GABRIEL,MSUMI,GPIL,TEJASNET,LEMONTREE",5.5,10,1313.3429,15.95929,82.3,10,0,8,risk_on
v3_rank12_premium_gold_top10,2025-08-26,2025-08-28,10,"OLAELEC,GRANULES,RBLBANK,SAMMAANCAP,VTL,AIIL,HBLENGINE,INDIACEM,CARTRADE,GABRIEL",6.8,12,860.3134,12.64237,67.6,1,9,6,risk_off
v3_rank12_premium_gold_top10,2025-08-28,2025-08-29,10,"OLAELEC,GRANULES,RBLBANK,VTL,AIIL,HBLENGINE,SAMMAANCAP,CARTRADE,INDIACEM,ASTERDM",6.6,12,798.2635,12.637350000000001,62.0,1,9,8,risk_off
v3_rank12_premium_gold_top10,2025-09-01,2025-09-02,10,"NETWEB,TBOTEK,BLUEJET,FIRSTCRY,NSLNISP,IDEA,GMDCLTD,SAMMAANCAP,SYRMA,GALLANTT",5.5,10,1777.5524,16.97618,104.7,10,0,10,risk_off
v3_rank12_premium_gold_top10,2025-09-02,2025-09-03,10,"FIRSTCRY,BLUEJET,NETWEB,TBOTEK,IDEA,NSLNISP,SYRMA,GALLANTT,GMDCLTD,M&M",5.5,10,1698.9431,16.901419999999998,100.4,10,0,9,neutral
v3_rank12_premium_gold_top10,2025-09-03,2025-09-04,10,"FIRSTCRY,BLUEJET,IDEA,NETWEB,GALLANTT,ABFRL,SAMMAANCAP,SYRMA,TBOTEK,BSE",5.5,10,1510.9733999999999,16.37482,92.2,10,0,9,risk_on
v3_rank12_premium_gold_top10,2025-09-04,2025-09-05,10,"FIRSTCRY,BLUEJET,IDEA,TBOTEK,NSLNISP,GALLANTT,GMDCLTD,BSE,NETWEB,SAMMAANCAP",5.5,10,1586.3628,16.317210000000003,97.4,10,0,9,neutral
v3_rank12_premium_gold_top10,2025-09-05,2025-09-08,10,"BLUEJET,TBOTEK,IDEA,NSLNISP,FIRSTCRY,SYRMA,SAMMAANCAP,NETWEB,BATAINDIA,DOMS",5.5,10,1434.039,15.58613,91.9,9,1,7,neutral
v3_rank12_premium_gold_top10,2025-09-08,2025-09-09,10,"JBMA,INTELLECT,NLCINDIA,SOBHA,APARINDS,FLUOROCHEM,HINDCOPPER,CHOLAHLDNG,CEMPRO,BDL",5.5,10,1054.9901,16.210340000000002,64.7,10,0,10,neutral
v3_rank12_premium_gold_top10,2025-09-10,2025-09-11,10,"JBMA,HINDCOPPER,INTELLECT,GMDCLTD,NLCINDIA,NEULANDLAB,FORCEMOT,BEML,SOBHA,CEMPRO",6.3,12,1304.0476999999998,15.862110000000001,82.5,8,2,9,risk_on
v3_rank12_premium_gold_top10,2025-09-12,2025-09-15,10,"JBMA,INTELLECT,GMDCLTD,HINDCOPPER,NEULANDLAB,CEMPRO,FORCEMOT,AFFLE,NLCINDIA,BEML",6.3,11,1216.7994,15.22243,79.8,5,5,6,risk_on
v3_rank12_premium_gold_top10,2025-09-15,2025-09-16,10,"POONAWALLA,IPCALAB,REDINGTON,ANANTRAJ,NETWEB,AEGISLOG,ELGIEQUIP,KPRMILL,ADANIPOWER,USHAMART",5.5,10,1182.6577000000002,16.47589,71.7,10,0,9,risk_on
v3_rank12_premium_gold_top10,2025-09-16,2025-09-17,10,"IPCALAB,POONAWALLA,NETWEB,REDINGTON,AEGISLOG,ANANTRAJ,KPRMILL,ADANIPOWER,SUMICHEM,CARTRADE",5.5,10,1250.6773,16.08377,78.0,10,0,7,risk_on
v3_rank12_premium_gold_top10,2025-09-17,2025-09-18,10,"IPCALAB,POONAWALLA,ANANTRAJ,NETWEB,REDINGTON,ADANIPOWER,KPRMILL,ZENTEC,AEGISLOG,ELGIEQUIP",5.5,10,1139.8817999999999,16.15763,70.2,10,0,8,risk_on
v3_rank12_premium_gold_top10,2025-09-18,2025-09-19,10,"IPCALAB,ANANTRAJ,NETWEB,REDINGTON,AEGISLOG,ADANIPOWER,POONAWALLA,PCBL,ZENTEC,IFCI",5.5,10,1122.3935,16.0701,69.6,10,0,7,risk_on
v3_rank12_premium_gold_top10,2025-09-19,2025-09-22,10,"IPCALAB,REDINGTON,NETWEB,POONAWALLA,ANANTRAJ,AEGISLOG,KPRMILL,IFCI,ADANIPOWER,ZENTEC",5.7,11,1142.1656,15.547140000000002,73.3,8,2,6,risk_on
v3_rank12_premium_gold_top10,2025-09-29,2025-09-30,10,"NETWEB,AEGISLOG,KPITTECH,DATAPATTNS,SUNTV,EIHOTEL,SAMMAANCAP,PTCIL,PFIZER,TMPV",5.5,10,1087.7657,16.963520000000003,63.4,10,0,8,risk_off
v3_rank12_premium_gold_top10,2025-09-30,2025-10-01,10,"NETWEB,AEGISLOG,SUNTV,DATAPATTNS,EIHOTEL,PFIZER,PTCIL,TMPV,ZFCVINDIA,IIFL",5.5,10,1045.536,16.89085,61.2,10,0,9,risk_off
v3_rank12_premium_gold_top10,2025-10-01,2025-10-03,10,"EIHOTEL,AEGISLOG,DATAPATTNS,NETWEB,PTCIL,KALYANKJIL,ZFCVINDIA,MRPL,SUNTV,IIFL",5.5,10,1118.6932000000002,16.299079999999996,68.1,10,0,9,risk_off
v3_rank12_premium_gold_top10,2025-10-03,2025-10-06,10,"NETWEB,DATAPATTNS,SUNTV,KALYANKJIL,EIHOTEL,MRPL,PTCIL,SAMMAANCAP,GODFRYPHLP,AEGISLOG",5.5,10,1235.4856,15.64455,78.8,8,2,5,risk_off
v3_rank12_premium_gold_top10,2025-10-06,2025-10-07,10,"TATACOMM,RPOWER,BSE,PGEL,INOXWIND,DIVISLAB,YESBANK,SONACOMS,IIFL,IDEA",6.0,11,899.0318000000001,15.69434,56.7,5,5,9,risk_off
v3_rank12_premium_gold_top10,2025-10-07,2025-10-08,10,"TATACOMM,RPOWER,BSE,PGEL,INOXWIND,YESBANK,SONACOMS,IIFL,REDINGTON,ASTERDM",6.0,11,873.3902,15.532900000000001,55.5,5,5,10,neutral
v3_rank12_premium_gold_top10,2025-10-08,2025-10-09,10,"TATACOMM,RPOWER,BSE,PGEL,YESBANK,INOXWIND,IIFL,SONACOMS,DIVISLAB,REDINGTON",5.5,10,856.3853999999999,15.496289999999998,54.7,6,4,10,risk_off
v3_rank12_premium_gold_top10,2025-10-09,2025-10-10,10,"TATACOMM,RPOWER,PGEL,YESBANK,IIFL,INOXWIND,BSE,REDINGTON,SONACOMS,IDEA",5.5,10,882.8107,15.190320000000003,58.1,4,6,9,risk_off
v3_rank12_premium_gold_top10,2025-10-10,2025-10-13,10,"TATACOMM,RPOWER,BSE,PGEL,IIFL,YESBANK,INOXWIND,IDEA,NYKAA,SONACOMS",5.5,10,840.6757,14.820359999999999,56.3,4,6,8,neutral
v3_rank12_premium_gold_top10,2025-10-13,2025-10-14,10,"WHIRLPOOL,ICICIGI,OLAELEC,BLS,FORCEMOT,NESTLEIND,ASIANPAINT,ADANIPOWER,BBTC,OBEROIRLTY",5.5,10,1136.6559,16.8915,66.8,10,0,8,risk_off
v3_rank12_premium_gold_top10,2025-10-14,2025-10-15,10,"WHIRLPOOL,OLAELEC,BLS,ICICIGI,NESTLEIND,FORCEMOT,ASIANPAINT,ADANIPOWER,OBEROIRLTY,PERSISTENT",5.5,10,1174.4315,16.706249999999997,69.8,10,0,9,risk_off
v3_rank12_premium_gold_top10,2025-10-15,2025-10-16,10,"WHIRLPOOL,OLAELEC,BLS,FORCEMOT,NESTLEIND,ANGELONE,OBEROIRLTY,ADANIPOWER,SONACOMS,ASIANPAINT",5.5,10,1146.2038,16.03069,69.8,6,4,9,neutral
v3_rank12_premium_gold_top10,2025-10-16,2025-10-17,10,"WHIRLPOOL,BLS,FORCEMOT,OLAELEC,SONACOMS,ANGELONE,ADANIPOWER,BBTC,ACUTAAS,NESTLEIND",5.5,10,1184.2679,15.815429999999997,73.9,6,4,9,neutral
v3_rank12_premium_gold_top10,2025-10-17,2025-10-20,10,"BLS,WHIRLPOOL,OLAELEC,FORCEMOT,ANGELONE,SONACOMS,NESTLEIND,ADANIPOWER,ACUTAAS,GODREJPROP",5.5,10,1166.8136,15.45738,74.7,4,6,9,neutral
v3_rank12_premium_gold_top10,2025-10-20,2025-10-21,10,"BSOFT,SCI,WELSPUNLIV,CREDITACC,CHOLAHLDNG,ABDL,GRAVITA,SAMMAANCAP,VTL,IDFCFIRSTB",5.5,10,1030.3581,15.98031,64.1,10,0,9,risk_on
v3_rank12_premium_gold_top10,2025-10-21,2025-10-23,10,"SCI,BSOFT,CREDITACC,WELSPUNLIV,CHOLAHLDNG,SAMMAANCAP,VTL,ABDL,GRAVITA,IDFCFIRSTB",5.5,10,960.5708000000001,15.73284,60.6,9,1,9,risk_on
v3_rank12_premium_gold_top10,2025-10-23,2025-10-24,10,"CREDITACC,SCI,CHOLAHLDNG,WELSPUNLIV,SAMMAANCAP,GRAVITA,BSOFT,ABDL,VTL,IDFCFIRSTB",5.5,10,956.5360999999999,15.263409999999999,62.1,6,4,6,risk_on
v3_rank12_premium_gold_top10,2025-10-24,2025-10-27,10,"WELSPUNLIV,CREDITACC,SAMMAANCAP,BSOFT,ABDL,SCI,VTL,CHOLAHLDNG,IDFCFIRSTB,GRAVITA",5.5,10,966.8273000000002,14.81257,64.9,5,5,7,risk_on
v3_rank12_premium_gold_top10,2025-10-27,2025-10-28,10,"BLUEDART,NAVINFLUOR,FIVESTAR,GRAPHITE,WELCORP,BHEL,OLECTRA,NEWGEN,CHENNPETRO,CARTRADE",5.5,10,1117.0307,17.179660000000002,65.3,10,0,10,risk_on
v3_rank12_premium_gold_top10,2025-10-28,2025-10-29,10,"BLUEDART,FIVESTAR,NAVINFLUOR,BHEL,ABREL,WELCORP,INTELLECT,MRPL,ADANIGREEN,GRAPHITE",5.5,10,1127.3970000000002,17.13506,66.2,10,0,9,risk_on
v3_rank12_premium_gold_top10,2025-10-29,2025-10-30,10,"NAVINFLUOR,INTELLECT,WELCORP,CHENNPETRO,FIVESTAR,GRAPHITE,ABREL,HEG,MRPL,BLUEDART",5.5,10,1227.7646,16.263900000000003,75.3,10,0,6,risk_on
v3_rank12_premium_gold_top10,2025-10-30,2025-10-31,10,"NAVINFLUOR,INTELLECT,WELCORP,BLUEDART,FIVESTAR,ABREL,BAYERCROP,HEG,MRPL,IDBI",5.5,10,1072.8713,15.92399,67.3,10,0,6,risk_on
v3_rank12_premium_gold_top10,2025-10-31,2025-11-03,10,"FIVESTAR,WELCORP,NAVINFLUOR,BLUEDART,ABREL,INTELLECT,HEG,CHENNPETRO,BAYERCROP,GRAPHITE",5.5,10,1076.8101,15.440769999999997,69.8,10,0,4,risk_on
v3_rank12_premium_gold_top10,2025-11-03,2025-11-04,10,"3MINDIA,REDINGTON,CCL,CUB,POWERINDIA,TBOTEK,BSE,INDUSTOWER,SWANCORP,IDEA",6.0,11,1099.7748,16.527549999999998,67.0,7,3,8,risk_on
v3_rank12_premium_gold_top10,2025-11-04,2025-11-06,10,"REDINGTON,CCL,POWERINDIA,TBOTEK,3MINDIA,SWANCORP,CUB,BSE,INDUSTOWER,IDEA",6.2,11,1072.7969000000003,15.920489999999997,67.5,8,2,7,neutral
v3_rank12_premium_gold_top10,2025-11-06,2025-11-07,10,"BSE,POWERINDIA,3MINDIA,REDINGTON,SWANCORP,CCL,CUB,TBOTEK,IDEA,INDUSTOWER",6.5,11,1104.4319,15.58993,70.9,8,2,6,risk_off
v3_rank12_premium_gold_top10,2025-11-07,2025-11-10,10,"POWERINDIA,3MINDIA,CUB,REDINGTON,SWANCORP,CCL,BSE,TBOTEK,IDEA,INDUSTOWER",5.8,11,1137.5466000000001,15.05573,75.6,6,4,5,risk_off
v3_rank12_premium_gold_top10,2025-11-10,2025-11-11,10,"IPCALAB,DATAPATTNS,BERGEPAINT,GRAPHITE,KIRLOSENG,HONASA,TARIL,SYRMA,APARINDS,LATENTVIEW",6.6,12,1257.1774,16.87531,75.2,10,0,9,risk_off
v3_rank12_premium_gold_top10,2025-11-11,2025-11-12,10,"IPCALAB,HONASA,KIRLOSENG,TARIL,DATAPATTNS,GRAPHITE,BIOCON,AAVAS,SYRMA,BERGEPAINT",7.3,12,1104.7018999999998,16.746699999999997,66.5,10,0,10,risk_off
v3_rank12_premium_gold_top10,2025-11-12,2025-11-13,10,"IPCALAB,HONASA,TARIL,DATAPATTNS,GRAPHITE,KIRLOSENG,PGEL,IDEA,ADANIENSOL,LATENTVIEW",5.5,10,1279.7033,16.302889999999998,79.1,10,0,8,neutral
v3_rank12_premium_gold_top10,2025-11-13,2025-11-14,10,"IPCALAB,TARIL,GRAPHITE,LATENTVIEW,IDEA,KIRLOSENG,HONASA,RPOWER,DATAPATTNS,JYOTICNC",5.5,10,1316.5857,16.0011,82.5,10,0,6,risk_off
v3_rank12_premium_gold_top10,2025-11-14,2025-11-17,10,"IPCALAB,TARIL,GRAPHITE,IDEA,DATAPATTNS,AAVAS,KIRLOSENG,RHIM,HONASA,SYRMA",5.5,10,1241.4859000000001,15.59466,79.3,8,2,8,neutral
v3_rank12_premium_gold_top10,2025-11-17,2025-11-18,10,"ANURAS,TBOTEK,M&MFIN,NH,NATCOPHARM,360ONE,LTTS,DCMSHRIRAM,JPPOWER,ERIS",5.8,11,690.6557,14.611610000000002,45.5,3,7,9,neutral
v3_rank12_premium_gold_top10,2025-11-18,2025-11-19,10,"ANURAS,TBOTEK,M&MFIN,NH,LTTS,NATCOPHARM,360ONE,DCMSHRIRAM,JPPOWER,ERIS",6.0,12,648.1616000000001,14.743159999999998,42.8,4,6,10,risk_off
v3_rank12_premium_gold_top10,2025-11-19,2025-11-20,10,"TBOTEK,ANURAS,M&MFIN,NATCOPHARM,NH,DCMSHRIRAM,360ONE,JPPOWER,LTTS,SONACOMS",6.5,12,636.3982000000001,14.217750000000004,42.7,5,5,10,risk_off
v3_rank12_premium_gold_top10,2025-11-20,2025-11-21,10,"ANURAS,TBOTEK,NH,M&MFIN,NATCOPHARM,DCMSHRIRAM,360ONE,FIVESTAR,LTTS,PGEL",5.8,11,669.1196000000001,13.638679999999999,47.3,3,7,9,risk_off
v3_rank12_premium_gold_top10,2025-11-21,2025-11-24,10,"ANURAS,TBOTEK,NH,M&MFIN,NATCOPHARM,360ONE,DCMSHRIRAM,LTTS,JPPOWER,FIVESTAR",6.0,12,720.3792000000001,13.47036,52.2,2,8,8,risk_off
v3_rank12_premium_gold_top10,2025-11-24,2025-11-25,10,"GMDCLTD,WELSPUNLIV,ASHOKLEY,ELGIEQUIP,TIMKEN,CEMPRO,RPOWER,VBL,CRAFTSMAN,SAREGAMA",5.5,10,1021.8142,15.3476,66.3,7,3,10,risk_off
v3_rank12_premium_gold_top10,2025-11-25,2025-11-26,10,"GMDCLTD,WELSPUNLIV,TIMKEN,ELGIEQUIP,RPOWER,ASHOKLEY,CEMPRO,SAREGAMA,VBL,GRAVITA",5.5,10,1019.3814999999998,15.091400000000002,67.1,5,5,10,risk_off
v3_rank12_premium_gold_top10,2025-11-26,2025-11-27,10,"GMDCLTD,WELSPUNLIV,TIMKEN,ASHOKLEY,SAREGAMA,ELGIEQUIP,RPOWER,CEMPRO,VBL,CRAFTSMAN",5.5,10,985.5261999999999,14.90452,65.5,4,6,10,risk_off
v3_rank12_premium_gold_top10,2025-11-27,2025-11-28,10,"WELSPUNLIV,GMDCLTD,TIMKEN,ELGIEQUIP,VBL,RPOWER,CEMPRO,SAREGAMA,ACUTAAS,ABCAPITAL",5.7,11,981.1115000000002,14.58766,67.1,2,8,10,risk_off
v3_rank12_premium_gold_top10,2025-11-28,2025-12-01,10,"GMDCLTD,WELSPUNLIV,TIMKEN,RPOWER,ELGIEQUIP,ASHOKLEY,SAREGAMA,CEMPRO,ABCAPITAL,NUVAMA",5.5,10,965.7813,14.275359999999997,67.2,2,8,10,risk_off
v3_rank12_premium_gold_top10,2025-12-01,2025-12-02,10,"BSOFT,INDIACEM,ZFCVINDIA,HSCL,JSWDULUX,PATANJALI,IDEA,HINDCOPPER,M&MFIN,ECLERX",5.8,12,881.6151,14.360790000000003,61.1,4,6,8,risk_off
v3_rank12_premium_gold_top10,2025-12-02,2025-12-03,10,"HSCL,INDIACEM,ZFCVINDIA,BSOFT,IDEA,JSWDULUX,HINDCOPPER,PATANJALI,ECLERX,M&MFIN",5.5,10,893.0950999999999,14.4094,61.4,4,6,10,risk_off
v3_rank12_premium_gold_top10,2025-12-03,2025-12-04,10,"INDIACEM,BSOFT,ZFCVINDIA,HSCL,HINDCOPPER,PATANJALI,IDEA,JSWDULUX,NATCOPHARM,ECLERX",5.7,11,863.5537,14.188939999999999,59.9,4,6,9,risk_off
v3_rank12_premium_gold_top10,2025-12-04,2025-12-05,10,"ZFCVINDIA,BSOFT,INDIACEM,HSCL,HINDCOPPER,IDEA,PATANJALI,JSWDULUX,ECLERX,M&MFIN",5.5,10,873.5182000000001,13.742799999999999,62.8,2,8,7,risk_off
v3_rank12_premium_gold_top10,2025-12-05,2025-12-08,10,"ZFCVINDIA,BSOFT,INDIACEM,HSCL,HINDCOPPER,IDEA,JSWDULUX,ECLERX,NATCOPHARM,M&MFIN",6.2,11,918.6614999999999,13.48785,67.2,2,8,7,risk_off
v3_rank12_premium_gold_top10,2025-12-08,2025-12-09,10,"JUBLINGREA,TARIL,HINDZINC,ANANTRAJ,GODFRYPHLP,GVT&D,OLAELEC,SARDAEN,IDEA,NAVA",5.5,10,1413.0467000000003,16.761340000000004,84.2,10,0,10,risk_off
v3_rank12_premium_gold_top10,2025-12-09,2025-12-10,10,"JUBLINGREA,TARIL,ANANTRAJ,HINDZINC,GODFRYPHLP,NIACL,OLAELEC,DIXON,GVT&D,ACMESOLAR",5.5,10,1310.7797999999998,16.651469999999996,78.5,10,0,10,risk_off
v3_rank12_premium_gold_top10,2025-12-10,2025-12-11,10,"TARIL,JUBLINGREA,ANANTRAJ,OLAELEC,IDEA,NIACL,GODFRYPHLP,HINDZINC,GVT&D,KAYNES",5.5,10,1469.3327,16.538959999999996,88.7,10,0,10,risk_off
v3_rank12_premium_gold_top10,2025-12-11,2025-12-12,10,"JUBLINGREA,TARIL,ANANTRAJ,OLAELEC,NIACL,GODFRYPHLP,PREMIERENE,BANDHANBNK,GMDCLTD,KAYNES",5.5,10,1338.0122,16.562620000000003,80.5,10,0,10,risk_off
v3_rank12_premium_gold_top10,2025-12-12,2025-12-15,10,"JUBLINGREA,TARIL,OLAELEC,ANANTRAJ,GODFRYPHLP,PREMIERENE,KAYNES,NIACL,IDEA,GMDCLTD",5.5,10,1348.1957,15.97809,84.3,10,0,10,risk_off
v3_rank12_premium_gold_top10,2025-12-15,2025-12-16,10,"RPOWER,AIIL,KIRLOSENG,TATAELXSI,HBLENGINE,ZFCVINDIA,POLICYBZR,INDIACEM,ITI,GABRIEL",5.6,11,1056.2027999999998,15.059630000000002,69.5,3,7,9,risk_off
v3_rank12_premium_gold_top10,2025-12-16,2025-12-17,10,"RPOWER,AIIL,HBLENGINE,POLICYBZR,INDIACEM,TATAELXSI,ZFCVINDIA,MSUMI,ITI,HEROMOTOCO",5.5,10,887.5328,15.0447,57.8,4,6,9,risk_off
v3_rank12_premium_gold_top10,2025-12-17,2025-12-18,10,"RPOWER,HBLENGINE,AIIL,ZFCVINDIA,POLICYBZR,TATAELXSI,HEROMOTOCO,GABRIEL,MSUMI,PTCIL",5.5,10,880.6352,15.089210000000003,57.5,3,7,10,risk_off
v3_rank12_premium_gold_top10,2025-12-18,2025-12-19,10,"AIIL,RPOWER,POLICYBZR,HBLENGINE,PTCIL,TATAELXSI,COROMANDEL,ZFCVINDIA,MSUMI,INDIACEM",5.6,11,917.8951,15.00549,60.6,3,7,9,risk_off
v3_rank12_premium_gold_top10,2025-12-19,2025-12-22,10,"RPOWER,AIIL,POLICYBZR,ZFCVINDIA,PTCIL,HEROMOTOCO,KIRLOSENG,MSUMI,HBLENGINE,GABRIEL",5.6,11,936.458,14.28755,65.3,3,7,9,risk_off
v3_rank12_premium_gold_top10,2025-12-22,2025-12-23,10,"IRFC,MMTC,RVNL,IRCON,RAILTEL,GMDCLTD,TITAGARH,IFCI,JWL,HINDCOPPER",5.5,10,1277.8375,17.23116,74.5,10,0,9,neutral
v3_rank12_premium_gold_top10,2025-12-23,2025-12-24,10,"GMDCLTD,MMTC,RVNL,IRCON,IRFC,RAILTEL,TITAGARH,HINDCOPPER,JWL,IFCI",5.5,10,1273.7622999999999,16.59151,76.8,10,0,8,risk_on
v3_rank12_premium_gold_top10,2025-12-24,2025-12-26,10,"MMTC,IRCON,TITAGARH,RVNL,RAILTEL,GMDCLTD,IRFC,JWL,IFCI,BDL",5.5,10,1123.4396,16.19225,69.2,10,0,9,risk_on
v3_rank12_premium_gold_top10,2025-12-26,2025-12-29,10,"TITAGARH,HINDCOPPER,MMTC,RAILTEL,IRCON,RVNL,IFCI,JWL,IRFC,GMDCLTD",5.5,10,1289.0026999999998,15.67661,82.2,10,0,7,neutral
v3_rank12_premium_gold_top10,2025-12-29,2025-12-30,10,"OLAELEC,TARIL,BOSCHLTD,SJVN,GUJGASLTD,ZYDUSWELL,CRAFTSMAN,FORCEMOT,TVSMOTOR,HINDCOPPER",5.5,10,1148.2703999999999,16.73992,68.4,10,0,9,neutral
v3_rank12_premium_gold_top10,2025-12-30,2025-12-31,10,"TARIL,BOSCHLTD,SJVN,CRAFTSMAN,GUJGASLTD,OLAELEC,ZYDUSWELL,FORCEMOT,IDBI,ANANTRAJ",5.5,10,1095.3345000000002,16.551620000000003,66.0,10,0,10,neutral
v3_rank12_premium_gold_top10,2025-12-31,2026-01-01,10,"TARIL,OLAELEC,SJVN,ANANTRAJ,HINDCOPPER,NLCINDIA,ZYDUSWELL,FORCEMOT,ABSLAMC,BOSCHLTD",5.5,10,1217.3143,16.217310000000005,74.4,10,0,8,risk_on
v3_rank12_premium_gold_top10,2026-01-01,2026-01-02,10,"TARIL,OLAELEC,SJVN,HINDCOPPER,IDBI,FORCEMOT,ZYDUSWELL,CRAFTSMAN,BOSCHLTD,ANANTRAJ",5.5,10,1542.0179,15.335040000000001,99.8,7,3,7,risk_on
v3_rank12_premium_gold_top10,2026-01-02,2026-01-05,10,"TARIL,HINDCOPPER,OLAELEC,SJVN,CRAFTSMAN,ZYDUSWELL,GRAPHITE,FORCEMOT,MSUMI,NSLNISP",5.5,10,1589.3662,14.90377,106.0,4,6,6,risk_on
v3_rank12_premium_gold_top10,2026-01-06,2026-01-07,10,"IPCALAB,SIGNATURE,TATAELXSI,SOLARINDS,BHEL,NETWEB,EMCURE,PERSISTENT,MANAPPURAM,INDIACEM",5.8,11,533.2282000000001,12.286629999999999,42.1,0,10,10,risk_on
v3_rank12_premium_gold_top10,2026-01-12,2026-01-13,10,"CHENNPETRO,ANGELONE,FEDERALBNK,JWL,UNIONBANK,FORCEMOT,IFCI,MCX,HFCL,MMTC",5.5,10,1664.9388,15.7767,106.1,7,3,9,risk_off
v3_rank12_premium_gold_top10,2026-01-13,2026-01-14,10,"CHENNPETRO,ANGELONE,JWL,FEDERALBNK,UNIONBANK,FORCEMOT,IFCI,HFCL,MMTC,MCX",5.5,10,1657.0122,15.740300000000001,105.9,5,5,8,risk_off
v3_rank12_premium_gold_top10,2026-01-14,2026-01-15,10,"FEDERALBNK,ANGELONE,JWL,IFCI,FORCEMOT,CHENNPETRO,HFCL,MCX,MMTC,RBLBANK",5.5,10,1660.9249999999997,15.143560000000003,109.7,6,4,5,risk_off
v3_rank12_premium_gold_top10,2026-01-15,2026-01-16,10,"FEDERALBNK,MCX,HDFCAMC,VEDL,MANAPPURAM,APOLLOTYRE,LTIM,CANFINHOME,TECHM,CANBK",6.0,11,600.8393,12.32081,46.5,1,9,8,risk_off
v3_rank12_premium_gold_top10,2026-01-16,2026-01-19,10,"ANGELONE,JWL,FEDERALBNK,CHENNPETRO,FORCEMOT,HFCL,MMTC,IFCI,MCX,UNIONBANK",5.5,10,1603.4873000000002,14.683660000000003,109.1,4,6,4,risk_off
v3_rank12_premium_gold_top10,2026-01-19,2026-01-20,10,"SUNTV,CREDITACC,RADICO,MINDACORP,MRPL,JINDALSAW,APLAPOLLO,EMCURE,BANDHANBNK,BIKAJI",5.5,10,1062.1446,15.45187,67.7,6,4,10,risk_off
v3_rank12_premium_gold_top10,2026-01-20,2026-01-21,10,"SUNTV,CREDITACC,RADICO,MRPL,APLAPOLLO,MINDACORP,JINDALSAW,EMCURE,BIKAJI,RKFORGE",5.5,10,1146.2044,15.24924,74.2,6,4,9,risk_off
v3_rank12_premium_gold_top10,2026-01-21,2026-01-22,10,"SUNTV,RADICO,MINDACORP,MRPL,CREDITACC,APLAPOLLO,EMCURE,JINDALSAW,AAVAS,BANDHANBNK",6.5,11,1175.3227,14.883060000000004,78.2,6,4,8,risk_off
v3_rank12_premium_gold_top10,2026-01-22,2026-01-23,10,"SUNTV,MRPL,APLAPOLLO,RADICO,MINDACORP,EMCURE,BANDHANBNK,HOMEFIRST,RKFORGE,JINDALSAW",5.5,10,1131.9022,14.54301,76.6,2,8,10,risk_off
v3_rank12_premium_gold_top10,2026-01-23,2026-01-27,10,"SUNTV,MRPL,RADICO,APLAPOLLO,CREDITACC,BANDHANBNK,MINDACORP,EMCURE,ASHOKLEY,RKFORGE",5.5,10,1281.6859,14.315189999999998,88.2,2,8,9,risk_off
v3_rank12_premium_gold_top10,2026-01-27,2026-01-28,10,"SYRMA,ABDL,ABB,SPLPETRO,GVT&D,DELHIVERY,GESHIP,VTL,IDEA,SHYAMMETL",5.5,10,1768.0739,17.01859,103.8,10,0,10,risk_off
v3_rank12_premium_gold_top10,2026-01-28,2026-01-29,10,"CARTRADE,SPLPETRO,ABDL,ABB,IDEA,APARINDS,CGPOWER,DELHIVERY,VTL,ACE",5.5,10,1863.3761000000002,16.66276,111.7,10,0,10,risk_off
v3_rank12_premium_gold_top10,2026-01-29,2026-01-30,10,"SPLPETRO,ABDL,IDEA,VTL,DELHIVERY,CARTRADE,SIGNATURE,GESHIP,CGPOWER,ZFCVINDIA",5.5,10,1849.7619999999995,16.57678,111.3,10,0,10,risk_off
v3_rank12_premium_gold_top10,2026-01-30,2026-02-01,10,"GESHIP,ABDL,DELHIVERY,INTELLECT,CGPOWER,VTL,SIGNATURE,SPLPETRO,SYRMA,SHYAMMETL",5.5,10,1666.6018,16.075940000000003,103.8,10,0,10,risk_off
v3_rank12_premium_gold_top10,2026-02-01,2026-02-02,10,"ABDL,INTELLECT,ACMESOLAR,CARTRADE,DELHIVERY,SIGNATURE,ACE,SHYAMMETL,SPLPETRO,ABB",5.5,10,1600.8689000000002,16.107870000000002,99.3,10,0,9,risk_off
v3_rank12_premium_gold_top10,2026-02-02,2026-02-03,10,"GALLANTT,BALKRISIND,ADANIPOWER,SAPPHIRE,GODFRYPHLP,RKFORGE,UPL,GODREJPROP,POONAWALLA,CONCORDBIO",5.5,10,1967.0223,17.377509999999997,113.3,10,0,9,risk_off
v3_rank12_premium_gold_top10,2026-02-03,2026-02-04,10,"CONCORDBIO,SAPPHIRE,POONAWALLA,GODFRYPHLP,LLOYDSME,ABREL,UPL,DEVYANI,ADANIPOWER,NYKAA",5.5,10,2003.4267999999997,17.042879999999997,117.4,10,0,4,neutral
v3_rank12_premium_gold_top10,2026-02-04,2026-02-05,10,"CONCORDBIO,ABREL,POONAWALLA,GODFRYPHLP,GODREJPROP,SAPPHIRE,CDSL,LICI,ABCAPITAL,SARDAEN",5.5,10,1788.1725000000001,16.383250000000004,108.8,10,0,10,risk_on
v3_rank12_premium_gold_top10,2026-02-05,2026-02-06,10,"CONCORDBIO,POONAWALLA,GODFRYPHLP,ABCAPITAL,ABREL,GODREJPROP,POWERINDIA,CDSL,NYKAA,KAYNES",5.5,10,1948.1403000000003,16.585040000000003,117.5,10,0,10,neutral
v3_rank12_premium_gold_top10,2026-02-06,2026-02-09,10,"ABCAPITAL,GODREJPROP,ABREL,UPL,FLUOROCHEM,KAYNES,LLOYDSME,NYKAA,ADANIPOWER,TARIL",5.5,10,1756.8073,15.80674,111.2,10,0,9,risk_on
v3_rank12_premium_gold_top10,2026-02-09,2026-02-10,10,"SIGNATURE,KIMS,AMBER,KIRLOSENG,ENGINERSIN,EICHERMOT,PFIZER,MOTHERSON,ASTRAL,JMFINANCIL",5.5,10,1594.5549,15.461949999999998,102.6,7,3,10,risk_on
v3_rank12_premium_gold_top10,2026-02-10,2026-02-11,10,"KIMS,PFIZER,EICHERMOT,ENGINERSIN,SIGNATURE,AMBER,KIRLOSENG,MOTHERSON,ASTRAL,BHARATFORG",5.5,10,1513.1902000000002,15.391519999999996,98.1,8,2,9,risk_on
v3_rank12_premium_gold_top10,2026-02-11,2026-02-12,10,"ENGINERSIN,AMBER,KIMS,SIGNATURE,PFIZER,KIRLOSENG,MOTHERSON,EICHERMOT,JMFINANCIL,LINDEINDIA",5.5,10,1556.1449,15.10712,102.8,4,6,8,risk_on
v3_rank12_premium_gold_top10,2026-02-12,2026-02-13,10,"ENGINERSIN,AMBER,KIMS,SIGNATURE,PFIZER,KIRLOSENG,EICHERMOT,JMFINANCIL,LINDEINDIA,MOTHERSON",5.5,10,1576.1369,15.052879999999998,104.6,5,5,8,risk_on
v3_rank12_premium_gold_top10,2026-02-13,2026-02-16,10,"AMBER,KIMS,ENGINERSIN,PFIZER,EICHERMOT,SIGNATURE,MOTHERSON,KIRLOSENG,BHARATFORG,LINDEINDIA",5.5,10,1579.1381999999999,14.830879999999999,106.6,4,6,6,risk_on
v3_rank12_premium_gold_top10,2026-02-16,2026-02-17,10,"TARIL,TATAINVEST,GODFRYPHLP,NETWEB,TECHNOE,ELGIEQUIP,APARINDS,NCC,THERMAX,PNB",5.5,10,1828.545,16.096429999999998,113.1,8,2,8,risk_on
v3_rank12_premium_gold_top10,2026-02-17,2026-02-18,10,"TARIL,TATAINVEST,GODFRYPHLP,NETWEB,TECHNOE,NCC,APARINDS,ELGIEQUIP,THERMAX,MCX",5.5,10,1892.6227,16.08511,118.2,8,2,7,risk_on
v3_rank12_premium_gold_top10,2026-02-18,2026-02-19,10,"TATAINVEST,TARIL,NCC,NETWEB,TECHNOE,GODFRYPHLP,ELGIEQUIP,APARINDS,THERMAX,MCX",5.5,10,1828.8804,15.364620000000002,119.6,7,3,5,risk_on
v3_rank12_premium_gold_top10,2026-02-19,2026-02-20,10,"TATAINVEST,TARIL,ELGIEQUIP,GODFRYPHLP,NCC,NETWEB,TECHNOE,APARINDS,THERMAX,MCX",5.5,10,1868.0092,15.12901,123.8,6,4,4,neutral
v3_rank12_premium_gold_top10,2026-02-20,2026-02-23,10,"TATAINVEST,NCC,ELGIEQUIP,GODFRYPHLP,TARIL,TECHNOE,NETWEB,APARINDS,MCX,HSCL",5.5,10,1806.157,14.728539999999999,123.0,5,5,3,neutral
v3_rank12_premium_gold_top10,2026-02-23,2026-02-24,10,"REDINGTON,TEJASNET,FINCABLES,CONCORDBIO,BLUEJET,J&KBANK,SPLPETRO,IDFCFIRSTB,TEGA,SCHAEFFLER",5.5,10,1779.1317999999999,16.06276,110.7,9,1,7,neutral
v3_rank12_premium_gold_top10,2026-02-24,2026-02-25,10,"REDINGTON,TEJASNET,CONCORDBIO,FINCABLES,J&KBANK,BLUEJET,SPLPETRO,MANKIND,IDFCFIRSTB,SCHAEFFLER",5.5,10,1742.3326999999997,16.07482,107.9,10,0,9,neutral
v3_rank12_premium_gold_top10,2026-02-25,2026-02-26,10,"REDINGTON,TEJASNET,FINCABLES,BLUEJET,SPLPETRO,J&KBANK,CONCORDBIO,IDFCFIRSTB,SCHAEFFLER,TIMKEN",5.5,10,1780.3865999999998,15.981939999999998,111.2,10,0,7,neutral
v3_rank12_premium_gold_top10,2026-02-26,2026-02-27,10,"REDINGTON,BLUEJET,SPLPETRO,TEJASNET,FINCABLES,IDFCFIRSTB,SCHAEFFLER,NETWEB,J&KBANK,TIMKEN",5.5,10,1741.5249000000003,15.635290000000001,111.4,6,4,6,neutral
v3_rank12_premium_gold_top10,2026-02-27,2026-03-02,10,"REDINGTON,BLUEJET,TEJASNET,SCHAEFFLER,FINCABLES,IDFCFIRSTB,J&KBANK,TEGA,SPLPETRO,CONCORDBIO",5.5,10,1634.9944,15.31233,106.7,7,3,5,risk_off
v3_rank12_premium_gold_top10,2026-03-02,2026-03-04,10,"MAZDOCK,ONESOURCE,JWL,NATIONALUM,SOLARINDS,IRCON,CHENNPETRO,GRSE,KIRLOSENG,JSWINFRA",5.5,10,1734.0002,16.163619999999998,107.2,10,0,7,risk_off
v3_rank12_premium_gold_top10,2026-03-04,2026-03-05,10,"MAZDOCK,JWL,ONESOURCE,SOLARINDS,DATAPATTNS,GRSE,IRCON,NATIONALUM,MRPL,KIRLOSENG",5.5,10,1949.8899999999999,15.965070000000003,122.6,10,0,8,risk_off
v3_rank12_premium_gold_top10,2026-03-05,2026-03-06,10,"JWL,MAZDOCK,ONESOURCE,SOLARINDS,NATIONALUM,IRCON,MRPL,POLYMED,KIRLOSENG,UBL",5.5,10,1783.346,15.61214,114.4,9,1,8,risk_off
v3_rank12_premium_gold_top10,2026-03-06,2026-03-09,10,"MAZDOCK,SOLARINDS,IRCON,NATIONALUM,JWL,ONESOURCE,POLYMED,MRPL,ASTERDM,JSWINFRA",5.5,10,1608.4865,15.18176,106.1,6,4,8,risk_off
v3_rank12_premium_gold_top10,2026-03-09,2026-03-10,10,"NTPCGREEN,AIIL,SAREGAMA,ACMESOLAR,PARADEEP,PREMIERENE,JSWENERGY,FACT,LTTS,IFCI",5.5,10,1830.7243999999998,16.51851,111.1,10,0,9,risk_off
v3_rank12_premium_gold_top10,2026-03-10,2026-03-11,10,"NTPCGREEN,SAREGAMA,ACMESOLAR,PARADEEP,PREMIERENE,LTTS,IFCI,AIIL,JSWENERGY,ATGL",5.5,10,1631.5624,16.264210000000002,100.7,10,0,10,risk_off
v3_rank12_premium_gold_top10,2026-03-11,2026-03-12,10,"NTPCGREEN,ACMESOLAR,SAREGAMA,PARADEEP,LTTS,AIIL,IFCI,TORNTPOWER,JSWENERGY,ATGL",5.5,10,1581.0304,16.2811,97.5,10,0,9,risk_off
v3_rank12_premium_gold_top10,2026-03-12,2026-03-13,10,"ACMESOLAR,AIIL,LTTS,PARADEEP,NTPCGREEN,TORNTPOWER,SAREGAMA,JSWENERGY,IFCI,PREMIERENE",5.5,10,1642.7957999999999,15.96245,102.7,9,1,10,risk_off
v3_rank12_premium_gold_top10,2026-03-13,2026-03-16,10,"PARADEEP,SAREGAMA,NTPCGREEN,TORNTPOWER,AIIL,ACMESOLAR,PREMIERENE,LTTS,GESHIP,JSWENERGY",5.5,10,1644.7729,15.29177,107.6,7,3,10,risk_off
v3_rank12_premium_gold_top10,2026-03-16,2026-03-17,10,"FIRSTCRY,JPPOWER,OLECTRA,IGIL,JBMA,AWL,MMTC,ACUTAAS,TARIL,HONASA",5.5,10,1968.5862999999997,16.54535,119.0,10,0,10,risk_off
v3_rank12_premium_gold_top10,2026-03-17,2026-03-18,10,"FIRSTCRY,OLECTRA,JPPOWER,IGIL,JBMA,MMTC,AWL,HONASA,ANGELONE,ACUTAAS",5.5,10,1949.7604999999999,16.57724,117.7,10,0,10,risk_off
v3_rank12_premium_gold_top10,2026-03-18,2026-03-19,10,"FIRSTCRY,AWL,IGIL,ACUTAAS,TARIL,JPPOWER,HONASA,JBMA,HEXT,OLECTRA",5.5,10,1917.3925,15.75027,121.6,10,0,10,risk_off
v3_rank12_premium_gold_top10,2026-03-19,2026-03-20,10,"FIRSTCRY,AWL,OLECTRA,JBMA,TARIL,ACUTAAS,HONASA,LLOYDSME,HEXT,IGIL",5.5,10,1992.5597999999998,15.831039999999998,125.9,10,0,10,risk_off
v3_rank12_premium_gold_top10,2026-03-20,2026-03-23,10,"JPPOWER,JBMA,FIRSTCRY,TARIL,OLECTRA,IGIL,WAAREEENER,PREMIERENE,ACUTAAS,AIIL",5.5,10,1914.5158999999999,14.93474,128.3,3,7,9,risk_off
v3_rank12_premium_gold_top10,2026-03-23,2026-03-24,10,"SPLPETRO,GRAPHITE,HEG,KARURVYSYA,SAGILITY,CHOICEIN,ONESOURCE,AFFLE,SAMMAANCAP,SYRMA",5.5,10,2256.2061000000003,16.74427,134.7,10,0,10,risk_off
v3_rank12_premium_gold_top10,2026-03-24,2026-03-25,10,"HEG,ONESOURCE,GRAPHITE,SAMMAANCAP,KARURVYSYA,CHOICEIN,AFFLE,SAGILITY,SPLPETRO,EMCURE",5.5,10,2228.9148,16.59531,134.4,10,0,9,risk_off
v3_rank12_premium_gold_top10,2026-03-25,2026-03-27,10,"HEG,ONESOURCE,GRAPHITE,KARURVYSYA,SPLPETRO,SAGILITY,CHOICEIN,SAMMAANCAP,AFFLE,TBOTEK",5.5,10,2202.2185,16.42526,133.9,10,0,10,risk_off
v3_rank12_premium_gold_top10,2026-03-27,2026-03-30,10,"ONESOURCE,CHOICEIN,SAMMAANCAP,HEG,BALRAMCHIN,GRAPHITE,SAGILITY,ACMESOLAR,KARURVYSYA,TBOTEK",5.5,10,2142.2554,15.39658,139.3,10,0,9,risk_off
v3_rank12_premium_gold_top10,2026-03-30,2026-04-01,10,"LATENTVIEW,OLAELEC,TTML,IDBI,RPOWER,SAPPHIRE,POLYMED,IFCI,BSOFT,HINDCOPPER",5.5,10,2219.7250000000004,16.88531,131.4,10,0,10,risk_off
v3_rank12_premium_gold_top10,2026-04-01,2026-04-02,10,"LATENTVIEW,TTML,IDBI,OLAELEC,TATACHEM,SAPPHIRE,BSOFT,IFCI,RHIM,RPOWER",5.5,10,2063.1573,16.27606,126.7,10,0,5,risk_off
v3_rank12_premium_gold_top10,2026-04-02,2026-04-06,10,"SAPPHIRE,IDBI,TTML,GRSE,OLAELEC,IFCI,TATACHEM,LATENTVIEW,RHIM,BLS",5.5,10,2002.1322999999998,15.73757,127.2,10,0,9,risk_off
v3_rank12_premium_gold_top10,2026-04-06,2026-04-07,10,"GRAVITA,DEVYANI,COHANCE,ASHOKLEY,FIVESTAR,LODHA,ITI,PRESTIGE,CEMPRO,ABREL",5.5,10,2294.6453,17.304250000000003,132.6,10,0,10,risk_off
v3_rank12_premium_gold_top10,2026-04-07,2026-04-08,10,"DEVYANI,GRAVITA,COHANCE,ASHOKLEY,JPPOWER,ITI,LODHA,CHOLAHLDNG,SAPPHIRE,NIACL",5.5,10,2286.0393,17.22624,132.7,10,0,10,neutral
v3_rank12_premium_gold_top10,2026-04-08,2026-04-09,10,"COHANCE,PGEL,ABREL,LODHA,DEVYANI,NUVAMA,ITI,REDINGTON,ASHOKLEY,HBLENGINE",5.5,10,2047.3825000000002,16.17584,126.6,10,0,4,risk_on
v3_rank12_premium_gold_top10,2026-04-09,2026-04-10,10,"COHANCE,PGEL,DEVYANI,ZEEL,SAPPHIRE,NIACL,COCHINSHIP,LODHA,IRCON,SBFC",5.5,10,2039.1127000000001,16.44375,124.0,10,0,10,risk_on
v3_rank12_premium_gold_top10,2026-04-10,2026-04-13,10,"LODHA,PGEL,DEVYANI,ASHOKLEY,RPOWER,REDINGTON,COCHINSHIP,NUVAMA,CEMPRO,HBLENGINE",5.5,10,1932.268,15.896730000000002,121.5,10,0,10,risk_on
v3_rank12_premium_gold_top10,2026-04-13,2026-04-15,10,"GUJGASLTD,TRITURBINE,NETWEB,SONATSOFTW,JWL,PGEL,ECLERX,RPOWER,RVNL,INOXWIND",5.5,10,2056.6798,16.57161,124.2,10,0,10,risk_on
v3_rank12_premium_gold_top10,2026-04-15,2026-04-16,10,"TRITURBINE,NLCINDIA,GUJGASLTD,ECLERX,MMTC,DCMSHRIRAM,RADICO,JWL,NAVA,INOXWIND",5.5,10,2010.684,16.28526,123.5,10,0,9,risk_on
v3_rank12_premium_gold_top10,2026-04-16,2026-04-17,10,"TRITURBINE,GUJGASLTD,NAVA,INOXWIND,RADICO,ECLERX,JWL,RPOWER,MMTC,IRCON",5.5,10,1983.5303000000004,16.13475,123.0,10,0,7,risk_on
v3_rank12_premium_gold_top10,2026-04-17,2026-04-20,10,"RPOWER,RADICO,INOXWIND,SUZLON,SONATSOFTW,RRKABEL,FIVESTAR,PGEL,RVNL,APTUS",5.5,10,1791.5086,15.56347,115.1,10,0,5,risk_on
v3_rank12_premium_gold_top10,2026-04-20,2026-04-21,10,"ELECON,PPLPHARMA,DATAPATTNS,ONESOURCE,HSCL,CLEAN,ARE&M,PARADEEP,WELCORP,PNBHOUSING",5.5,10,1970.6032,15.600740000000002,126.0,10,0,8,risk_on
v3_rank12_premium_gold_top10,2026-04-21,2026-04-22,10,"ONESOURCE,PPLPHARMA,DATAPATTNS,WELCORP,CLEAN,ARE&M,ELECON,ADANIENSOL,JUBLINGREA,OFSS",5.5,10,1971.4429000000005,15.402530000000002,127.7,6,4,6,risk_on
v3_rank12_premium_gold_top10,2026-04-22,2026-04-23,10,"PPLPHARMA,ONESOURCE,CLEAN,DATAPATTNS,WELCORP,TARIL,HSCL,OFSS,MANAPPURAM,ADANIENSOL",5.5,10,1857.9211,15.26664,121.5,8,2,4,risk_on
v3_rank12_premium_gold_top10,2026-04-23,2026-04-24,10,"DATAPATTNS,PPLPHARMA,CLEAN,TARIL,MANAPPURAM,WELCORP,ADANIENSOL,HSCL,ELECON,EMCURE",5.5,10,1848.1126,14.939789999999999,123.7,4,6,4,risk_on
v3_rank12_premium_gold_top10,2026-04-24,2026-04-27,10,"PPLPHARMA,DATAPATTNS,TARIL,WELCORP,CLEAN,MANAPPURAM,ONESOURCE,ADANIENSOL,PARADEEP,POWERINDIA",5.5,10,1836.872,14.943100000000001,122.9,4,6,1,risk_on
v3_rank12_premium_gold_top10,2026-04-27,2026-04-28,10,"IIFL,SAPPHIRE,CONCORDBIO,CEMPRO,DEVYANI,CHENNPETRO,HFCL,GESHIP,IKS,RBLBANK",5.5,10,2115.7793,15.698609999999999,134.9,10,0,8,risk_on
v3_rank12_premium_gold_top10,2026-04-28,2026-04-29,10,"SAPPHIRE,IIFL,DEVYANI,CEMPRO,CONCORDBIO,HFCL,RBLBANK,IKS,CHENNPETRO,GESHIP",5.5,10,1881.1524000000002,16.218890000000002,116.2,10,0,8,risk_on
v3_rank12_premium_gold_top10,2026-04-29,2026-04-30,10,"IIFL,CEMPRO,HFCL,SAPPHIRE,IKS,ERIS,CHENNPETRO,DEVYANI,COHANCE,BLUEJET",5.5,10,1853.8924,15.63976,118.4,9,1,3,risk_on
v3_rank12_premium_gold_top10,2026-04-30,2026-05-04,10,"IIFL,ERIS,HFCL,SAPPHIRE,IKS,RBLBANK,CHENNPETRO,DEVYANI,COHANCE,CEMPRO",5.5,10,1797.134,15.28431,117.8,7,3,2,risk_on
v3_rank12_premium_gold_top10,2026-05-04,2026-05-05,10,"ECLERX,FSL,NUVOCO,NUVAMA,PAYTM,COFORGE,CARTRADE,CRAFTSMAN,GODREJIND,YESBANK",5.5,10,1800.0697,17.39081,103.3,10,0,8,risk_on
v3_rank12_premium_gold_top10,2026-05-05,2026-05-06,10,"COFORGE,ECLERX,NUVOCO,CRAFTSMAN,PAYTM,FSL,NUVAMA,SONATSOFTW,GODREJIND,CARTRADE",5.5,10,1947.1622,16.978540000000002,114.7,10,0,8,risk_on
v3_rank12_premium_gold_top10,2026-05-06,2026-05-07,10,"CRAFTSMAN,NUVAMA,GODREJIND,PAYTM,ECLERX,NUVOCO,COFORGE,HFCL,THERMAX,SONATSOFTW",5.5,10,1939.7642,16.48462,118.2,10,0,4,risk_on
v3_rank12_premium_gold_top10,2026-05-07,2026-05-08,10,"FSL,SONATSOFTW,APTUS,HFCL,NUVAMA,ECLERX,GODFRYPHLP,CRAFTSMAN,NUVOCO,COFORGE",5.5,10,1851.3699000000001,16.07591,114.9,10,0,4,risk_on
v3_rank12_premium_gold_top10,2026-05-08,2026-05-11,10,"HFCL,ECLERX,NUVOCO,APTUS,CHOLAHLDNG,BHEL,CREDITACC,COFORGE,LALPATHLAB,NETWEB",5.5,10,1536.9078000000002,16.46624,93.3,10,0,4,risk_on
v3_rank12_premium_gold_top10,2026-05-12,2026-05-13,10,"HFCL,OIL,VTL,BIOCON,AFFLE,VEDL,KIMS,IDEA,TIMKEN,WELCORP",5.6,11,719.3657000000001,12.803570000000002,54.8,1,9,6,risk_off
v3_rank12_premium_gold_top10,2026-05-13,2026-05-14,10,"IDEA,HFCL,OIL,VEDL,KIMS,DIXON,NIACL,VTL,CCL,MAPMYINDIA",5.5,10,1184.4515,14.29982,82.2,3,7,7,risk_off
v3_rank12_premium_gold_top10,2026-05-14,2026-05-15,10,"HFCL,VEDL,SAREGAMA,NLCINDIA,SAIL,OIL,IDEA,BIOCON,KIMS,JUBLFOOD",6.5,11,1371.2769,15.59187,87.5,7,3,4,risk_off
v3_rank12_premium_gold_top10,2026-05-15,2026-05-18,10,"LATENTVIEW,SAILIFE,JPPOWER,VEDL,KIRLOSENG,ADANIENT,OIL,IDEA,BIOCON,CARBORUNIV",5.5,10,1494.5479,16.17764,92.2,10,0,5,risk_off
v3_rank12_premium_gold_top10,2026-05-19,2026-05-20,10,"IRB,IGIL,SAMMAANCAP,HONAUT,FSL,PCBL,TECHNOE,MINDACORP,POWERINDIA,HONASA",5.5,10,1487.0456,18.20805,81.9,10,0,10,risk_off
v3_rank12_premium_gold_top10,2026-05-20,2026-05-21,10,"SAMMAANCAP,IRB,HONAUT,FSL,TECHNOE,MINDACORP,HONASA,IGIL,DEEPAKFERT,PCBL",5.5,10,1512.1198000000002,17.72968,85.5,10,0,10,risk_off
v3_rank12_premium_gold_top10,2026-05-21,2026-05-22,10,"SAMMAANCAP,HONASA,FSL,IGIL,PCBL,DEEPAKFERT,POWERINDIA,TECHNOE,ELECON,MINDACORP",5.5,10,1573.5156,16.860970000000002,93.4,10,0,8,risk_off
v3_rank12_premium_gold_top10,2026-05-22,2026-05-25,10,"SAMMAANCAP,IGIL,PCBL,LATENTVIEW,POWERINDIA,FSL,TECHNOE,HONAUT,HONASA,MINDACORP",5.5,10,1458.9971,16.413970000000003,88.8,10,0,8,risk_off
v3_rank12_premium_gold_top10,2026-05-26,2026-05-27,10,"BLUEJET,ADANIPOWER,ARE&M,CEMPRO,ATGL,ADANIENSOL,ATHERENERG,VEDL,WOCKPHARMA,HBLENGINE",6.1,11,1188.0234999999998,13.6684,86.6,1,9,8,risk_on
v3_rank12_premium_gold_top10,2026-05-27,2026-05-29,10,"ADANIPOWER,HFCL,JPPOWER,ADANIENSOL,EXIDEIND,CEMPRO,ATGL,AIAENG,COALINDIA,JKTYRE",5.5,10,1529.0760999999998,15.860950000000003,95.8,10,0,4,risk_on
v3_rank12_premium_gold_top10,2026-05-29,2026-06-01,10,"POWERINDIA,CEMPRO,ZEEL,ADANIENSOL,WOCKPHARMA,HFCL,KIRLOSENG,NETWEB,THERMAX,TEGA",5.5,10,1699.5102,16.222500000000004,104.7,10,0,5,neutral
v3_rank12_premium_gold_top10,2026-06-01,2026-06-02,10,"PTCIL,JKCEMENT,CEMPRO,NATIONALUM,KPIL,GESHIP,THERMAX,NBCC,WELSPUNLIV,SYNGENE",6.3,12,487.30729999999994,12.00994,40.4,0,10,7,risk_off
v3_rank12_premium_gold_top10,2026-06-02,2026-06-03,10,"CONCORDBIO,JMFINANCIL,NEWGEN,PTCIL,ACMESOLAR,NSLNISP,NMDC,HFCL,HEXT,VIJAYA",5.5,10,1293.1145,14.51252,88.8,4,6,5,risk_off
v3_rank12_premium_gold_top10,2026-06-03,2026-06-04,10,"CONCORDBIO,RHIM,CHENNPETRO,OLAELEC,CARTRADE,HFCL,IFCI,NEWGEN,PTCIL,KPRMILL",6.3,11,1469.2781000000002,15.738899999999997,93.5,9,1,5,risk_off
v3_rank12_premium_gold_top10,2026-06-04,2026-06-05,10,"RHIM,CONCORDBIO,IIFL,OLAELEC,ANANTRAJ,TEJASNET,SYRMA,ZEEL,RRKABEL,CARTRADE",5.5,10,1642.5617000000002,16.172310000000003,101.6,10,0,5,risk_off
v3_rank12_premium_gold_top10,2026-06-05,2026-06-08,10,"RHIM,OLAELEC,CONCORDBIO,ACUTAAS,RRKABEL,HSCL,ACMESOLAR,CHENNPETRO,CEMPRO,SYRMA",5.5,10,1707.5328000000002,16.427860000000003,104.0,10,0,6,risk_off
v3_rank12_premium_gold_top10,2026-06-08,2026-06-09,10,"CCL,ANANDRATHI,ALKEM,CARTRADE,HEXT,NAUKRI,EMAMILTD,MAXHEALTH,TECHNOE,PERSISTENT",7.1,12,473.8983,12.312059999999999,37.2,1,9,10,risk_off
v3_rank12_premium_gold_top10,2026-06-09,2026-06-10,10,"CARTRADE,CEMPRO,DATAPATTNS,CAPLIPOINT,CCL,BELRISE,LTTS,OLAELEC,KPIL,GABRIEL",5.5,10,1158.8913,14.19281,80.5,1,9,7,risk_off
v3_rank12_premium_gold_top10,2026-06-10,2026-06-11,10,"CEMPRO,CCL,CARTRADE,CAPLIPOINT,CONCORDBIO,AEGISVOPAK,ASTERDM,HSCL,COROMANDEL,OLAELEC",5.6,11,1352.2821,14.788720000000001,90.8,3,7,4,risk_off
v3_rank12_premium_gold_top10,2026-06-11,2026-06-12,10,"BLUEJET,CARTRADE,AEGISLOG,APARINDS,CAPLIPOINT,CONCORDBIO,TEJASNET,ASTERDM,CEMPRO,ZEEL",5.5,10,1486.841,14.875289999999998,99.6,5,5,2,risk_off
v3_rank12_premium_gold_top10,2026-06-12,2026-06-15,10,"IFCI,APARINDS,TEJASNET,TTML,AAVAS,NETWEB,AEGISVOPAK,BLUEJET,AIIL,TBOTEK",5.5,10,1706.7147,16.191300000000002,105.3,10,0,5,neutral
v3_rank12_premium_gold_top10,2026-06-17,2026-06-18,10,"IDBI,SONATSOFTW,CARTRADE,UCOBANK,PGEL,MMTC,MGL,DATAPATTNS,TRENT,AEGISLOG",6.2,11,1285.4608999999996,14.495330000000001,88.6,3,7,3,risk_on
v3_rank12_premium_gold_top10,2026-06-18,2026-06-19,10,"REDINGTON,NIACL,PGEL,NETWEB,BATAINDIA,FIVESTAR,KPRMILL,TRENT,SONATSOFTW,OLECTRA",5.5,10,1518.4660999999999,15.42484,98.5,10,0,2,risk_on
v3_rank12_premium_gold_top10,2026-06-19,2026-06-22,10,"HFCL,DATAPATTNS,GVT&D,PGEL,REDINGTON,BDL,NETWEB,TRENT,FIVESTAR,CARBORUNIV",5.5,10,1621.0067,15.778869999999998,102.6,10,0,3,risk_on
