pattern_id,avg1,win1,avg2,win2,avg3,win3,avg5,win5,avg6,win6,n,last_date,n_recent,best_hold,best_avg,best_win,nstocks,n_consistent_stocks
6145,-0.08,45.0,0.74,48.0,1.04,49.0,1.7,52.0,1.99,53.0,17663,2024-12-31,5714,6,1.99,53.0,432,207
6150,-0.07,45.0,0.08,47.0,0.27,49.0,0.6,51.0,0.7,51.0,32761,2024-12-31,14600,6,0.7,51.0,445,140
6151,-0.07,44.0,0.13,48.0,0.37,50.0,0.92,52.0,1.15,53.0,16051,2024-12-31,11196,6,1.15,53.0,435,172
6166,-0.08,45.0,0.63,48.0,0.92,49.0,1.54,52.0,1.85,53.0,21310,2024-12-31,6052,6,1.85,53.0,423,208
6170,-0.19,43.0,0.04,48.0,0.27,49.0,0.66,51.0,0.84,52.0,12478,2024-12-31,9602,6,0.84,52.0,400,144
6174,0.01,46.0,0.84,50.0,1.21,52.0,1.96,55.0,2.33,56.0,21918,2024-12-31,9689,6,2.33,56.0,440,258
6197,-0.12,45.0,-0.09,48.0,-0.04,48.0,0.15,51.0,0.31,51.0,15333,2024-12-31,3372,6,0.31,51.0,399,172
6199,-0.01,47.0,0.15,48.0,0.25,49.0,0.47,51.0,0.59,51.0,9346,2024-12-31,2776,6,0.59,51.0,407,152
6201,-0.06,44.0,0.13,48.0,0.38,50.0,0.92,53.0,1.12,54.0,16783,2024-12-31,11830,6,1.12,54.0,406,179
6205,-0.04,46.0,0.16,48.0,0.38,49.0,0.66,51.0,0.81,52.0,17896,2024-12-31,5966,6,0.81,52.0,432,185
6222,-0.1,45.0,0.11,49.0,0.32,51.0,0.76,53.0,0.95,54.0,42166,2024-12-31,27293,6,0.95,54.0,441,192
6223,-0.19,42.0,0.54,45.0,1.41,46.0,3.23,49.0,4.18,50.0,19881,2024-12-31,8968,6,4.18,50.0,403,166
6226,-0.05,46.0,0.03,48.0,0.11,49.0,0.26,51.0,0.33,51.0,24578,2024-12-31,9548,6,0.33,51.0,437,142
6227,-0.02,47.0,0.02,48.0,0.18,49.0,0.38,51.0,0.43,51.0,9385,2024-12-31,3842,6,0.43,51.0,429,163
6228,-0.11,43.0,0.1,47.0,0.32,49.0,0.78,52.0,0.99,52.0,27295,2024-12-31,19326,6,0.99,52.0,429,132
6229,-0.09,45.0,0.8,48.0,1.22,50.0,2.27,54.0,2.59,55.0,17312,2024-12-31,8118,6,2.59,55.0,439,231
6236,-0.1,43.0,0.15,47.0,0.35,49.0,0.88,52.0,1.07,52.0,12859,2024-12-31,8535,6,1.07,52.0,430,170
6245,-0.05,45.0,0.22,48.0,0.49,50.0,0.93,52.0,1.09,52.0,28904,2024-12-31,15423,6,1.09,52.0,444,169
6251,-0.07,45.0,1.01,48.0,2.13,49.0,4.39,51.0,4.87,52.0,13944,2024-12-31,3915,6,4.87,52.0,387,175
6255,-0.12,43.0,0.14,47.0,0.4,49.0,0.92,51.0,1.18,52.0,53679,2024-12-31,35537,6,1.18,52.0,417,150
6263,-0.14,43.0,0.44,46.0,1.04,48.0,2.22,50.0,2.52,51.0,28280,2024-12-31,13733,6,2.52,51.0,444,192
6264,-0.18,43.0,-0.09,45.0,0.03,46.0,0.29,48.0,0.42,49.0,22447,2024-12-31,6164,6,0.42,49.0,405,139
6266,-0.12,44.0,0.1,47.0,0.32,48.0,0.89,49.0,1.74,50.0,18929,2024-12-31,5210,6,1.74,50.0,388,149
6270,-0.1,44.0,0.04,47.0,0.26,49.0,0.7,51.0,0.87,52.0,55734,2024-12-31,34547,6,0.87,52.0,445,110
6288,-0.07,44.0,0.05,46.0,0.77,47.0,2.39,49.0,2.69,50.0,16941,2024-12-31,5101,6,2.69,50.0,412,167
6292,-0.09,45.0,0.12,48.0,0.35,50.0,0.79,53.0,1.01,53.0,50870,2024-12-31,35569,6,1.01,53.0,427,180
6295,-0.13,43.0,0.67,46.0,1.55,47.0,3.39,50.0,4.33,50.0,20051,2024-12-31,6769,6,4.33,50.0,368,153
6299,-0.09,45.0,0.03,47.0,0.21,49.0,0.5,51.0,0.6,52.0,48721,2024-12-31,25912,6,0.6,52.0,447,156
6318,-0.03,47.0,0.02,48.0,0.07,50.0,0.19,51.0,0.27,51.0,10443,2024-12-31,2190,6,0.27,51.0,385,152
6320,0.04,47.0,0.34,52.0,0.59,54.0,1.07,57.0,1.33,58.0,26257,2024-12-31,17393,6,1.33,58.0,445,281
6328,-0.09,45.0,0.0,47.0,0.23,48.0,0.9,51.0,0.97,51.0,7220,2024-12-31,1085,6,0.97,51.0,362,121
6329,-0.07,44.0,0.22,47.0,0.42,47.0,0.78,49.0,2.41,50.0,6545,2024-12-31,1311,6,2.41,50.0,365,129
6330,-0.14,43.0,0.63,46.0,1.42,47.0,3.06,48.0,3.95,49.0,20489,2024-12-31,2062,6,3.95,49.0,254,100
6331,-0.12,44.0,0.14,47.0,0.4,48.0,1.11,51.0,1.39,52.0,6408,2024-12-31,1146,6,1.39,52.0,302,130
6332,-0.18,42.0,0.07,44.0,0.31,46.0,0.76,48.0,0.99,47.0,15387,2024-12-31,3367,6,0.99,47.0,277,96
6334,0.01,47.0,0.26,48.0,0.56,49.0,1.0,51.0,1.18,53.0,5348,2024-12-31,1352,6,1.18,53.0,356,146
6335,-0.06,45.0,0.08,48.0,0.22,50.0,0.51,52.0,0.65,52.0,47403,2024-12-31,28290,6,0.65,52.0,446,147
6343,-0.17,42.0,0.78,45.0,1.76,46.0,3.77,47.0,4.84,48.0,14710,2024-12-31,1671,6,4.84,48.0,230,84
6344,-0.21,41.0,0.04,44.0,0.37,46.0,1.06,47.0,1.4,48.0,7883,2024-12-31,667,6,1.4,48.0,170,53
6345,-0.11,43.0,0.29,47.0,0.62,48.0,1.28,50.0,1.66,50.0,7376,2024-12-31,1059,6,1.66,50.0,173,68
6346,-0.07,44.0,0.16,47.0,0.42,49.0,0.94,52.0,1.22,53.0,19432,2024-12-31,7768,6,1.22,53.0,382,182
6348,-0.16,42.0,0.58,45.0,1.34,46.0,2.97,48.0,3.8,48.0,23137,2024-12-31,2224,6,3.8,48.0,194,57
6392,-0.16,43.0,-0.02,46.0,0.14,47.0,0.43,49.0,0.52,49.0,46224,2024-12-31,11776,6,0.52,49.0,417,130
6393,0.01,46.0,0.13,48.0,0.32,49.0,0.68,50.0,0.79,51.0,7021,2024-12-31,1741,6,0.79,51.0,367,130
6420,-0.07,45.0,0.04,48.0,0.14,49.0,0.41,51.0,0.59,52.0,26287,2024-12-31,11408,6,0.59,52.0,438,188
6423,0.0,48.0,0.23,51.0,0.34,53.0,0.55,53.0,0.79,55.0,2071,2024-12-31,828,6,0.79,55.0,315,107
6424,0.05,47.0,0.61,50.0,0.76,50.0,1.14,51.0,3.0,52.0,5415,2024-12-31,1269,6,3.0,52.0,343,134
6425,-0.09,44.0,0.19,48.0,0.46,49.0,0.9,51.0,1.1,51.0,6745,2024-12-17,4988,6,1.1,51.0,403,151
6427,-0.07,45.0,0.11,47.0,0.39,49.0,0.94,52.0,1.08,52.0,16681,2024-12-31,10301,6,1.08,52.0,440,193
6431,-0.15,43.0,0.54,46.0,1.28,48.0,2.79,50.0,3.59,51.0,25892,2024-12-31,11907,6,3.59,51.0,417,188
6438,-0.04,45.0,0.23,49.0,0.48,52.0,0.94,54.0,1.04,54.0,5332,2024-12-31,2946,6,1.04,54.0,435,210
6439,-0.14,45.0,-0.11,46.0,0.1,48.0,0.34,49.0,0.42,50.0,3995,2024-12-31,1268,6,0.42,50.0,399,129
6440,-0.07,44.0,0.09,47.0,0.32,49.0,0.79,51.0,0.9,51.0,24073,2024-12-31,14266,6,0.9,51.0,440,159
6458,-0.11,43.0,0.64,46.0,1.42,47.0,3.04,50.0,3.5,50.0,21490,2024-12-31,5658,6,3.5,50.0,354,156
6467,0.02,47.0,0.22,50.0,0.37,50.0,0.73,52.0,0.89,53.0,4994,2024-12-31,841,6,0.89,53.0,330,139
6470,-0.13,43.0,0.05,46.0,0.32,48.0,0.89,51.0,1.08,52.0,23584,2024-12-31,15591,6,1.08,52.0,441,145
6474,-0.16,42.0,0.5,45.0,1.17,46.0,2.55,48.0,3.29,49.0,28579,2024-12-31,3358,6,3.29,49.0,256,93
6475,-0.1,44.0,-0.1,46.0,0.06,46.0,0.77,50.0,0.92,51.0,2971,2024-12-31,718,6,0.92,51.0,289,94
6477,-0.02,45.0,0.06,48.0,1.12,48.0,3.36,51.0,4.37,52.0,12180,2024-12-31,3865,6,4.37,52.0,428,188
6481,-0.13,44.0,0.1,48.0,0.34,49.0,0.8,52.0,1.04,52.0,55111,2024-12-31,40674,6,1.04,52.0,421,145
6483,-0.04,45.0,0.23,49.0,0.49,51.0,0.92,52.0,1.11,53.0,56548,2024-12-31,29926,6,1.11,53.0,445,191
6504,-0.12,43.0,1.68,45.0,3.56,46.0,7.15,48.0,7.83,49.0,7811,2024-12-31,1198,6,7.83,49.0,214,76
6507,-0.06,45.0,0.05,48.0,0.15,50.0,0.39,52.0,0.48,52.0,36221,2024-12-31,19673,6,0.48,52.0,442,145
6508,-0.08,44.0,0.15,48.0,0.37,49.0,0.81,51.0,1.04,52.0,79794,2024-12-31,42453,6,1.04,52.0,441,159
6512,-0.14,43.0,1.01,46.0,2.24,47.0,4.8,49.0,6.13,51.0,12433,2024-12-31,1345,6,6.13,51.0,212,81
6514,-0.13,44.0,0.09,47.0,1.11,49.0,3.24,52.0,4.16,53.0,16139,2024-12-31,6921,6,4.16,53.0,419,221
6516,-0.16,43.0,-0.1,44.0,0.19,45.0,0.31,47.0,0.35,46.0,1810,2024-12-31,647,6,0.35,46.0,282,64
6519,-0.17,42.0,0.05,46.0,0.27,48.0,0.71,50.0,1.03,50.0,17337,2024-12-31,12277,6,1.03,50.0,353,94
6521,-0.1,44.0,0.07,46.0,0.27,47.0,0.71,49.0,1.01,49.0,5471,2024-12-31,581,6,1.01,49.0,159,57
6540,-0.11,44.0,0.23,47.0,0.58,49.0,1.33,51.0,1.75,52.0,57312,2024-12-31,24453,6,1.75,52.0,445,174
6541,-0.08,44.0,0.14,47.0,0.35,48.0,0.76,50.0,0.93,50.0,28427,2024-12-31,12749,6,0.93,50.0,441,139
6543,-0.1,44.0,0.1,48.0,0.31,49.0,0.75,52.0,0.98,52.0,66511,2024-12-31,41636,6,0.98,52.0,436,148
6545,-0.15,42.0,0.53,45.0,1.26,46.0,2.75,48.0,3.52,49.0,28167,2024-12-31,5875,6,3.52,49.0,311,137
6548,-0.16,44.0,0.05,47.0,0.25,48.0,0.68,50.0,0.88,51.0,39643,2024-12-31,25365,6,0.88,51.0,441,138
6561,-0.12,43.0,0.29,47.0,0.71,48.0,1.55,50.0,1.99,51.0,54470,2024-12-31,26861,6,1.99,51.0,441,171
6562,-0.1,45.0,0.05,47.0,0.18,49.0,0.5,50.0,0.7,51.0,44207,2024-12-31,16749,6,0.7,51.0,437,150
6566,-0.13,43.0,0.07,46.0,0.29,48.0,0.71,49.0,0.86,50.0,20652,2024-12-31,6874,6,0.86,50.0,419,134
6567,-0.13,44.0,0.05,48.0,0.23,49.0,0.61,51.0,0.8,52.0,34529,2024-12-31,24639,6,0.8,52.0,438,177
6569,-0.16,42.0,0.53,45.0,1.26,46.0,2.73,48.0,3.5,49.0,27002,2024-12-31,5433,6,3.5,49.0,305,114
6575,-0.11,44.0,0.51,47.0,1.16,47.0,2.56,50.0,3.29,51.0,26292,2024-12-31,4913,6,3.29,51.0,355,149
6578,-0.13,44.0,0.15,46.0,0.42,47.0,0.72,49.0,0.95,50.0,18274,2024-12-31,3359,6,0.95,50.0,318,129
6591,-0.11,44.0,0.42,47.0,0.94,48.0,2.04,51.0,2.62,51.0,34743,2024-12-31,10769,6,2.62,51.0,415,195
6592,-0.06,43.0,0.29,47.0,0.65,50.0,1.48,52.0,1.89,52.0,6248,2024-12-31,4231,6,1.89,52.0,264,99
6617,-0.11,44.0,0.29,47.0,0.67,49.0,1.46,51.0,1.88,52.0,67296,2024-12-31,32817,6,1.88,52.0,441,166
6633,-0.12,44.0,0.29,47.0,0.71,48.0,1.54,50.0,1.96,51.0,49167,2024-12-31,21475,6,1.96,51.0,430,160
6643,-0.13,44.0,0.38,47.0,0.9,49.0,2.01,51.0,2.58,52.0,48019,2024-12-31,23271,6,2.58,52.0,432,198
6644,-0.13,44.0,0.07,48.0,0.27,49.0,0.65,51.0,0.86,52.0,55242,2024-12-31,31580,6,0.86,52.0,436,160
6645,0.02,47.0,0.64,50.0,0.85,49.0,1.05,50.0,1.23,51.0,4127,2024-12-31,1828,6,1.23,51.0,349,127
6646,0.02,48.0,0.12,49.0,0.28,51.0,0.66,53.0,0.88,54.0,4987,2024-12-31,1190,6,0.88,54.0,371,140
6647,-0.06,45.0,0.15,48.0,0.38,49.0,0.76,51.0,0.83,52.0,21898,2024-12-31,11781,6,0.83,52.0,443,153
6648,-0.08,44.0,0.09,47.0,0.29,49.0,0.66,51.0,0.85,52.0,36678,2024-12-31,20451,6,0.85,52.0,445,136
6657,-0.1,44.0,0.06,47.0,0.17,48.0,0.44,50.0,0.61,51.0,11328,2024-12-31,1912,6,0.61,51.0,315,131
6658,-0.17,42.0,0.09,45.0,0.34,47.0,0.76,49.0,0.97,51.0,5886,2024-12-31,1760,6,0.97,51.0,297,115
6659,-1.56,22.0,-1.64,32.0,-1.82,29.0,-1.93,37.0,-1.89,35.0,82,2024-10-16,47,1,-1.56,22.0,23,2
6660,-0.09,43.0,0.3,49.0,0.44,51.0,0.82,53.0,0.93,52.0,342,2024-12-20,190,6,0.93,52.0,102,19
6663,-0.06,44.0,0.17,47.0,0.38,49.0,0.9,52.0,1.12,52.0,19804,2024-12-31,11019,6,1.12,52.0,438,171
6669,-0.16,41.0,-0.21,43.0,-0.24,45.0,0.27,48.0,0.35,49.0,1456,2024-12-30,911,6,0.35,49.0,253,66
6672,-0.11,44.0,0.4,47.0,0.93,49.0,2.09,51.0,2.71,52.0,43059,2024-12-31,19469,6,2.71,52.0,431,195
6674,0.07,47.0,0.75,50.0,0.88,50.0,0.87,50.0,1.08,51.0,3036,2024-12-31,712,6,1.08,51.0,331,106
6675,0.01,48.0,0.19,50.0,0.39,52.0,0.85,53.0,1.0,54.0,3218,2024-12-31,1093,6,1.0,54.0,373,130
6677,-0.09,44.0,0.1,47.0,0.39,49.0,0.88,52.0,0.99,52.0,22967,2024-12-31,13590,6,0.99,52.0,446,161
6690,-0.16,43.0,0.06,48.0,0.33,49.0,0.72,51.0,1.02,52.0,9312,2024-12-31,7422,6,1.02,52.0,333,128
6693,-0.04,46.0,0.11,49.0,0.3,51.0,0.63,53.0,0.71,52.0,13311,2024-12-31,7445,6,0.71,52.0,421,174
6696,-0.04,44.0,0.15,48.0,0.37,49.0,0.82,51.0,1.03,52.0,5387,2024-12-31,2920,6,1.03,52.0,430,153
6697,-0.09,44.0,0.09,47.0,0.33,49.0,0.8,51.0,0.96,52.0,29012,2024-12-31,15675,6,0.96,52.0,443,156
6713,0.13,47.0,0.46,52.0,0.63,55.0,0.89,54.0,1.1,57.0,535,2024-12-12,319,6,1.1,57.0,266,8
6715,-0.14,44.0,0.37,47.0,0.99,48.0,2.27,51.0,2.95,52.0,29660,2024-12-31,9522,6,2.95,52.0,423,184
6718,-0.15,42.0,0.04,46.0,0.15,47.0,0.48,49.0,0.71,49.0,5277,2024-12-31,3954,6,0.71,49.0,224,82
6721,-0.07,44.0,0.1,47.0,0.35,49.0,0.82,51.0,0.94,51.0,29123,2024-12-31,15404,6,0.94,51.0,444,149
6722,-0.13,43.0,0.01,46.0,0.29,48.0,0.7,49.0,0.95,51.0,4882,2024-12-31,3038,6,0.95,51.0,425,154
6741,-0.16,43.0,0.06,46.0,0.34,48.0,0.8,51.0,1.01,52.0,15300,2024-12-27,9793,6,1.01,52.0,410,149
6743,-0.25,42.0,0.72,47.0,1.82,48.0,3.88,50.0,4.9,50.0,1155,2024-12-19,917,6,4.9,50.0,81,15
6744,-0.02,44.0,0.13,47.0,0.4,49.0,0.8,53.0,1.01,53.0,3920,2024-12-31,2701,6,1.01,53.0,239,93
6754,-0.01,45.0,0.18,49.0,0.59,51.0,1.01,53.0,1.08,53.0,5136,2024-12-31,3087,6,1.08,53.0,417,188
6756,-0.05,45.0,0.3,48.0,0.55,50.0,0.87,52.0,1.39,53.0,31372,2024-12-31,16231,6,1.39,53.0,445,163
6757,-0.12,45.0,0.1,48.0,0.42,49.0,0.85,51.0,0.99,52.0,3660,2024-12-31,2127,6,0.99,52.0,411,151
6758,-0.08,44.0,0.06,46.0,0.27,48.0,0.99,51.0,1.15,51.0,14175,2024-12-31,7919,6,1.15,51.0,436,154
6784,-0.12,43.0,0.73,46.0,1.59,47.0,3.36,50.0,4.26,50.0,20695,2024-12-31,3458,6,4.26,50.0,312,129
6788,-0.11,43.0,0.06,47.0,0.24,49.0,0.61,51.0,0.79,52.0,85164,2024-12-31,53982,6,0.79,52.0,442,108
6789,-0.43,40.0,0.21,42.0,0.85,44.0,2.26,47.0,2.94,46.0,1597,2024-12-30,1287,6,2.94,46.0,97,18
6791,-0.04,45.0,0.58,49.0,1.34,50.0,2.92,53.0,3.39,54.0,22501,2024-12-31,8229,6,3.39,54.0,440,234
6793,0.01,46.0,0.38,49.0,0.68,50.0,1.1,52.0,1.77,53.0,17598,2024-12-31,6639,6,1.77,53.0,432,188
6796,-0.1,43.0,0.05,47.0,0.24,48.0,0.66,51.0,0.86,51.0,49182,2024-12-31,31792,6,0.86,51.0,441,118
6804,-0.03,46.0,0.13,49.0,0.41,51.0,0.76,52.0,0.84,53.0,3727,2024-12-30,2268,6,0.84,53.0,418,179
6809,-0.09,44.0,0.06,47.0,0.29,48.0,0.92,51.0,1.05,52.0,17894,2024-12-31,8345,6,1.05,52.0,439,176
6810,-0.18,42.0,-0.03,46.0,0.26,47.0,1.02,50.0,1.28,50.0,8626,2024-12-31,6413,6,1.28,50.0,368,112
6818,-0.14,43.0,0.06,46.0,0.24,49.0,0.58,50.0,0.75,51.0,30693,2024-12-31,17424,6,0.75,51.0,428,115
6819,-0.03,45.0,0.12,48.0,0.36,49.0,1.04,52.0,1.15,52.0,18739,2024-12-31,9631,6,1.15,52.0,444,213
6823,-0.08,45.0,0.06,47.0,0.23,50.0,0.51,52.0,0.62,52.0,24144,2024-12-31,11532,6,0.62,52.0,447,162
6824,-0.06,44.0,0.11,47.0,0.29,49.0,0.68,51.0,0.85,52.0,31437,2024-12-31,17529,6,0.85,52.0,446,148
6828,-0.12,44.0,0.12,48.0,0.36,49.0,0.77,51.0,1.02,52.0,5444,2024-12-27,3131,6,1.02,52.0,283,91
6832,-0.14,43.0,0.06,47.0,0.28,49.0,0.76,52.0,1.0,52.0,20434,2024-12-31,15297,6,1.0,52.0,389,115
6845,-0.13,43.0,0.08,47.0,0.28,49.0,0.68,51.0,0.87,51.0,5447,2024-12-27,3269,6,0.87,51.0,279,79
6865,-0.03,46.0,0.12,47.0,0.3,48.0,0.55,49.0,0.77,51.0,4196,2024-12-31,924,6,0.77,51.0,319,108
6868,-0.13,42.0,0.13,47.0,0.42,48.0,0.98,51.0,1.3,51.0,3385,2024-12-31,2810,6,1.3,51.0,132,30
6871,-0.04,45.0,0.77,48.0,1.6,50.0,3.38,52.0,4.35,53.0,18734,2024-12-31,5404,6,4.35,53.0,421,193
6877,-0.23,40.0,-0.03,45.0,0.16,46.0,0.63,48.0,0.95,48.0,3952,2024-12-31,3279,6,0.95,48.0,132,24
6881,-0.2,42.0,0.0,46.0,1.22,48.0,2.03,51.0,2.25,51.0,12169,2024-12-31,5197,6,2.25,51.0,430,177
6882,0.0,46.0,0.13,49.0,0.32,49.0,0.88,52.0,1.09,53.0,23805,2024-12-31,11586,6,1.09,53.0,441,210
6887,-0.08,43.0,0.11,47.0,0.23,49.0,0.6,51.0,0.77,52.0,20538,2024-12-31,12904,6,0.77,52.0,438,155
6890,-0.14,43.0,0.51,46.0,1.19,47.0,2.57,49.0,3.3,50.0,29928,2024-12-31,3999,6,3.3,50.0,301,126
6894,-0.12,43.0,0.07,47.0,0.26,48.0,0.81,50.0,1.1,51.0,11616,2024-12-31,8704,6,1.1,51.0,371,111
6895,-0.12,43.0,0.36,46.0,0.85,48.0,1.87,50.0,2.42,50.0,40360,2024-12-31,13296,6,2.42,50.0,409,168
6905,-0.09,43.0,0.27,47.0,0.64,49.0,1.42,51.0,1.83,52.0,9818,2024-12-31,2807,6,1.83,52.0,314,147
6909,-0.19,42.0,0.02,46.0,0.26,48.0,0.76,51.0,1.01,51.0,28805,2024-12-31,21297,6,1.01,51.0,384,100
6912,-0.06,43.0,0.18,48.0,0.39,50.0,0.8,52.0,1.01,53.0,15225,2024-12-31,8497,6,1.01,53.0,344,149
6927,-0.13,43.0,0.61,46.0,1.37,47.0,2.98,49.0,3.83,50.0,22437,2024-12-31,2784,6,3.83,50.0,298,139
6932,-0.08,44.0,0.11,47.0,0.36,49.0,0.84,51.0,0.98,52.0,32894,2024-12-31,19666,6,0.98,52.0,444,132
6951,0.01,46.0,0.14,49.0,0.35,49.0,0.92,53.0,1.06,54.0,13390,2024-12-31,4839,6,1.06,54.0,439,230
6953,-0.05,45.0,0.13,47.0,0.44,49.0,1.02,51.0,1.19,51.0,11039,2024-12-31,6950,6,1.19,51.0,442,180
6962,-0.08,44.0,0.11,47.0,0.36,49.0,0.85,51.0,0.99,52.0,32319,2024-12-31,19313,6,0.99,52.0,444,131
6967,-0.22,41.0,0.05,46.0,0.29,48.0,0.77,51.0,1.02,51.0,7058,2024-12-31,5321,6,1.02,51.0,271,87
6968,-0.34,40.0,-0.05,44.0,0.28,45.0,0.94,47.0,1.3,48.0,5657,2024-12-31,4737,6,1.3,48.0,137,22
6996,-0.03,44.0,0.03,47.0,1.65,48.0,2.46,52.0,2.73,52.0,7963,2024-12-31,1812,6,2.73,52.0,386,160
6998,-0.04,46.0,0.18,50.0,0.41,51.0,0.84,53.0,1.02,54.0,14497,2024-12-31,9065,6,1.02,54.0,443,213
6999,-0.14,44.0,-0.0,46.0,0.27,47.0,0.96,50.0,1.15,51.0,7940,2024-12-31,5149,6,1.15,51.0,437,168
7004,-0.13,44.0,0.25,46.0,1.25,46.0,3.55,48.0,4.75,49.0,11204,2024-12-31,1199,6,4.75,49.0,247,84
7005,-0.11,43.0,-0.01,45.0,0.14,46.0,0.49,47.0,0.63,47.0,11388,2024-12-31,1899,6,0.63,47.0,243,80
7008,-0.11,45.0,0.09,48.0,0.35,49.0,0.79,51.0,1.03,52.0,13656,2024-12-31,8843,6,1.03,52.0,438,194
7009,-0.02,46.0,0.19,49.0,0.44,51.0,1.13,53.0,1.23,53.0,7268,2024-12-31,4522,6,1.23,53.0,439,199
7021,0.01,45.0,1.09,49.0,2.23,50.0,4.69,53.0,6.03,54.0,12901,2024-12-31,3515,6,6.03,54.0,399,197
7055,-0.08,45.0,0.1,48.0,0.6,49.0,1.25,52.0,1.45,53.0,41120,2024-12-31,20657,6,1.45,53.0,444,182
7056,-0.15,43.0,-0.02,47.0,0.15,48.0,0.61,50.0,0.78,51.0,19766,2024-12-31,12389,6,0.78,51.0,429,142
7075,-0.08,44.0,0.06,48.0,0.5,49.0,1.05,51.0,1.2,52.0,41320,2024-12-31,18975,6,1.2,52.0,448,185
7085,-0.1,44.0,0.03,47.0,0.33,48.0,0.84,51.0,0.95,51.0,16023,2024-12-31,7738,6,0.95,51.0,444,173
7086,-0.06,45.0,0.14,48.0,0.34,49.0,0.93,51.0,1.12,51.0,11159,2024-12-31,7570,6,1.12,51.0,439,183
7111,-0.04,45.0,0.07,48.0,0.28,49.0,0.99,52.0,1.15,53.0,14423,2024-12-31,7120,6,1.15,53.0,445,201
7112,-0.11,45.0,0.18,48.0,1.37,50.0,3.02,54.0,4.13,54.0,10862,2024-12-31,5914,6,4.13,54.0,442,215
7113,-0.14,43.0,-0.01,46.0,0.2,47.0,0.85,49.0,1.01,50.0,44435,2024-12-31,27049,6,1.01,50.0,447,110
7121,-0.13,44.0,0.03,47.0,0.35,48.0,0.96,51.0,1.22,51.0,108318,2024-12-31,56737,6,1.22,51.0,448,107
7160,-0.19,42.0,0.53,45.0,1.42,46.0,3.35,49.0,3.87,50.0,18325,2024-12-31,3817,6,3.87,50.0,336,136
7162,-0.09,44.0,0.08,47.0,0.27,49.0,0.61,51.0,0.88,52.0,71701,2024-12-31,37197,6,0.88,52.0,447,105
7163,-0.04,45.0,0.16,48.0,0.37,50.0,1.03,52.0,1.22,52.0,12538,2024-12-31,7150,6,1.22,52.0,443,200
7164,-0.15,43.0,-0.08,46.0,0.28,47.0,0.89,49.0,0.94,50.0,7787,2024-12-31,4522,6,0.94,50.0,427,153
7173,0.04,48.0,0.14,50.0,0.6,50.0,0.81,50.0,0.84,49.0,896,2024-12-27,535,6,0.84,49.0,286,28
7174,-0.15,42.0,-0.26,43.0,0.05,48.0,0.4,48.0,0.36,47.0,389,2024-12-18,258,5,0.4,48.0,202,3
7176,-0.07,44.0,0.09,48.0,0.19,49.0,0.58,51.0,0.73,52.0,5545,2024-12-31,2520,6,0.73,52.0,438,175
7179,-0.08,45.0,0.06,48.0,0.34,49.0,0.97,51.0,1.08,51.0,10421,2024-12-31,4967,6,1.08,51.0,439,171
7180,-0.09,43.0,0.13,46.0,0.33,48.0,1.05,51.0,1.27,52.0,6213,2024-12-31,4585,6,1.27,52.0,377,129
7183,-0.13,44.0,-0.03,47.0,0.68,47.0,1.31,51.0,1.44,52.0,21697,2024-12-31,7154,6,1.44,52.0,441,193
7184,-0.1,45.0,0.04,48.0,0.36,49.0,0.84,50.0,1.04,51.0,8733,2024-12-31,3658,6,1.04,51.0,426,175
7197,-0.23,42.0,-0.03,47.0,0.21,49.0,0.68,51.0,0.93,52.0,11328,2024-12-31,8616,6,0.93,52.0,274,80
7198,-0.4,39.0,0.05,43.0,0.41,46.0,1.12,48.0,1.64,48.0,2632,2024-12-18,2195,6,1.64,48.0,139,38
7199,0.31,51.0,0.78,54.0,0.98,54.0,1.34,53.0,1.55,53.0,1003,2024-12-27,774,6,1.55,53.0,226,47
7200,-0.08,44.0,0.14,47.0,0.4,49.0,1.06,52.0,1.3,53.0,5547,2024-12-31,4141,6,1.3,53.0,383,149
7201,-0.35,40.0,-0.37,41.0,0.05,40.0,0.85,43.0,1.05,44.0,1723,2024-12-31,1326,6,1.05,44.0,196,33
7202,-0.13,44.0,0.4,46.0,0.98,47.0,2.19,49.0,2.8,50.0,31587,2024-12-31,6302,6,2.8,50.0,365,143
7207,-0.08,45.0,0.03,48.0,0.64,49.0,1.27,52.0,1.4,52.0,20521,2024-12-31,6743,6,1.4,52.0,441,202
7208,-0.23,42.0,-0.14,45.0,0.34,46.0,0.88,50.0,1.07,51.0,8679,2024-12-31,3601,6,1.07,51.0,434,169
7209,-0.09,45.0,0.05,48.0,0.33,49.0,0.75,50.0,0.93,51.0,11403,2024-12-31,5022,6,0.93,51.0,432,181
7221,-0.15,43.0,0.0,46.0,0.25,47.0,0.92,50.0,1.2,51.0,9130,2024-12-31,6794,6,1.2,51.0,398,125
7226,-0.18,42.0,0.76,45.0,1.76,45.0,3.88,47.0,5.0,48.0,16402,2024-12-31,2147,6,5.0,48.0,219,78
7231,-0.34,40.0,-0.01,44.0,0.35,45.0,1.05,47.0,1.4,47.0,4824,2024-12-31,4029,6,1.4,47.0,168,38
7246,-0.1,44.0,0.09,47.0,0.49,49.0,1.36,51.0,1.72,52.0,65890,2024-12-31,34947,6,1.72,52.0,441,143
7251,-0.06,45.0,0.12,48.0,0.28,50.0,0.73,51.0,0.95,52.0,128924,2024-12-31,63420,6,0.95,52.0,444,118
7252,-0.16,43.0,-0.01,46.0,0.2,48.0,0.54,50.0,0.7,51.0,32605,2024-12-31,19067,6,0.7,51.0,428,113
7253,-0.13,43.0,0.08,46.0,0.2,48.0,0.63,50.0,0.82,50.0,9963,2024-12-31,5833,6,0.82,50.0,422,139
7269,-0.05,45.0,0.18,48.0,0.51,49.0,1.23,52.0,1.53,53.0,11202,2024-12-31,7565,6,1.53,53.0,436,189
7270,-0.09,45.0,0.11,48.0,0.32,49.0,0.81,51.0,1.02,52.0,34777,2024-12-31,22280,6,1.02,52.0,439,159
7277,-0.21,41.0,0.09,46.0,0.4,47.0,0.93,49.0,1.18,50.0,13499,2024-12-31,8148,6,1.18,50.0,363,111
7296,-0.19,42.0,0.91,45.0,2.13,46.0,4.52,48.0,5.77,48.0,13373,2024-12-31,2012,6,5.77,48.0,244,92
7297,-0.14,43.0,0.05,45.0,0.2,46.0,0.62,47.0,0.86,48.0,19710,2024-12-31,2165,6,0.86,48.0,250,84
7303,-0.07,44.0,0.04,47.0,0.26,49.0,0.88,53.0,1.08,53.0,3503,2024-12-27,2709,6,1.08,53.0,334,126
7304,-0.15,43.0,0.04,47.0,0.3,48.0,0.85,51.0,1.09,52.0,28936,2024-12-31,21395,6,1.09,52.0,418,125
7305,-0.09,44.0,0.63,47.0,1.34,48.0,2.92,50.0,3.78,50.0,17456,2024-12-31,1486,6,3.78,50.0,258,93
7306,-0.24,40.0,0.14,43.0,0.54,44.0,1.34,46.0,1.74,46.0,16420,2024-12-31,3020,6,1.74,46.0,247,84
7310,-0.28,41.0,-0.08,47.0,0.07,47.0,0.36,49.0,0.5,49.0,3031,2024-12-31,2454,6,0.5,49.0,181,59
7311,-0.21,41.0,-0.12,46.0,0.03,48.0,0.48,50.0,0.66,51.0,3822,2024-12-24,1408,6,0.66,51.0,251,76
7312,-0.16,42.0,0.05,46.0,0.42,47.0,1.18,51.0,1.59,51.0,4863,2024-12-31,4019,6,1.59,51.0,382,137
7313,-0.15,43.0,0.04,46.0,0.25,48.0,0.71,50.0,0.94,51.0,23123,2024-12-31,16474,6,0.94,51.0,427,134
7320,-0.16,42.0,0.44,45.0,1.05,46.0,2.34,48.0,3.03,49.0,30756,2024-12-31,3808,6,3.03,49.0,266,98
7321,-0.13,43.0,-0.03,46.0,0.05,47.0,0.31,49.0,0.47,50.0,7754,2024-12-11,4531,6,0.47,50.0,388,142
7323,-0.13,43.0,0.02,47.0,0.22,49.0,0.73,52.0,0.91,53.0,6036,2024-12-31,4568,6,0.91,53.0,363,139
7324,-0.13,43.0,0.04,47.0,0.24,49.0,0.65,51.0,0.83,52.0,39138,2024-12-31,27400,6,0.83,52.0,423,124
7325,-0.24,41.0,0.09,45.0,0.45,46.0,1.34,49.0,1.75,50.0,5868,2024-12-31,4741,6,1.75,50.0,183,42
7348,-0.02,46.0,0.14,49.0,0.33,51.0,0.62,52.0,0.73,53.0,28208,2024-12-31,12987,6,0.73,53.0,448,180
7349,-0.07,44.0,0.07,47.0,0.21,48.0,0.47,50.0,0.56,50.0,12971,2024-12-31,5802,6,0.56,50.0,446,159
7350,-0.14,43.0,-0.01,47.0,0.14,49.0,0.44,51.0,0.59,52.0,21049,2024-12-24,13608,6,0.59,52.0,424,130
7351,-0.16,43.0,0.03,47.0,0.25,49.0,0.74,51.0,0.97,53.0,17612,2024-12-31,11282,6,0.97,53.0,405,127
7352,-0.12,44.0,0.11,48.0,0.36,50.0,0.75,52.0,0.95,52.0,11178,2024-12-31,7833,6,0.95,52.0,375,147
7353,-0.14,43.0,0.08,47.0,0.31,48.0,0.72,51.0,0.94,51.0,13248,2024-12-31,9760,6,0.94,51.0,350,118
7354,-0.29,41.0,-0.04,45.0,0.25,46.0,0.8,49.0,1.13,49.0,10125,2024-12-31,8102,6,1.13,49.0,258,59
7360,-0.13,43.0,0.08,47.0,0.34,48.0,0.68,49.0,0.84,50.0,11921,2024-12-31,7872,6,0.84,50.0,432,162
7363,-0.16,43.0,0.06,47.0,0.3,48.0,0.81,51.0,1.09,51.0,31505,2024-12-31,23497,6,1.09,51.0,403,108
7383,-0.09,44.0,0.08,47.0,0.33,49.0,0.88,51.0,1.03,52.0,49990,2024-12-31,27149,6,1.03,52.0,448,149
7394,-0.07,45.0,0.09,47.0,0.35,49.0,0.85,52.0,0.96,52.0,20443,2024-12-31,11236,6,0.96,52.0,447,167
7395,-0.26,42.0,-0.15,44.0,0.07,45.0,0.71,46.0,0.79,46.0,2235,2024-12-30,1533,6,0.79,46.0,301,67
7412,-0.01,45.0,0.15,48.0,0.35,49.0,1.07,53.0,1.18,53.0,15033,2024-12-31,8009,6,1.18,53.0,440,211
7413,-0.2,42.0,-0.01,45.0,0.28,47.0,0.81,48.0,1.05,49.0,15617,2024-12-31,9933,6,1.05,49.0,403,118
7430,-0.1,43.0,0.08,47.0,0.27,49.0,0.71,52.0,0.82,52.0,9868,2024-12-31,6055,6,0.82,52.0,432,170
7431,-0.22,42.0,-0.0,45.0,0.24,47.0,0.76,49.0,1.01,50.0,16834,2024-12-31,13110,6,1.01,50.0,310,86
7432,-0.08,45.0,0.8,47.0,1.63,49.0,3.29,51.0,4.13,52.0,18786,2024-12-31,8574,6,4.13,52.0,429,192
7435,-0.11,43.0,0.17,47.0,0.44,49.0,1.01,52.0,1.22,53.0,39819,2024-12-31,25731,6,1.22,53.0,426,176
7436,0.02,46.0,0.1,48.0,0.48,49.0,0.73,50.0,0.84,49.0,2721,2024-12-27,1445,6,0.84,49.0,411,128
7444,-0.06,45.0,0.17,48.0,0.38,49.0,1.08,52.0,1.39,52.0,72775,2024-12-31,33902,6,1.39,52.0,443,150
7445,-0.13,43.0,0.05,45.0,0.27,48.0,0.9,50.0,1.25,51.0,6979,2024-12-31,4906,6,1.25,51.0,285,74
7446,-0.06,44.0,0.19,47.0,0.49,49.0,0.97,50.0,1.31,50.0,9811,2024-12-31,4894,6,1.31,50.0,404,150
7447,-0.11,42.0,0.28,47.0,0.56,48.0,1.1,51.0,1.33,52.0,17616,2024-12-31,13095,6,1.33,52.0,405,153
7453,-0.21,42.0,0.09,47.0,0.41,49.0,1.06,51.0,1.39,51.0,14927,2024-12-31,12131,6,1.39,51.0,273,75
7458,-0.15,43.0,0.14,46.0,0.42,47.0,0.89,49.0,1.15,49.0,22619,2024-12-31,8523,6,1.15,49.0,410,137
7459,-0.05,45.0,0.18,49.0,0.42,51.0,0.86,53.0,1.07,54.0,24170,2024-12-31,16889,6,1.07,54.0,407,180
7460,-0.18,43.0,0.08,47.0,0.34,49.0,0.84,51.0,1.1,52.0,29560,2024-12-31,23597,6,1.1,52.0,351,95
7463,-0.08,45.0,0.45,49.0,1.0,50.0,2.17,53.0,2.54,53.0,36550,2024-12-31,16531,6,2.54,53.0,425,208
7466,0.04,48.0,0.49,50.0,0.61,51.0,0.68,53.0,2.0,53.0,8239,2024-12-31,3105,6,2.0,53.0,435,198
7469,-0.1,44.0,0.04,47.0,0.38,48.0,1.55,51.0,1.61,51.0,2621,2024-12-31,1232,6,1.61,51.0,356,100
7470,-0.02,45.0,0.13,48.0,0.61,47.0,1.25,49.0,1.66,49.0,1693,2024-12-31,996,6,1.66,49.0,364,77
7471,-0.08,45.0,0.01,48.0,0.18,49.0,0.59,51.0,0.62,51.0,6135,2024-12-31,2794,6,0.62,51.0,433,184
7472,-0.09,43.0,0.13,46.0,0.3,48.0,0.95,51.0,1.16,51.0,6501,2024-12-31,4816,6,1.16,51.0,398,131
7491,-0.07,45.0,0.59,48.0,1.29,50.0,2.76,53.0,3.52,53.0,26303,2024-12-31,9731,6,3.52,53.0,419,213
7492,-0.13,44.0,0.09,48.0,0.3,50.0,0.71,52.0,0.92,53.0,16435,2024-12-31,13150,6,0.92,53.0,362,138
7494,-0.14,43.0,0.06,46.0,0.28,48.0,0.63,50.0,0.83,51.0,6273,2024-12-31,4487,6,0.83,51.0,342,127
7496,-0.26,41.0,0.02,46.0,0.32,47.0,0.94,49.0,1.29,50.0,9883,2024-12-31,7809,6,1.29,50.0,266,68
7499,-0.19,42.0,0.17,46.0,0.5,46.0,1.06,48.0,1.3,48.0,5490,2024-12-13,1159,6,1.3,48.0,304,87
7506,-0.03,45.0,0.23,48.0,0.49,50.0,0.85,52.0,1.71,52.0,14412,2024-12-31,5780,6,1.71,52.0,428,172
7508,-0.02,45.0,0.18,49.0,0.42,51.0,1.0,53.0,1.13,52.0,2313,2024-12-31,1160,6,1.13,52.0,354,83
7509,-0.08,44.0,0.12,47.0,0.42,48.0,1.1,51.0,1.33,51.0,11766,2024-12-31,8103,6,1.33,51.0,433,171
7514,-0.13,44.0,0.41,46.0,0.97,48.0,2.19,50.0,2.83,51.0,34790,2024-12-31,9098,6,2.83,51.0,384,158
7515,-0.08,43.0,0.43,46.0,0.84,48.0,1.57,50.0,1.96,51.0,10513,2024-12-31,2244,6,1.96,51.0,322,135
7516,-0.14,43.0,-0.01,47.0,0.19,48.0,0.56,50.0,0.75,50.0,5289,2024-12-16,3487,6,0.75,50.0,347,111
7517,-0.18,42.0,-0.01,46.0,0.17,48.0,0.5,50.0,0.65,50.0,9105,2024-12-31,6944,6,0.65,50.0,345,124
7518,-0.16,43.0,0.05,48.0,0.39,49.0,0.87,51.0,1.13,52.0,12484,2024-12-31,8190,6,1.13,52.0,372,151
7519,-0.16,43.0,0.16,47.0,0.42,48.0,1.02,51.0,1.32,52.0,14603,2024-12-31,11485,6,1.32,52.0,378,119
7545,-0.09,44.0,0.06,47.0,0.32,48.0,1.48,50.0,1.91,52.0,16088,2024-12-31,3570,6,1.91,52.0,359,155
7546,-0.1,44.0,0.15,47.0,0.39,49.0,0.88,51.0,1.11,52.0,27555,2024-12-31,16400,6,1.11,52.0,430,175
7547,-0.13,43.0,0.12,47.0,0.38,48.0,0.86,51.0,1.12,51.0,46308,2024-12-31,28282,6,1.12,51.0,428,139
7553,-0.08,45.0,0.11,48.0,0.34,50.0,0.79,52.0,0.83,52.0,17922,2024-12-31,8472,6,0.83,52.0,446,202
7554,-0.12,43.0,0.02,47.0,0.27,48.0,0.85,50.0,1.04,51.0,29154,2024-12-31,17513,6,1.04,51.0,446,134
7559,-0.06,44.0,0.23,48.0,0.48,49.0,0.93,51.0,1.35,52.0,43843,2024-12-31,23501,6,1.35,52.0,442,135
7560,-0.18,42.0,0.23,45.0,0.66,46.0,1.58,48.0,2.09,48.0,9561,2024-12-27,753,6,2.09,48.0,123,49
7561,-0.1,44.0,0.59,46.0,1.33,48.0,2.89,50.0,3.69,51.0,18911,2024-12-31,5011,6,3.69,51.0,331,150
7564,-0.12,43.0,0.17,47.0,0.48,49.0,0.75,50.0,0.92,51.0,4072,2024-12-27,2436,6,0.92,51.0,208,78
7565,-0.16,43.0,0.05,47.0,0.29,49.0,0.73,51.0,0.95,52.0,45292,2024-12-31,32236,6,0.95,52.0,420,118
7567,-0.15,43.0,0.77,46.0,1.92,47.0,3.6,48.0,4.79,49.0,13255,2024-12-31,1457,6,4.79,49.0,270,97
7572,-0.08,44.0,0.3,47.0,0.66,48.0,1.34,50.0,1.66,51.0,10907,2024-12-31,797,6,1.66,51.0,214,87
7575,-0.11,44.0,0.21,49.0,0.47,50.0,1.21,52.0,1.77,54.0,2763,2024-12-19,1857,6,1.77,54.0,215,61
7578,-0.1,44.0,0.6,47.0,1.33,49.0,2.68,51.0,3.42,51.0,29174,2024-12-31,9125,6,3.42,51.0,402,171
7599,-0.18,42.0,0.15,46.0,0.41,48.0,1.1,51.0,1.48,52.0,5847,2024-12-31,3902,6,1.48,52.0,360,120
7600,-0.14,44.0,-0.13,45.0,-0.12,46.0,0.61,49.0,0.73,48.0,2555,2024-12-31,949,6,0.73,48.0,385,100
7601,-0.02,45.0,0.17,48.0,0.5,50.0,1.31,53.0,1.46,53.0,6493,2024-12-31,4312,6,1.46,53.0,433,195
7602,-0.03,44.0,0.19,49.0,0.1,49.0,0.87,52.0,0.69,52.0,2395,2024-12-31,1291,5,0.87,52.0,374,116
7603,-0.31,42.0,-0.36,42.0,0.34,44.0,0.49,45.0,0.64,46.0,2994,2024-12-31,1816,6,0.64,46.0,369,85
7618,-0.05,46.0,0.17,49.0,0.39,50.0,1.2,55.0,1.46,56.0,5736,2024-12-31,3164,6,1.46,56.0,431,195
7619,0.12,46.0,0.33,51.0,0.08,50.0,0.85,55.0,0.42,55.0,1693,2024-12-31,849,5,0.85,55.0,344,78
7620,-0.1,44.0,0.01,47.0,0.25,48.0,0.74,50.0,0.85,50.0,11311,2024-12-31,5930,6,0.85,50.0,445,195
7621,-0.2,42.0,-0.08,45.0,0.33,46.0,1.03,49.0,1.24,49.0,7446,2024-12-31,5018,6,1.24,49.0,417,125
7624,-0.04,45.0,0.24,50.0,0.51,52.0,1.12,54.0,1.4,55.0,6376,2024-12-31,4417,6,1.4,55.0,361,170
7630,-0.19,42.0,0.05,46.0,0.51,49.0,1.05,52.0,1.26,53.0,4274,2024-12-31,3514,6,1.26,53.0,262,99
7631,-0.15,44.0,-0.14,46.0,-0.04,46.0,0.65,49.0,0.62,49.0,6792,2024-12-31,1894,5,0.65,49.0,404,128
7632,-0.27,41.0,-0.17,45.0,-0.15,45.0,0.71,51.0,0.82,51.0,665,2024-12-26,510,6,0.82,51.0,189,28
7633,-0.08,44.0,0.11,47.0,0.42,48.0,1.02,51.0,1.27,51.0,11918,2024-12-31,8280,6,1.27,51.0,436,171
7645,-0.04,45.0,0.23,48.0,0.46,50.0,0.89,52.0,1.2,52.0,61125,2024-12-31,28227,6,1.2,52.0,446,151
7647,-0.26,42.0,0.0,47.0,0.3,49.0,0.76,52.0,1.02,52.0,13879,2024-12-31,10651,6,1.02,52.0,296,91
7649,-0.17,43.0,-0.01,46.0,0.25,47.0,0.93,50.0,1.17,50.0,12902,2024-12-31,9364,6,1.17,50.0,413,132
7685,-0.16,43.0,0.08,47.0,0.32,49.0,0.82,51.0,1.08,51.0,18992,2024-12-31,15040,6,1.08,51.0,277,60
7688,0.13,48.0,0.27,50.0,0.45,53.0,0.63,54.0,0.67,54.0,793,2024-12-27,489,6,0.67,54.0,243,39
7693,-0.05,44.0,0.28,48.0,0.54,50.0,0.92,52.0,1.36,53.0,45189,2024-12-31,23695,6,1.36,53.0,442,144
7694,-0.16,43.0,0.01,47.0,0.23,47.0,1.05,51.0,1.21,52.0,9392,2024-12-31,5183,6,1.21,52.0,438,189
7695,-0.09,44.0,0.06,47.0,0.33,49.0,0.86,51.0,1.0,51.0,20485,2024-12-31,11625,6,1.0,51.0,447,162
7705,0.18,49.0,0.29,52.0,0.4,53.0,0.6,54.0,0.72,54.0,861,2024-12-27,539,6,0.72,54.0,253,44
7709,-0.06,45.0,0.09,48.0,0.35,49.0,1.0,51.0,1.08,52.0,13888,2024-12-31,6356,6,1.08,52.0,443,197
7711,-0.28,41.0,-0.01,46.0,0.3,48.0,0.74,51.0,1.0,51.0,11336,2024-12-31,8744,6,1.0,51.0,264,72
7712,-0.11,45.0,0.12,48.0,0.4,48.0,0.93,50.0,1.25,51.0,6437,2024-12-31,4889,6,1.25,51.0,377,143
7713,-0.13,43.0,0.05,46.0,0.25,48.0,0.92,50.0,1.12,51.0,10448,2024-12-31,7470,6,1.12,51.0,414,139
7735,0.02,46.0,0.42,49.0,0.66,51.0,0.98,53.0,1.61,54.0,24945,2024-12-31,9192,6,1.61,54.0,429,189
7736,-0.19,42.0,0.05,47.0,0.3,49.0,0.74,51.0,0.98,51.0,34476,2024-12-31,23829,6,0.98,51.0,421,125
7737,-0.03,45.0,0.09,48.0,1.66,49.0,2.47,52.0,2.74,53.0,8802,2024-12-31,2383,6,2.74,53.0,404,181
7739,-0.13,44.0,0.03,47.0,0.24,47.0,1.02,51.0,1.2,52.0,11548,2024-12-31,6492,6,1.2,52.0,439,204
7740,-0.02,46.0,0.21,50.0,0.38,51.0,1.1,55.0,1.21,55.0,3853,2024-12-31,2046,6,1.21,55.0,427,186
7741,-0.1,44.0,0.02,46.0,0.31,48.0,0.8,50.0,0.9,50.0,13905,2024-12-31,8109,6,0.9,50.0,446,167
7745,-0.09,45.0,0.02,47.0,0.13,48.0,0.36,50.0,0.44,51.0,7268,2024-12-30,3091,6,0.44,51.0,422,152
7747,-0.13,44.0,0.47,47.0,1.2,48.0,2.78,51.0,3.2,52.0,22582,2024-12-31,6019,6,3.2,52.0,403,182
7751,-0.03,45.0,0.33,48.0,0.65,51.0,1.05,53.0,1.67,53.0,23483,2024-12-31,11157,6,1.67,53.0,439,197
7752,-0.09,43.0,0.2,47.0,0.39,49.0,0.85,51.0,1.11,51.0,14294,2024-12-31,8801,6,1.11,51.0,424,145
7753,0.03,46.0,0.25,49.0,0.35,51.0,1.24,54.0,1.24,54.0,3895,2024-12-31,2137,6,1.24,54.0,400,165
7754,-0.16,43.0,-0.09,45.0,0.25,45.0,0.82,48.0,0.96,48.0,6233,2024-12-31,3664,6,0.96,48.0,405,108
7755,-0.21,43.0,0.71,45.0,1.95,47.0,4.58,50.0,5.31,51.0,13258,2024-12-31,1635,6,5.31,51.0,319,153
7756,0.21,46.0,0.57,51.0,0.8,50.0,1.22,53.0,1.56,53.0,1389,2024-12-05,904,6,1.56,53.0,132,44
7758,-0.06,45.0,0.13,49.0,0.31,50.0,0.81,53.0,1.0,54.0,15633,2024-12-31,8078,6,1.0,54.0,446,206
7759,-0.07,45.0,-0.04,48.0,-0.22,49.0,0.52,52.0,0.2,53.0,1773,2024-12-20,818,5,0.52,52.0,341,82
7760,-0.28,42.0,-0.24,43.0,0.33,43.0,0.65,44.0,0.74,45.0,2362,2024-12-31,1499,6,0.74,45.0,341,72
7763,-0.05,45.0,0.25,48.0,0.68,50.0,1.49,52.0,1.9,53.0,59829,2024-12-31,25702,6,1.9,53.0,444,175
7764,0.07,47.0,0.08,48.0,0.2,49.0,1.04,53.0,0.95,53.0,5048,2024-12-31,1756,5,1.04,53.0,386,165
7767,-0.17,43.0,0.08,46.0,0.32,48.0,0.83,52.0,0.95,53.0,8099,2024-12-31,5558,6,0.95,53.0,414,174
7770,0.17,43.0,0.71,50.0,2.28,52.0,3.55,54.0,4.05,55.0,613,2024-12-31,498,6,4.05,55.0,192,20
7771,-0.33,42.0,-0.36,42.0,-0.06,43.0,0.24,44.0,0.34,45.0,1326,2024-12-31,962,6,0.34,45.0,256,43
7780,0.03,47.0,0.5,50.0,1.0,51.0,1.31,54.0,1.61,55.0,6421,2024-12-31,1953,6,1.61,55.0,413,174
7781,-0.05,46.0,0.32,50.0,0.58,51.0,1.38,53.0,1.87,54.0,14343,2024-12-31,4639,6,1.87,54.0,433,211
7784,-0.09,44.0,0.12,47.0,0.36,49.0,0.77,51.0,0.95,52.0,36583,2024-12-31,21311,6,0.95,52.0,444,131
7785,-0.12,43.0,0.12,46.0,0.37,49.0,0.85,51.0,1.07,51.0,6130,2024-12-31,4530,6,1.07,51.0,395,161
7786,-0.06,46.0,0.37,50.0,0.68,52.0,1.23,53.0,1.76,54.0,15874,2024-12-31,5254,6,1.76,54.0,434,223
7787,-0.11,44.0,0.18,47.0,0.77,47.0,2.02,50.0,2.13,50.0,4164,2024-12-31,1056,6,2.13,50.0,291,98
7790,-0.09,44.0,0.13,47.0,0.4,49.0,0.8,51.0,0.97,52.0,33629,2024-12-31,19982,6,0.97,52.0,440,141
7791,-0.12,43.0,0.18,46.0,0.38,48.0,1.1,50.0,1.44,50.0,4793,2024-12-31,3482,6,1.44,50.0,284,85
7799,-0.05,45.0,0.11,48.0,0.36,49.0,1.0,51.0,1.05,51.0,11070,2024-12-31,6118,6,1.05,51.0,440,182
7800,-0.28,42.0,-0.23,44.0,0.13,45.0,0.8,47.0,0.99,48.0,3973,2024-12-31,2580,6,0.99,48.0,398,112
7801,-0.07,46.0,0.69,48.0,1.5,49.0,3.16,52.0,4.09,53.0,17933,2024-12-31,4990,6,4.09,53.0,428,196
7805,-0.13,43.0,0.08,46.0,0.3,48.0,0.75,51.0,0.97,52.0,17108,2024-12-31,11835,6,0.97,52.0,422,137
7807,-0.19,43.0,-0.03,47.0,0.18,49.0,0.65,51.0,0.89,51.0,10114,2024-12-31,6767,6,0.89,51.0,420,146
7808,-0.24,43.0,-0.15,45.0,0.31,45.0,1.43,48.0,1.91,49.0,2384,2024-12-26,1793,6,1.91,49.0,205,53
7819,-0.06,44.0,0.15,47.0,0.37,49.0,1.07,52.0,1.24,52.0,12969,2024-12-31,9594,6,1.24,52.0,404,142
7820,0.34,48.0,0.35,50.0,0.17,49.0,0.86,54.0,0.93,54.0,4090,2024-12-31,1096,6,0.93,54.0,381,136
7827,-0.17,43.0,0.09,47.0,0.34,49.0,0.9,52.0,1.19,52.0,15140,2024-12-31,9948,6,1.19,52.0,393,127
7828,-0.11,44.0,0.51,48.0,1.14,49.0,2.34,52.0,3.0,53.0,41515,2024-12-31,17817,6,3.0,53.0,413,184
7829,-0.13,42.0,0.15,47.0,0.42,49.0,0.92,52.0,1.13,52.0,7640,2024-12-31,5795,6,1.13,52.0,262,99
7830,-0.36,39.0,-0.17,43.0,0.08,45.0,0.58,47.0,0.87,48.0,2574,2024-12-31,2261,6,0.87,48.0,103,22
7831,-0.8,37.0,-0.98,39.0,-1.08,38.0,-1.55,36.0,-1.67,36.0,474,2024-10-15,414,1,-0.8,37.0,34,4
7832,1.0,51.0,0.99,52.0,0.79,48.0,1.76,55.0,2.37,57.0,962,2024-12-06,313,6,2.37,57.0,236,37
7833,-0.11,45.0,-0.09,47.0,-0.29,48.0,0.55,51.0,0.31,51.0,1346,2024-12-27,884,5,0.55,51.0,277,49
7834,-0.08,44.0,-0.3,45.0,-0.12,46.0,1.05,52.0,1.11,52.0,1013,2024-12-31,203,6,1.11,52.0,190,44
7860,-0.15,43.0,0.01,47.0,0.25,48.0,0.89,50.0,0.99,51.0,11596,2024-12-31,4018,6,0.99,51.0,427,168
7861,-0.1,44.0,0.1,48.0,0.37,49.0,0.93,52.0,1.16,53.0,12488,2024-12-31,9167,6,1.16,53.0,440,190
7862,-0.07,44.0,0.06,47.0,0.3,49.0,0.75,51.0,0.84,51.0,18014,2024-12-31,10340,6,0.84,51.0,445,158
7870,0.01,45.0,0.19,49.0,0.52,49.0,1.25,54.0,1.45,54.0,10255,2024-12-31,3830,6,1.45,54.0,440,215
7871,0.0,46.0,0.26,50.0,0.63,52.0,1.21,54.0,1.3,53.0,10237,2024-12-31,6157,6,1.3,53.0,443,216
7872,-0.17,43.0,-0.12,45.0,0.01,46.0,0.72,49.0,0.9,50.0,12476,2024-12-31,6866,6,0.9,50.0,443,152
7879,-0.47,38.0,-0.35,42.0,-0.16,42.0,0.15,45.0,0.37,45.0,2504,2024-12-31,2224,6,0.37,45.0,95,14
7880,0.64,51.0,0.87,52.0,1.01,49.0,1.76,54.0,2.33,57.0,596,2024-12-31,438,6,2.33,57.0,167,33
7881,0.1,48.0,0.5,53.0,0.59,56.0,1.6,59.0,1.67,58.0,1091,2024-12-27,842,6,1.67,58.0,247,45
7884,-0.06,45.0,0.4,49.0,0.86,50.0,1.82,53.0,2.32,54.0,60192,2024-12-31,29645,6,2.32,54.0,436,198
7885,-0.21,42.0,0.03,45.0,0.28,46.0,0.74,48.0,1.0,49.0,30579,2024-12-31,18203,6,1.0,49.0,418,92
7902,-0.11,44.0,0.17,46.0,0.43,48.0,0.97,50.0,1.2,51.0,35082,2024-12-31,14149,6,1.2,51.0,435,156
7904,-0.09,44.0,0.07,47.0,0.27,49.0,0.62,50.0,0.71,50.0,13327,2024-12-31,7965,6,0.71,50.0,440,161
7905,-0.14,43.0,0.06,47.0,0.29,49.0,0.75,51.0,0.97,52.0,52927,2024-12-31,34175,6,0.97,52.0,441,120
7909,-0.1,44.0,0.78,48.0,1.16,50.0,2.67,51.0,3.63,52.0,21527,2024-12-31,10604,6,3.63,52.0,419,180
7910,-0.04,45.0,0.18,48.0,0.9,50.0,1.63,53.0,1.88,53.0,22723,2024-12-31,9764,6,1.88,53.0,417,195
7911,-0.08,44.0,0.21,47.0,0.53,49.0,1.2,52.0,1.61,53.0,17803,2024-12-31,10173,6,1.61,53.0,391,153
7912,-0.49,39.0,-0.41,43.0,-0.29,42.0,-0.18,43.0,-0.03,44.0,3148,2024-12-31,2313,6,-0.03,44.0,197,38
7915,-0.1,44.0,0.38,47.0,0.9,48.0,1.97,50.0,2.55,51.0,39168,2024-12-31,11181,6,2.55,51.0,395,173
7919,-0.1,44.0,0.08,47.0,0.35,49.0,0.94,51.0,1.15,52.0,33844,2024-12-31,21951,6,1.15,52.0,445,164
7927,-0.04,45.0,0.58,49.0,1.24,51.0,2.56,53.0,3.28,54.0,34780,2024-12-31,15717,6,3.28,54.0,419,219
7928,-0.17,42.0,0.13,46.0,0.4,47.0,0.94,50.0,1.2,51.0,23487,2024-12-31,12994,6,1.2,51.0,403,121
7941,-0.11,44.0,0.03,48.0,0.17,49.0,0.84,52.0,0.88,52.0,10641,2024-12-31,4391,6,0.88,52.0,442,190
7942,-0.04,45.0,0.06,47.0,0.38,49.0,0.82,50.0,0.96,51.0,10383,2024-12-31,4952,6,0.96,51.0,445,188
7943,-0.12,43.0,0.06,47.0,0.24,49.0,0.61,51.0,0.78,52.0,48596,2024-12-31,30046,6,0.78,52.0,441,122
7947,-0.13,44.0,0.27,46.0,0.68,48.0,1.51,50.0,1.97,51.0,63679,2024-12-31,17313,6,1.97,51.0,425,158
7958,-0.05,45.0,0.91,49.0,1.89,50.0,4.2,53.0,4.58,54.0,13175,2024-12-31,4314,6,4.58,54.0,413,205
7962,-0.02,46.0,0.51,48.0,0.66,50.0,1.28,52.0,1.7,53.0,3468,2024-12-31,2037,6,1.7,53.0,409,126
7963,-0.25,42.0,-0.26,44.0,0.21,45.0,0.82,48.0,1.08,49.0,1708,2024-12-12,512,6,1.08,49.0,322,72
7964,-0.01,45.0,0.23,47.0,0.36,47.0,1.29,49.0,1.39,49.0,1669,2024-12-31,1179,6,1.39,49.0,289,69
7965,-0.14,44.0,-0.12,46.0,-0.15,46.0,0.36,48.0,0.32,49.0,3130,2024-12-31,1780,5,0.36,48.0,409,115
7972,-0.07,45.0,0.11,48.0,0.24,48.0,0.99,53.0,1.12,54.0,10759,2024-12-31,5150,6,1.12,54.0,439,203
7976,0.02,47.0,0.15,48.0,0.28,50.0,0.47,51.0,0.68,52.0,8123,2024-12-31,2539,6,0.68,52.0,417,173
7977,-0.08,44.0,0.14,47.0,0.43,50.0,0.86,52.0,1.0,52.0,27495,2024-12-31,16388,6,1.0,52.0,442,150
7979,-0.13,42.0,-0.02,47.0,0.08,48.0,0.32,51.0,0.48,52.0,1742,2024-12-30,1125,6,0.48,52.0,246,61
7983,-0.1,45.0,0.12,48.0,0.4,51.0,0.83,52.0,1.0,52.0,3722,2024-12-31,2185,6,1.0,52.0,406,156
7992,-0.12,43.0,0.07,47.0,0.28,50.0,0.73,52.0,0.88,53.0,13507,2024-12-31,9802,6,0.88,53.0,379,137
7993,-0.11,45.0,0.28,48.0,0.78,50.0,1.75,53.0,2.08,53.0,47455,2024-12-31,23166,6,2.08,53.0,446,200
7996,-0.12,43.0,0.19,47.0,0.6,49.0,1.29,51.0,1.61,52.0,5245,2024-12-31,3394,6,1.61,52.0,369,138
7997,-0.05,45.0,0.19,48.0,0.41,50.0,0.79,52.0,1.16,52.0,39716,2024-12-31,18469,6,1.16,52.0,447,157
7998,-0.07,44.0,0.11,47.0,0.27,48.0,0.48,48.0,0.52,49.0,3304,2024-12-31,1918,6,0.52,49.0,348,103
7999,-0.11,43.0,0.1,47.0,0.39,49.0,0.87,51.0,1.11,52.0,12669,2024-12-31,8554,6,1.11,52.0,425,167
8000,-0.09,44.0,0.14,47.0,0.32,49.0,0.77,52.0,0.92,52.0,6567,2024-12-31,4398,6,0.92,52.0,405,150
8037,-0.11,45.0,0.06,47.0,0.21,48.0,0.57,51.0,1.49,51.0,10752,2024-12-31,4258,6,1.49,51.0,442,177
8038,-0.08,44.0,0.08,47.0,0.33,49.0,0.79,51.0,0.94,51.0,48002,2024-12-31,27419,6,0.94,51.0,446,123
8039,-0.1,45.0,0.21,48.0,0.61,49.0,1.36,51.0,1.68,52.0,77273,2024-12-31,35622,6,1.68,52.0,444,158
8040,-0.07,44.0,-0.23,47.0,-0.33,47.0,-0.58,49.0,-0.66,49.0,3096,2024-12-31,1217,1,-0.07,44.0,316,97
8042,-0.1,43.0,0.1,47.0,0.39,49.0,0.87,51.0,1.11,52.0,12644,2024-12-31,8540,6,1.11,52.0,425,168
8043,-0.09,44.0,0.14,47.0,0.32,49.0,0.77,52.0,0.92,52.0,6552,2024-12-31,4390,6,0.92,52.0,405,150
8065,0.23,48.0,0.33,51.0,2.58,51.0,3.64,54.0,4.06,55.0,5659,2024-12-31,1732,6,4.06,55.0,406,177
8066,0.04,48.0,0.45,52.0,0.66,53.0,1.39,55.0,1.63,56.0,3583,2024-12-31,1593,6,1.63,56.0,347,141
8068,-0.04,46.0,0.27,49.0,0.49,51.0,1.19,55.0,1.45,57.0,5677,2024-12-31,2873,6,1.45,57.0,438,211
8069,-0.1,44.0,0.06,47.0,0.29,48.0,0.83,51.0,0.99,51.0,25427,2024-12-31,14482,6,0.99,51.0,447,152
8070,-0.16,43.0,-0.11,45.0,0.27,45.0,0.78,48.0,0.9,49.0,5101,2024-12-31,2692,6,0.9,49.0,393,124
8071,-0.15,44.0,-0.06,47.0,0.09,50.0,0.65,51.0,0.41,51.0,2360,2024-12-31,1578,5,0.65,51.0,386,108
8076,-0.03,45.0,0.11,49.0,0.35,50.0,0.6,52.0,0.71,53.0,5053,2024-12-31,2987,6,0.71,53.0,419,177
8079,0.02,46.0,0.99,49.0,2.01,50.0,4.14,53.0,5.36,54.0,14054,2024-12-31,3739,6,5.36,54.0,410,193
8082,-0.18,42.0,0.05,47.0,0.29,49.0,0.73,51.0,0.95,51.0,38890,2024-12-31,25355,6,0.95,51.0,416,120
8084,-0.07,44.0,0.15,47.0,0.57,48.0,1.29,51.0,1.48,51.0,7883,2024-12-31,5521,6,1.48,51.0,391,150
8094,-0.08,45.0,-0.11,46.0,-0.07,49.0,0.03,50.0,0.03,51.0,1317,2024-12-30,676,5,0.03,50.0,321,65
8095,-0.01,47.0,0.1,49.0,0.35,50.0,0.74,52.0,0.78,52.0,6791,2024-12-31,3857,6,0.78,52.0,417,173
8096,-0.23,41.0,0.88,44.0,2.35,46.0,5.33,49.0,6.09,50.0,10295,2024-12-31,1324,6,6.09,50.0,235,88
8097,-0.11,44.0,0.06,47.0,0.24,48.0,0.74,51.0,0.96,52.0,15299,2024-12-31,5786,6,0.96,52.0,378,168
8099,-0.01,46.0,0.31,48.0,0.54,50.0,0.82,51.0,1.29,52.0,31399,2024-12-31,10302,6,1.29,52.0,434,147
8100,-0.11,43.0,0.11,47.0,0.33,49.0,0.78,52.0,0.99,53.0,36131,2024-12-31,24913,6,0.99,53.0,436,138
8101,0.01,46.0,0.18,49.0,0.23,50.0,1.3,54.0,1.32,55.0,5043,2024-12-31,2792,6,1.32,55.0,420,175
8102,-0.16,43.0,-0.05,45.0,0.28,46.0,0.82,48.0,1.03,49.0,9835,2024-12-31,5743,6,1.03,49.0,433,141
8136,-0.01,47.0,0.08,49.0,0.25,50.0,0.62,52.0,0.67,52.0,6417,2024-12-31,3564,6,0.67,52.0,406,163
8138,-0.23,42.0,0.6,45.0,1.62,46.0,3.73,49.0,4.28,50.0,16854,2024-12-31,2267,6,4.28,50.0,292,127
8141,0.01,46.0,0.29,49.0,0.5,51.0,0.81,52.0,1.3,53.0,30252,2024-12-31,11797,6,1.3,53.0,440,180
8142,-0.11,43.0,0.11,47.0,0.33,49.0,0.75,51.0,0.94,52.0,49888,2024-12-31,30084,6,0.94,52.0,441,123
8143,-0.18,44.0,-0.24,46.0,-0.23,46.0,0.17,48.0,0.11,48.0,3934,2024-12-31,1363,5,0.17,48.0,396,122
8144,-0.11,43.0,0.1,46.0,0.54,48.0,1.34,51.0,1.54,51.0,6627,2024-12-31,4716,6,1.54,51.0,391,136
8157,-0.11,44.0,0.05,47.0,0.24,49.0,0.58,51.0,0.74,51.0,34987,2024-12-31,19052,6,0.74,51.0,430,149
8162,-0.03,46.0,0.23,48.0,0.42,50.0,0.79,51.0,1.12,52.0,46598,2024-12-31,18907,6,1.12,52.0,444,166
8163,-0.1,43.0,0.16,47.0,0.44,49.0,0.95,50.0,1.21,51.0,16846,2024-12-31,11260,6,1.21,51.0,419,162
8170,-0.04,45.0,0.17,51.0,0.28,50.0,0.59,53.0,0.77,53.0,546,2024-12-31,463,6,0.77,53.0,99,26
8171,-0.0,46.0,0.37,48.0,0.49,49.0,0.68,50.0,0.84,51.0,10481,2024-12-31,2942,6,0.84,51.0,387,150
8175,-0.19,42.0,0.05,47.0,0.32,49.0,0.87,52.0,1.14,52.0,18603,2024-12-31,15032,6,1.14,52.0,283,72
8176,-0.47,42.0,0.05,43.0,0.69,44.0,1.82,46.0,2.37,47.0,1823,2024-12-31,1560,6,2.37,47.0,85,17
8178,0.0,47.0,0.55,49.0,1.09,50.0,1.41,52.0,1.7,53.0,19622,2024-12-31,7166,6,1.7,53.0,439,210
8187,-0.09,45.0,0.3,48.0,0.7,49.0,1.52,52.0,1.97,53.0,59269,2024-12-31,22983,6,1.97,53.0,444,193
8189,-0.09,44.0,0.18,48.0,0.46,49.0,1.03,51.0,1.29,53.0,26070,2024-12-31,16982,6,1.29,53.0,425,160
8190,-0.15,43.0,0.03,47.0,0.26,48.0,0.72,51.0,0.96,51.0,35246,2024-12-31,23826,6,0.96,51.0,417,121
8193,0.02,47.0,0.12,50.0,0.54,53.0,0.78,55.0,0.74,53.0,2106,2024-12-31,1164,5,0.78,55.0,376,107
8196,-0.13,43.0,-0.03,46.0,1.03,47.0,1.83,51.0,2.13,52.0,13434,2024-12-31,3696,6,2.13,52.0,396,180
8198,-0.03,45.0,0.85,48.0,0.97,48.0,1.23,50.0,3.55,51.0,4099,2024-12-31,1164,6,3.55,51.0,240,77
8199,-0.02,45.0,0.23,49.0,0.48,50.0,1.01,52.0,1.28,53.0,13849,2024-12-31,3392,6,1.28,53.0,377,164
8200,-0.09,44.0,0.11,47.0,0.33,49.0,0.73,51.0,0.89,52.0,88791,2024-12-31,51293,6,0.89,52.0,441,109
8206,-0.15,43.0,0.73,46.0,1.97,47.0,4.41,50.0,5.1,51.0,13215,2024-12-31,3189,6,5.1,51.0,352,156
8211,-0.08,44.0,0.03,47.0,0.25,48.0,0.92,51.0,1.01,51.0,15035,2024-12-31,7921,6,1.01,51.0,440,182
8220,-0.01,46.0,0.13,50.0,0.25,51.0,0.75,55.0,1.0,55.0,1710,2024-12-31,1413,6,1.0,55.0,196,67
8221,-0.12,42.0,0.19,46.0,0.37,48.0,1.03,50.0,1.42,50.0,5742,2024-12-31,3874,6,1.42,50.0,369,119
8224,-0.1,44.0,0.31,47.0,0.73,49.0,1.61,51.0,2.06,52.0,70886,2024-12-31,30664,6,2.06,52.0,438,189
8225,-0.05,45.0,0.04,47.0,0.22,49.0,0.55,51.0,0.73,52.0,6864,2024-12-31,2630,6,0.73,52.0,415,175
8226,-0.1,44.0,0.19,46.0,0.5,49.0,0.91,51.0,1.1,50.0,3361,2024-12-31,1319,6,1.1,50.0,384,122
8229,-0.09,44.0,0.13,48.0,0.42,50.0,0.83,52.0,1.08,53.0,10003,2024-12-31,7873,6,1.08,53.0,363,152
8230,-0.04,44.0,0.08,46.0,0.56,47.0,1.4,50.0,1.61,51.0,3325,2024-12-31,2670,6,1.61,51.0,352,111
8241,-0.19,42.0,1.01,45.0,2.56,47.0,5.78,50.0,6.56,51.0,9476,2024-12-31,1305,6,6.56,51.0,268,117
8245,0.07,46.0,0.84,49.0,1.24,51.0,1.88,52.0,3.72,53.0,6798,2024-12-31,756,6,3.72,53.0,242,97
8246,-0.08,44.0,0.15,48.0,0.38,50.0,0.79,52.0,0.99,53.0,43791,2024-12-31,26158,6,0.99,53.0,436,145
8247,-0.19,43.0,-0.25,46.0,-0.24,45.0,0.2,48.0,0.11,48.0,3597,2024-12-31,1161,5,0.2,48.0,374,122
8248,-0.1,43.0,0.11,46.0,0.58,47.0,1.43,50.0,1.64,51.0,5673,2024-12-31,4093,6,1.64,51.0,356,120
8258,-0.06,46.0,-0.0,48.0,0.15,50.0,0.41,52.0,0.45,51.0,10948,2024-12-31,5134,6,0.45,51.0,441,189
8259,-0.08,45.0,0.1,48.0,0.3,50.0,0.76,51.0,0.87,51.0,19974,2024-12-31,12220,6,0.87,51.0,440,166
8260,-0.1,44.0,0.19,47.0,1.53,48.0,4.29,51.0,5.48,52.0,12162,2024-12-31,3004,6,5.48,52.0,341,148
8261,-0.03,45.0,0.42,49.0,0.79,50.0,1.76,53.0,2.23,54.0,5556,2024-12-31,3519,6,2.23,54.0,312,132
8262,-0.06,45.0,0.12,48.0,0.33,50.0,0.75,52.0,1.01,53.0,21398,2024-12-31,11173,6,1.01,53.0,393,172
8263,-0.18,41.0,-0.02,45.0,0.1,46.0,0.42,48.0,0.6,48.0,4607,2024-12-31,3729,6,0.6,48.0,176,42
8269,-0.12,44.0,0.73,47.0,1.64,48.0,3.5,49.0,4.46,50.0,19106,2024-12-31,3650,6,4.46,50.0,343,132
8270,-0.0,46.0,0.33,51.0,0.61,54.0,1.1,56.0,1.36,57.0,9605,2024-12-31,6279,6,1.36,57.0,400,202
8273,-0.18,42.0,0.08,47.0,0.37,49.0,0.88,52.0,1.13,52.0,8590,2024-12-31,6943,6,1.13,52.0,224,70
8274,-0.19,42.0,-0.05,46.0,0.16,47.0,0.5,48.0,0.66,49.0,7528,2024-12-31,5024,6,0.66,49.0,360,103
8275,-0.54,39.0,-0.47,42.0,-0.39,42.0,-0.19,45.0,-0.08,45.0,2014,2024-12-31,1754,6,-0.08,45.0,109,21
8278,-0.16,44.0,0.07,47.0,0.24,47.0,0.49,49.0,0.66,51.0,2866,2024-12-31,1522,6,0.66,51.0,412,126
8286,-0.35,40.0,0.12,45.0,0.65,46.0,1.39,48.0,1.57,48.0,2441,2024-12-27,2284,6,1.57,48.0,135,35
8291,-0.08,44.0,0.74,48.0,1.54,50.0,3.19,52.0,4.05,54.0,26637,2024-12-31,10417,6,4.05,54.0,391,200
8292,-0.1,44.0,0.08,48.0,0.3,49.0,0.71,52.0,0.91,52.0,23187,2024-12-31,12708,6,0.91,52.0,387,161
8293,-0.13,44.0,0.02,46.0,-0.0,46.0,0.61,47.0,0.84,48.0,1695,2024-12-31,1480,6,0.84,48.0,127,34
8312,-0.16,43.0,-0.01,47.0,0.36,48.0,1.02,51.0,1.38,52.0,14088,2024-12-31,4068,6,1.38,52.0,389,178
8315,-0.05,45.0,0.21,48.0,0.42,49.0,0.82,51.0,1.15,52.0,55266,2024-12-31,20796,6,1.15,52.0,446,150
8316,-0.08,44.0,0.15,48.0,0.36,49.0,0.81,52.0,1.01,53.0,28524,2024-12-31,20409,6,1.01,53.0,418,142
8317,-0.21,41.0,-0.06,44.0,0.16,47.0,0.62,52.0,0.79,52.0,2715,2024-12-27,2164,6,0.79,52.0,195,72
8318,-0.19,43.0,0.1,46.0,0.46,48.0,1.29,51.0,1.66,52.0,10354,2024-12-31,8149,6,1.66,52.0,287,79
8321,-0.1,44.0,0.11,47.0,0.32,49.0,0.8,51.0,0.98,52.0,60288,2024-12-31,32376,6,0.98,52.0,443,127
8324,-0.06,45.0,0.08,48.0,0.29,50.0,0.63,51.0,0.76,52.0,43941,2024-12-31,22595,6,0.76,52.0,447,122
8325,-0.05,42.0,0.21,47.0,0.49,48.0,1.05,51.0,1.37,51.0,1589,2024-12-30,1166,6,1.37,51.0,237,74
8326,-0.23,42.0,0.02,44.0,0.2,45.0,1.62,48.0,1.72,49.0,1586,2024-12-16,1258,6,1.72,49.0,152,36
8332,0.04,44.0,-0.1,46.0,-0.25,45.0,0.41,48.0,0.32,48.0,4021,2024-12-24,782,5,0.41,48.0,346,100
8333,-0.03,42.0,0.17,46.0,0.41,50.0,0.69,52.0,0.76,52.0,1226,2024-12-31,1059,6,0.76,52.0,107,35
8334,0.03,42.0,0.54,51.0,0.92,54.0,1.63,56.0,2.15,57.0,1345,2024-12-27,1124,6,2.15,57.0,130,42
8335,0.08,45.0,0.22,46.0,0.35,47.0,0.84,52.0,1.09,54.0,557,2024-12-26,455,6,1.09,54.0,91,17
8337,-0.1,44.0,0.07,47.0,0.31,49.0,0.78,51.0,0.93,52.0,40915,2024-12-31,27878,6,0.93,52.0,445,141
8347,0.52,49.0,0.52,51.0,0.36,50.0,1.27,56.0,1.42,56.0,3586,2024-12-31,1207,6,1.42,56.0,377,158
8348,0.14,50.0,0.73,54.0,1.08,55.0,1.75,57.0,1.82,59.0,1755,2024-12-27,892,6,1.82,59.0,323,81
8349,-0.3,43.0,-0.53,45.0,-0.55,44.0,-0.37,45.0,-0.42,49.0,1234,2024-12-20,460,1,-0.3,43.0,300,39
8354,-0.15,43.0,0.07,48.0,0.32,50.0,0.81,52.0,1.03,53.0,10078,2024-12-31,7469,6,1.03,53.0,315,120
8355,-0.26,41.0,0.04,45.0,0.42,46.0,1.31,49.0,1.7,50.0,6681,2024-12-31,5375,6,1.7,50.0,193,44
8359,-0.14,43.0,0.06,47.0,0.31,49.0,0.76,52.0,0.94,53.0,19285,2024-12-31,13404,6,0.94,53.0,418,163
8361,-0.05,44.0,0.06,48.0,0.37,48.0,0.93,52.0,1.05,53.0,8527,2024-12-31,2081,6,1.05,53.0,409,186
8364,-0.05,45.0,0.08,48.0,0.35,49.0,0.91,51.0,1.01,51.0,13231,2024-12-31,6844,6,1.01,51.0,444,186
8365,-0.02,43.0,0.21,47.0,0.36,48.0,0.78,49.0,1.2,50.0,1587,2024-12-30,1191,6,1.2,50.0,255,69
8366,-0.29,41.0,-0.09,42.0,0.02,43.0,1.08,47.0,1.18,48.0,1233,2024-12-13,988,6,1.18,48.0,141,31
8369,-0.15,43.0,0.7,47.0,1.55,49.0,3.35,51.0,4.34,52.0,19358,2024-12-31,9325,6,4.34,52.0,420,191
8370,-0.2,42.0,0.13,47.0,0.37,49.0,0.81,51.0,1.02,52.0,19571,2024-12-31,12807,6,1.02,52.0,413,140
8371,-0.03,45.0,0.17,49.0,0.53,50.0,1.03,53.0,1.2,54.0,9786,2024-12-31,3983,6,1.2,54.0,437,213
8372,0.19,47.0,0.32,50.0,0.34,50.0,1.37,54.0,1.73,55.0,707,2024-12-19,574,6,1.73,55.0,168,36
8373,-0.07,44.0,0.04,47.0,0.23,48.0,0.87,51.0,1.05,51.0,11831,2024-12-31,4114,6,1.05,51.0,430,184
8375,-0.26,42.0,-0.16,45.0,0.39,46.0,0.74,48.0,1.14,49.0,1349,2024-12-26,1083,6,1.14,49.0,197,46
8376,0.01,44.0,0.28,47.0,0.46,49.0,1.64,51.0,1.93,52.0,1410,2024-12-31,1077,6,1.93,52.0,253,57
8377,-0.16,42.0,0.04,45.0,0.3,47.0,0.86,50.0,1.07,51.0,2322,2024-12-31,1725,6,1.07,51.0,305,89
8378,0.12,47.0,0.18,50.0,0.33,49.0,0.86,52.0,1.41,53.0,4280,2024-12-31,752,6,1.41,53.0,297,106
8381,-0.1,44.0,0.16,47.0,0.43,50.0,0.95,53.0,1.17,54.0,4751,2024-12-31,3100,6,1.17,54.0,293,117
8384,-0.19,43.0,-0.04,46.0,0.04,47.0,0.46,51.0,0.51,52.0,823,2024-12-27,483,6,0.51,52.0,234,43
8386,-0.3,41.0,0.14,44.0,0.74,46.0,1.91,49.0,2.44,49.0,2553,2024-12-31,2013,6,2.44,49.0,154,37
8397,0.02,46.0,0.45,49.0,1.56,50.0,4.11,54.0,5.38,54.0,10708,2024-12-31,2848,6,5.38,54.0,399,174
8402,-0.26,42.0,-0.12,46.0,0.26,49.0,0.64,50.0,0.82,51.0,4899,2024-12-31,3319,6,0.82,51.0,331,109
8403,-0.13,42.0,0.11,47.0,0.44,48.0,0.96,51.0,1.44,52.0,4471,2024-12-31,3068,6,1.44,52.0,306,122
8404,-0.09,44.0,0.5,48.0,1.11,50.0,2.47,52.0,2.91,53.0,32801,2024-12-31,13453,6,2.91,53.0,425,206
8405,-0.07,45.0,0.13,48.0,0.38,50.0,0.69,52.0,1.31,52.0,17989,2024-12-31,8796,6,1.31,52.0,446,192
8406,-0.09,45.0,0.02,48.0,0.26,48.0,0.8,51.0,0.82,51.0,7928,2024-12-31,3269,6,0.82,51.0,435,175
8407,-0.04,45.0,0.12,48.0,0.43,49.0,1.11,51.0,1.29,51.0,6371,2024-12-31,4102,6,1.29,51.0,432,183
8408,-0.09,43.0,0.15,46.0,0.28,47.0,1.17,50.0,1.43,50.0,3918,2024-12-31,3009,6,1.43,50.0,316,92
8411,-0.11,44.0,0.47,47.0,1.09,48.0,2.38,51.0,3.07,52.0,33100,2024-12-31,7590,6,3.07,52.0,373,166
8414,0.14,47.0,0.62,53.0,0.88,54.0,1.62,58.0,1.91,59.0,2993,2024-12-31,2388,6,1.91,59.0,330,147
8415,-0.07,44.0,0.21,49.0,0.51,51.0,1.03,53.0,1.32,54.0,8997,2024-10-21,6655,6,1.32,54.0,362,162
8416,-0.15,43.0,0.09,47.0,0.34,49.0,0.84,52.0,1.07,52.0,37435,2024-12-31,28784,6,1.07,52.0,391,120
8421,-0.15,43.0,0.1,48.0,0.37,49.0,0.83,52.0,1.05,53.0,20598,2024-12-31,16662,6,1.05,53.0,332,114
8422,0.06,45.0,0.26,46.0,0.85,48.0,1.47,50.0,1.69,51.0,2136,2024-12-31,1721,6,1.69,51.0,284,73
8425,-0.14,44.0,0.68,47.0,1.64,49.0,3.62,51.0,4.23,52.0,19131,2024-12-31,7336,6,4.23,52.0,405,191
8427,-0.15,43.0,0.12,48.0,0.33,49.0,0.73,51.0,1.01,52.0,8447,2024-12-31,6121,6,1.01,52.0,327,138
8428,-0.01,45.0,0.53,49.0,0.92,51.0,1.39,53.0,2.32,54.0,14573,2024-12-31,6722,6,2.32,54.0,413,199
8429,-0.08,44.0,0.07,47.0,0.3,47.0,1.26,51.0,1.45,51.0,7831,2024-12-31,3327,6,1.45,51.0,379,147
8430,-0.26,41.0,-0.07,44.0,0.18,46.0,0.61,49.0,0.77,49.0,5179,2024-12-31,4045,6,0.77,49.0,238,62
8445,-0.14,44.0,0.05,47.0,1.05,49.0,2.98,51.0,3.85,52.0,17027,2024-12-31,7956,6,3.85,52.0,426,178
8448,0.14,46.0,0.3,48.0,0.4,49.0,1.33,54.0,1.41,54.0,6086,2024-12-31,2876,6,1.41,54.0,391,162
8449,-0.0,46.0,0.14,50.0,0.26,50.0,0.99,54.0,1.06,55.0,3297,2024-12-31,2040,6,1.06,55.0,412,173
8450,-0.28,42.0,-0.3,43.0,0.19,44.0,0.69,46.0,0.85,47.0,5269,2024-12-31,3161,6,0.85,47.0,415,106
8451,-0.07,45.0,0.1,48.0,0.22,49.0,0.54,51.0,0.66,51.0,13969,2024-12-31,9127,6,0.66,51.0,427,176
8453,-0.09,45.0,0.22,49.0,0.53,50.0,1.21,53.0,1.82,54.0,35086,2024-12-31,15109,6,1.82,54.0,435,218
8454,-0.16,43.0,0.67,46.0,1.61,48.0,3.56,50.0,3.91,51.0,15913,2024-12-31,3674,6,3.91,51.0,376,152
8455,0.01,46.0,0.77,48.0,0.95,50.0,1.14,51.0,1.37,52.0,3852,2024-12-31,1136,6,1.37,52.0,340,129
8456,-0.03,45.0,0.16,48.0,0.46,50.0,0.88,52.0,1.07,52.0,17810,2024-12-31,9391,6,1.07,52.0,437,157
8457,-0.15,42.0,0.2,46.0,0.5,48.0,1.39,51.0,1.74,51.0,5289,2024-12-31,4201,6,1.74,51.0,252,80
8459,-0.19,43.0,-0.05,46.0,0.86,47.0,2.52,50.0,3.3,51.0,18329,2024-12-31,3392,6,3.3,51.0,377,149
8462,-0.12,44.0,-0.22,45.0,-0.15,45.0,0.57,50.0,0.45,50.0,5651,2024-12-31,1872,5,0.57,50.0,403,143
8463,0.08,47.0,0.33,50.0,0.64,50.0,1.48,53.0,1.78,54.0,4918,2024-12-31,3563,6,1.78,54.0,400,156
8464,-0.09,43.0,0.08,46.0,0.57,47.0,1.19,49.0,1.36,51.0,3068,2024-12-31,2172,6,1.36,51.0,398,114
8469,0.04,46.0,0.36,51.0,0.63,52.0,1.29,55.0,1.67,56.0,14624,2024-12-31,10927,6,1.67,56.0,363,186
8470,-0.16,43.0,-0.13,45.0,-0.01,47.0,0.23,50.0,0.34,50.0,3563,2024-12-31,2178,6,0.34,50.0,256,81
8486,-0.04,45.0,0.17,49.0,0.49,49.0,1.19,52.0,1.45,53.0,9964,2024-12-31,5434,6,1.45,53.0,418,188
8494,-0.15,44.0,1.15,47.0,2.35,48.0,4.81,50.0,6.28,52.0,13968,2024-12-31,1918,6,6.28,52.0,325,157
8496,-0.01,45.0,0.11,48.0,0.37,48.0,0.99,53.0,1.14,53.0,10380,2024-12-31,3208,6,1.14,53.0,417,189
8497,-0.06,45.0,0.13,48.0,0.36,49.0,0.9,52.0,1.11,52.0,20600,2024-12-31,10827,6,1.11,52.0,437,198
8498,-0.15,44.0,0.04,46.0,0.35,46.0,1.39,49.0,1.73,50.0,3911,2024-12-31,3338,6,1.73,50.0,174,46
8501,-0.14,43.0,2.12,46.0,4.38,47.0,5.81,49.0,8.45,50.0,5251,2024-12-31,1517,6,8.45,50.0,236,81
8502,-0.12,43.0,0.16,47.0,0.61,49.0,2.76,52.0,3.23,53.0,14423,2024-12-31,6772,6,3.23,53.0,393,195
8504,-0.03,47.0,0.23,48.0,0.44,51.0,0.78,53.0,0.95,54.0,6667,2024-12-31,2506,6,0.95,54.0,418,196
8505,-0.06,44.0,0.15,47.0,0.43,49.0,0.97,51.0,1.22,52.0,24113,2024-12-31,14365,6,1.22,52.0,434,148
8506,-0.11,45.0,0.28,47.0,0.7,49.0,1.58,51.0,1.97,52.0,39288,2024-12-31,14084,6,1.97,52.0,438,155
8508,-0.11,44.0,0.06,47.0,0.33,48.0,0.78,50.0,0.97,51.0,60000,2024-12-31,36449,6,0.97,51.0,448,127
8509,-0.04,45.0,0.1,47.0,0.31,49.0,0.89,51.0,1.06,51.0,9510,2024-12-31,6158,6,1.06,51.0,440,175
8511,-0.09,45.0,0.78,47.0,1.72,48.0,3.69,51.0,4.7,52.0,18015,2024-12-31,2863,6,4.7,52.0,355,156
8525,0.1,47.0,0.39,51.0,0.61,52.0,1.23,55.0,1.55,57.0,4377,2024-12-26,3143,6,1.55,57.0,396,187
8543,-0.19,42.0,0.05,47.0,0.28,48.0,0.72,51.0,0.96,51.0,27345,2024-12-31,20416,6,0.96,51.0,370,104
8545,0.5,49.0,0.77,52.0,0.76,51.0,1.46,55.0,1.9,56.0,2641,2024-12-26,932,6,1.9,56.0,303,115
8546,-0.01,46.0,0.1,47.0,0.43,48.0,1.24,52.0,1.24,52.0,5608,2024-12-31,2967,6,1.24,52.0,406,163
8547,-0.11,44.0,-0.13,45.0,-0.01,46.0,0.34,48.0,0.41,48.0,2926,2024-12-31,1723,6,0.41,48.0,372,86
8567,-0.09,44.0,0.03,47.0,0.2,49.0,0.5,51.0,0.6,51.0,44252,2024-12-31,23768,6,0.6,51.0,444,126
8568,-0.07,46.0,0.08,48.0,0.4,50.0,0.96,52.0,1.05,52.0,6343,2024-12-31,3995,6,1.05,52.0,436,192
8569,-0.2,43.0,-0.07,46.0,0.41,48.0,1.32,51.0,1.84,52.0,8536,2024-12-31,1879,6,1.84,52.0,328,147
8571,0.06,47.0,0.91,50.0,1.33,51.0,1.67,52.0,3.41,53.0,7015,2024-12-31,885,6,3.41,53.0,318,151
8572,-0.09,43.0,0.18,48.0,0.44,50.0,0.88,52.0,1.13,53.0,20202,2024-12-31,13504,6,1.13,53.0,409,162
8573,-0.08,44.0,0.08,47.0,0.24,48.0,1.08,52.0,1.26,52.0,11762,2024-12-31,6234,6,1.26,52.0,417,168
8574,-0.27,42.0,-0.2,44.0,0.21,45.0,0.85,46.0,1.01,47.0,5533,2024-12-31,3098,6,1.01,47.0,375,96
8577,-0.08,45.0,0.03,48.0,0.21,49.0,0.54,50.0,0.59,51.0,7847,2024-12-31,4207,6,0.59,51.0,434,176
8578,-0.05,46.0,0.09,48.0,0.36,50.0,0.69,52.0,0.74,52.0,5394,2024-12-31,3128,6,0.74,52.0,432,190
8579,-0.1,44.0,0.11,47.0,0.34,49.0,0.76,51.0,0.92,52.0,22975,2024-12-31,12663,6,0.92,52.0,443,157
8580,-0.14,43.0,0.43,48.0,1.05,49.0,2.31,51.0,2.76,52.0,32122,2024-12-31,16356,6,2.76,52.0,428,197
8581,-0.09,44.0,0.21,47.0,0.48,49.0,1.15,52.0,1.88,53.0,21419,2024-12-31,10998,6,1.88,53.0,423,190
8582,-0.09,44.0,0.16,49.0,0.47,50.0,0.85,53.0,0.98,54.0,3677,2024-12-31,2014,6,0.98,54.0,414,171
8583,-0.04,45.0,0.27,48.0,0.5,50.0,0.92,52.0,1.16,52.0,30825,2024-12-31,16189,6,1.16,52.0,442,147
8584,0.13,47.0,0.36,51.0,0.37,52.0,1.1,54.0,1.11,56.0,1850,2024-12-31,1003,6,1.11,56.0,359,94
8585,-0.2,43.0,-0.14,44.0,0.24,45.0,0.84,47.0,1.01,48.0,5712,2024-12-31,3369,6,1.01,48.0,399,111
8590,-0.09,45.0,0.01,47.0,0.21,49.0,0.49,50.0,0.55,51.0,29357,2024-12-31,13337,6,0.55,51.0,443,146
8593,-0.14,42.0,0.11,48.0,0.21,49.0,0.42,51.0,0.6,51.0,5819,2024-12-31,4380,6,0.6,51.0,280,95
8594,-0.11,44.0,0.02,46.0,0.24,48.0,0.67,51.0,0.95,52.0,8831,2024-12-31,5124,6,0.95,52.0,416,150
8595,-0.11,44.0,0.02,48.0,0.13,48.0,0.42,50.0,0.77,50.0,2790,2024-12-31,1648,6,0.77,50.0,374,121
8596,-0.08,44.0,0.29,47.0,0.6,49.0,1.21,51.0,1.85,53.0,22847,2024-12-31,10794,6,1.85,53.0,400,162
8597,-0.07,44.0,0.2,48.0,0.59,49.0,1.24,51.0,1.55,52.0,5310,2024-12-31,3419,6,1.55,52.0,318,120
8617,-0.26,42.0,0.5,47.0,1.4,49.0,3.08,51.0,3.58,51.0,21197,2024-12-31,10839,6,3.58,51.0,411,166
8618,-0.05,44.0,0.4,48.0,0.77,50.0,1.4,52.0,2.16,53.0,20935,2024-12-31,10500,6,2.16,53.0,406,181
8619,0.56,51.0,0.93,54.0,1.04,54.0,1.63,57.0,1.99,58.0,4194,2024-12-30,1763,6,1.99,58.0,397,182
8621,-0.09,44.0,0.01,47.0,0.32,47.0,1.07,51.0,1.1,51.0,6240,2024-12-31,3381,6,1.1,51.0,407,160
8622,-0.09,44.0,-0.05,46.0,0.23,47.0,0.9,49.0,1.06,49.0,3631,2024-12-31,2114,6,1.06,49.0,382,99
8629,-0.09,44.0,0.3,47.0,0.71,49.0,1.53,51.0,1.94,52.0,77601,2024-12-31,32066,6,1.94,52.0,436,178
8631,-0.14,43.0,0.06,46.0,0.21,48.0,0.66,51.0,0.9,51.0,6761,2024-12-31,4600,6,0.9,51.0,312,115
8632,-0.13,43.0,0.06,47.0,0.25,49.0,0.53,51.0,0.69,51.0,5734,2024-12-31,4247,6,0.69,51.0,214,68
8633,-0.44,39.0,-0.13,43.0,0.21,43.0,0.89,45.0,1.29,45.0,3379,2024-12-31,2975,6,1.29,45.0,107,15
8637,-0.06,45.0,0.06,48.0,0.26,50.0,0.58,51.0,0.63,51.0,13375,2024-12-31,7390,6,0.63,51.0,436,181
8638,-0.35,41.0,-0.11,47.0,0.57,55.0,1.2,54.0,1.26,53.0,419,2024-12-24,263,6,1.26,53.0,201,5
8641,-0.14,43.0,0.54,48.0,1.3,49.0,2.86,51.0,3.36,52.0,24679,2024-12-31,12101,6,3.36,52.0,408,184
8642,-0.12,43.0,0.16,47.0,0.4,48.0,1.05,51.0,1.4,53.0,11137,2024-12-31,5495,6,1.4,53.0,398,175
8643,-0.06,45.0,0.18,48.0,0.4,50.0,0.79,51.0,1.02,52.0,34893,2024-12-31,18852,6,1.02,52.0,441,152
8644,-0.01,44.0,0.63,48.0,1.06,51.0,1.73,53.0,3.17,54.0,7588,2024-12-31,3585,6,3.17,54.0,372,173
8645,0.08,46.0,0.36,50.0,0.43,52.0,1.22,55.0,1.23,55.0,3004,2024-12-31,1625,6,1.23,55.0,391,147
8646,-0.2,43.0,-0.15,44.0,0.21,44.0,0.83,47.0,1.0,47.0,5659,2024-12-31,3346,6,1.0,47.0,395,95
8652,-0.09,43.0,0.21,48.0,0.47,50.0,1.0,52.0,1.18,52.0,4709,2024-12-31,3665,6,1.18,52.0,298,114
8653,-0.17,42.0,-0.03,46.0,0.15,48.0,0.48,50.0,0.67,51.0,11358,2024-12-31,7399,6,0.67,51.0,345,97
8663,-0.09,45.0,0.02,48.0,0.18,50.0,0.45,51.0,0.52,51.0,20755,2024-12-31,10911,6,0.52,51.0,442,161
8664,-0.07,45.0,0.11,48.0,0.42,51.0,0.78,53.0,0.87,53.0,6985,2024-12-31,4108,6,0.87,53.0,438,203
8666,-0.09,44.0,0.12,48.0,0.32,50.0,0.74,52.0,0.9,52.0,37306,2024-12-31,19186,6,0.9,52.0,439,150
8667,-0.12,43.0,0.18,46.0,0.45,48.0,0.94,50.0,1.09,50.0,12308,2024-12-31,8239,6,1.09,50.0,405,141
8668,-0.13,44.0,0.84,46.0,1.82,48.0,3.86,50.0,4.96,51.0,19698,2024-12-31,3696,6,4.96,51.0,318,140
8669,-0.04,45.0,0.27,50.0,0.57,52.0,1.14,54.0,1.43,55.0,14660,2024-12-31,10643,6,1.43,55.0,374,167
8670,-0.11,44.0,0.07,48.0,0.27,49.0,0.68,51.0,0.94,52.0,29363,2024-12-31,16763,6,0.94,52.0,390,156
8685,-0.05,45.0,0.06,48.0,0.2,50.0,0.54,52.0,0.62,52.0,13685,2024-12-31,6984,6,0.62,52.0,440,186
8687,-0.15,43.0,0.74,47.0,1.79,49.0,4.01,52.0,4.69,53.0,16940,2024-12-31,7102,6,4.69,53.0,384,196
8689,-0.03,45.0,0.3,48.0,0.58,50.0,1.13,52.0,1.67,53.0,29268,2024-12-31,13931,6,1.67,53.0,430,180
8690,-0.13,42.0,0.13,46.0,0.39,48.0,1.03,50.0,1.23,51.0,6029,2024-12-31,3426,6,1.23,51.0,372,132
8691,-0.22,42.0,0.07,44.0,0.4,47.0,0.87,49.0,1.15,50.0,7199,2024-12-31,5438,6,1.15,50.0,281,69
8721,-0.03,46.0,0.19,48.0,0.37,50.0,0.73,52.0,0.85,52.0,4017,2024-12-31,2523,6,0.85,52.0,374,136
8723,-0.11,43.0,0.12,45.0,0.33,47.0,0.61,50.0,0.7,50.0,6231,2024-12-31,1178,6,0.7,50.0,274,100
8724,-0.13,43.0,0.75,46.0,1.67,47.0,3.63,50.0,4.68,51.0,20399,2024-12-31,2483,6,4.68,51.0,282,122
8726,-0.08,44.0,0.18,48.0,0.41,50.0,0.93,53.0,1.2,53.0,22824,2024-12-31,15925,6,1.2,53.0,377,169
8727,-0.07,44.0,0.12,48.0,0.34,50.0,0.8,52.0,0.99,52.0,17857,2024-12-31,11173,6,0.99,52.0,431,147
8728,-0.09,43.0,0.09,46.0,0.47,49.0,0.92,52.0,1.08,52.0,2462,2024-12-31,1593,6,1.08,52.0,287,92
8730,-0.04,46.0,0.07,49.0,0.31,50.0,0.65,52.0,0.73,52.0,6051,2024-12-31,3501,6,0.73,52.0,402,161
8731,-0.2,42.0,-0.21,44.0,-0.03,46.0,0.32,47.0,0.29,47.0,544,2024-12-18,351,5,0.32,47.0,243,12
8732,-0.07,44.0,0.07,48.0,0.2,49.0,0.28,51.0,0.34,52.0,5668,2024-12-31,1987,6,0.34,52.0,334,132
8733,-0.1,44.0,1.17,47.0,2.36,48.0,5.25,51.0,6.8,53.0,11004,2024-12-31,1826,6,6.8,53.0,312,156
8734,0.02,46.0,0.19,49.0,0.45,49.0,0.69,50.0,1.13,51.0,2317,2024-12-31,380,6,1.13,51.0,251,83
8737,-0.07,45.0,0.12,48.0,0.36,49.0,1.01,52.0,1.22,52.0,25159,2024-12-31,15524,6,1.22,52.0,440,191
8743,-0.16,43.0,0.78,46.0,1.76,47.0,3.79,49.0,4.9,50.0,18260,2024-12-31,1748,6,4.9,50.0,242,95
8744,-0.1,44.0,0.18,46.0,0.4,47.0,1.0,50.0,1.29,51.0,7733,2024-12-31,1887,6,1.29,51.0,279,114
8745,-0.12,49.0,0.63,49.0,1.79,53.0,3.24,57.0,3.91,60.0,452,2024-12-30,134,6,3.91,60.0,86,21
8746,0.11,47.0,0.83,53.0,2.2,56.0,3.48,61.0,4.01,59.0,215,2024-12-26,47,6,4.01,59.0,55,10
8747,0.17,47.0,-0.16,49.0,-0.3,48.0,-0.73,50.0,-0.74,49.0,759,2024-12-27,320,1,0.17,47.0,153,31
8748,-0.08,44.0,0.16,48.0,0.39,50.0,0.84,52.0,1.07,52.0,42171,2024-12-31,28518,6,1.07,52.0,422,163
8749,-0.18,42.0,0.09,46.0,0.36,47.0,0.85,50.0,1.14,50.0,10714,2024-12-31,8612,6,1.14,50.0,262,64
8760,-0.24,42.0,-0.13,45.0,-0.09,46.0,0.15,48.0,0.32,49.0,6334,2024-12-31,3099,6,0.32,49.0,374,132
8762,-0.11,44.0,0.08,48.0,0.31,49.0,0.75,51.0,0.9,52.0,5152,2024-12-31,3008,6,0.9,52.0,418,180
8764,-0.15,43.0,0.29,46.0,1.34,47.0,3.79,50.0,5.0,50.0,11845,2024-12-31,960,6,5.0,50.0,209,85
8765,-0.16,42.0,0.53,46.0,1.13,47.0,2.22,48.0,2.6,49.0,3510,2024-12-24,388,6,2.6,49.0,150,54
8766,0.22,48.0,0.23,51.0,0.26,52.0,0.61,55.0,0.9,56.0,2492,2024-12-30,1011,6,0.9,56.0,256,90
8767,-0.08,44.0,0.14,48.0,0.37,49.0,0.82,52.0,1.05,53.0,85692,2024-12-31,50569,6,1.05,53.0,435,167
8772,-0.1,44.0,0.17,47.0,0.46,48.0,1.05,51.0,1.35,52.0,20228,2024-12-31,5048,6,1.35,52.0,362,159
8773,-0.09,44.0,0.36,48.0,0.82,50.0,1.8,52.0,2.31,53.0,52500,2024-12-31,30620,6,2.31,53.0,435,176
8774,-0.14,43.0,0.12,47.0,0.37,48.0,0.77,50.0,0.96,51.0,14062,2024-12-31,7161,6,0.96,51.0,402,160
8775,-0.22,42.0,0.07,46.0,0.38,48.0,0.93,50.0,1.27,51.0,13297,2024-12-31,10167,6,1.27,51.0,314,99
8779,-0.15,43.0,0.94,46.0,2.06,47.0,4.39,49.0,5.67,50.0,13042,2024-12-31,1349,6,5.67,50.0,233,95
8780,-0.17,41.0,0.32,45.0,0.81,47.0,1.78,49.0,2.22,50.0,6786,2024-12-31,644,6,2.22,50.0,172,66
8781,-0.02,46.0,0.12,49.0,0.3,51.0,0.69,54.0,0.86,54.0,11525,2024-12-31,4273,6,0.86,54.0,360,176
8782,-0.09,44.0,0.14,48.0,0.37,50.0,0.81,52.0,1.04,53.0,86794,2024-12-31,53397,6,1.04,53.0,437,155
8787,-0.06,44.0,1.87,47.0,3.93,49.0,8.16,52.0,10.42,53.0,7251,2024-12-31,702,6,10.42,53.0,180,88
8788,-0.09,45.0,0.12,48.0,0.33,50.0,0.79,53.0,1.0,54.0,33515,2024-12-31,16501,6,1.0,54.0,426,205
8789,-0.18,42.0,0.11,45.0,0.45,46.0,1.11,48.0,1.41,49.0,13229,2024-12-31,1844,6,1.41,49.0,338,117
8790,-0.09,44.0,0.14,48.0,0.36,49.0,0.79,52.0,1.02,53.0,42346,2024-12-31,28366,6,1.02,53.0,417,151
8791,0.33,49.0,0.54,52.0,0.97,52.0,1.88,54.0,2.43,56.0,2089,2024-12-31,743,6,2.43,56.0,316,92
8803,-0.15,43.0,1.55,47.0,3.3,47.0,6.95,50.0,8.9,51.0,8387,2024-12-31,760,6,8.9,51.0,172,77
8805,-0.11,44.0,0.11,47.0,0.33,49.0,0.86,51.0,1.12,52.0,19896,2024-12-31,12881,6,1.12,52.0,409,149
8806,-0.17,43.0,0.15,46.0,0.47,48.0,1.0,50.0,1.27,51.0,25212,2024-12-31,17048,6,1.27,51.0,392,130
8811,-0.17,43.0,0.25,46.0,1.06,47.0,2.86,49.0,3.79,50.0,20532,2024-12-31,2340,6,3.79,50.0,279,123
8812,-0.27,42.0,1.11,47.0,2.87,55.0,5.03,64.0,6.0,65.0,253,2024-11-26,46,6,6.0,65.0,47,12
8813,0.07,45.0,0.43,51.0,0.76,52.0,1.73,58.0,2.29,58.0,886,2024-11-29,261,6,2.29,58.0,115,33
8815,-0.12,44.0,0.13,48.0,0.37,49.0,0.87,52.0,1.1,52.0,44529,2024-12-31,29858,6,1.1,52.0,418,159
8837,-0.11,44.0,0.14,47.0,0.41,49.0,0.87,51.0,1.13,52.0,188392,2024-12-31,96569,6,1.13,52.0,446,116
8846,-0.13,44.0,0.05,47.0,0.26,49.0,0.69,51.0,0.89,52.0,83049,2024-12-31,55604,6,0.89,52.0,442,114
8851,-0.21,41.0,0.65,44.0,1.59,45.0,3.61,47.0,4.67,47.0,16982,2024-12-31,1898,6,4.67,47.0,221,82
8854,-0.12,44.0,-0.02,46.0,0.28,48.0,0.7,50.0,0.75,50.0,9087,2024-12-31,3316,6,0.75,50.0,422,162
8875,-0.13,43.0,0.37,46.0,0.86,48.0,1.91,50.0,2.46,51.0,47821,2024-12-31,19020,6,2.46,51.0,429,179
8876,-0.1,44.0,0.0,47.0,0.1,48.0,0.3,50.0,0.44,50.0,13441,2024-12-31,3388,6,0.44,50.0,381,139
8877,-0.01,46.0,0.16,48.0,0.34,50.0,0.63,52.0,0.84,52.0,8815,2024-12-31,3077,6,0.84,52.0,409,165
8878,-0.1,45.0,-0.07,44.0,0.2,44.0,0.78,47.0,0.87,48.0,2020,2024-12-31,422,6,0.87,48.0,305,77
8879,-0.12,43.0,0.05,47.0,0.2,48.0,0.47,50.0,0.65,51.0,26650,2024-12-31,15341,6,0.65,51.0,435,155
8881,-0.07,44.0,0.08,48.0,0.17,49.0,0.49,52.0,0.58,52.0,13228,2024-12-31,7432,6,0.58,52.0,444,171
8882,-0.04,46.0,0.22,48.0,0.38,50.0,0.84,53.0,0.99,53.0,7933,2024-12-31,4747,6,0.99,53.0,441,201
8883,-0.09,44.0,0.55,47.0,1.2,49.0,2.59,51.0,3.33,52.0,27038,2024-12-31,6841,6,3.33,52.0,377,178
8888,-0.15,42.0,0.8,45.0,1.77,46.0,3.76,48.0,4.27,49.0,15900,2024-12-31,1326,6,4.27,49.0,182,66
8890,0.26,48.0,0.42,50.0,0.64,50.0,1.29,53.0,1.56,53.0,5936,2024-12-31,3672,6,1.56,53.0,433,180
8903,-0.07,45.0,0.07,48.0,0.22,50.0,0.52,52.0,0.64,52.0,66256,2024-12-31,35758,6,0.64,52.0,447,122
8904,-0.08,44.0,0.62,48.0,1.36,50.0,2.9,53.0,3.69,53.0,23445,2024-12-31,8522,6,3.69,53.0,434,219
8907,-0.1,45.0,-0.01,47.0,0.13,49.0,0.33,51.0,0.43,51.0,17949,2024-12-31,8458,6,0.43,51.0,446,165
8908,-0.05,45.0,0.12,48.0,0.27,50.0,0.61,52.0,0.75,52.0,56978,2024-12-31,31966,6,0.75,52.0,447,135
8909,-0.12,43.0,0.33,46.0,0.8,48.0,1.78,50.0,2.29,51.0,46092,2024-12-31,13350,6,2.29,51.0,398,170
8934,-0.27,39.0,-0.38,41.0,-0.35,42.0,-0.16,43.0,-0.35,43.0,1856,2024-12-31,267,5,-0.16,43.0,157,38
8935,-0.08,45.0,0.07,47.0,0.27,50.0,0.57,52.0,0.66,51.0,1484,2024-12-31,680,6,0.66,51.0,213,55
8938,-0.04,45.0,1.51,48.0,3.13,49.0,6.3,52.0,7.91,53.0,8974,2024-12-31,1269,6,7.91,53.0,274,122
8939,-0.07,44.0,0.21,49.0,0.45,50.0,1.25,53.0,1.78,54.0,12627,2024-12-31,6453,6,1.78,54.0,394,196
8940,-0.02,45.0,0.2,49.0,0.4,51.0,0.77,53.0,0.97,53.0,12864,2024-12-31,7053,6,0.97,53.0,391,187
8942,-0.09,44.0,0.15,47.0,0.43,48.0,0.96,50.0,1.19,51.0,27316,2024-12-31,10666,6,1.19,51.0,432,144
8943,-0.16,42.0,0.1,47.0,0.39,49.0,0.92,52.0,1.19,52.0,22819,2024-12-31,18433,6,1.19,52.0,347,115
8949,-0.08,43.0,1.56,47.0,2.24,49.0,3.31,51.0,4.12,53.0,6474,2024-12-30,2268,6,4.12,53.0,368,158
8951,0.02,46.0,0.79,49.0,2.76,50.0,6.9,53.0,9.1,53.0,5935,2024-12-31,1974,6,9.1,53.0,315,128
8952,-0.01,46.0,0.18,49.0,0.39,51.0,0.93,53.0,1.11,54.0,12537,2024-12-31,5126,6,1.11,54.0,409,191
8953,-0.1,44.0,0.18,47.0,0.45,48.0,1.01,50.0,1.27,51.0,32353,2024-12-31,12843,6,1.27,51.0,434,155
8954,-0.17,42.0,0.09,47.0,0.37,49.0,0.91,52.0,1.17,52.0,25149,2024-12-31,20373,6,1.17,52.0,347,110
8957,-0.11,44.0,0.67,46.0,1.5,47.0,3.23,49.0,4.11,50.0,18896,2024-12-31,3452,6,4.11,50.0,339,142
8958,-0.21,42.0,0.04,46.0,0.32,47.0,1.04,50.0,1.61,51.0,4501,2024-12-31,1249,6,1.61,51.0,239,89
8963,-0.06,44.0,0.27,50.0,0.56,52.0,1.04,55.0,1.31,56.0,6095,2024-12-31,5070,6,1.31,56.0,290,131
8964,-0.12,43.0,0.08,48.0,0.28,49.0,0.68,51.0,0.86,52.0,17936,2024-12-31,13534,6,0.86,52.0,373,140
8966,-0.1,44.0,0.42,48.0,0.96,50.0,2.11,52.0,2.51,53.0,39916,2024-12-31,14931,6,2.51,53.0,431,215
8967,-0.03,45.0,0.4,48.0,0.72,50.0,1.19,52.0,2.08,52.0,13069,2024-12-31,4441,6,2.08,52.0,410,173
8969,-0.15,43.0,0.05,48.0,0.3,49.0,0.72,51.0,0.94,52.0,38422,2024-12-31,25593,6,0.94,52.0,438,149
8970,-0.14,43.0,0.05,47.0,0.25,49.0,0.65,51.0,0.83,51.0,19961,2024-12-31,14636,6,0.83,51.0,431,138
8973,-0.09,45.0,0.03,48.0,0.21,49.0,0.47,51.0,0.56,51.0,21987,2024-12-31,10708,6,0.56,51.0,447,163
9004,-0.15,43.0,0.41,48.0,0.93,50.0,1.89,52.0,2.45,52.0,45836,2024-12-31,23186,6,2.45,52.0,433,163
9005,-0.02,45.0,0.19,48.0,0.53,49.0,1.39,53.0,1.66,54.0,19630,2024-12-31,8265,6,1.66,54.0,418,196
9006,-0.1,43.0,-0.0,46.0,0.11,46.0,0.56,49.0,0.77,50.0,8211,2024-12-31,5763,6,0.77,50.0,324,101
9016,-0.09,45.0,0.44,48.0,1.01,49.0,2.2,52.0,2.84,53.0,24278,2024-12-31,8103,6,2.84,53.0,399,187
9017,-0.13,43.0,0.23,46.0,0.55,48.0,1.2,50.0,1.56,50.0,18874,2024-12-31,7821,6,1.56,50.0,377,146
9043,-0.09,45.0,0.01,48.0,0.16,50.0,0.44,51.0,0.54,52.0,13636,2024-12-31,7147,6,0.54,52.0,441,178
9044,-0.1,44.0,0.05,47.0,0.28,49.0,0.67,51.0,0.78,51.0,27564,2024-12-31,15892,6,0.78,51.0,444,142
9047,-0.09,44.0,0.11,47.0,0.42,49.0,1.0,52.0,1.27,52.0,26462,2024-12-31,16595,6,1.27,52.0,420,151
9048,-0.23,40.0,-0.09,44.0,0.27,47.0,0.68,49.0,0.78,50.0,3143,2024-12-31,1703,6,0.78,50.0,243,85
9058,-0.08,44.0,0.07,48.0,0.26,49.0,0.66,51.0,0.8,52.0,30498,2024-12-31,16416,6,0.8,52.0,442,151
9060,-0.09,44.0,0.18,48.0,0.66,49.0,1.63,52.0,2.09,52.0,50692,2024-12-31,28963,6,2.09,52.0,434,152
9061,-0.06,44.0,0.23,48.0,0.47,48.0,1.1,51.0,1.46,52.0,7675,2024-12-30,567,6,1.46,52.0,205,86
9062,-0.17,42.0,0.12,46.0,0.38,48.0,1.0,50.0,1.33,50.0,8793,2024-12-31,4850,6,1.33,50.0,271,115
9106,-0.12,44.0,0.02,47.0,0.22,49.0,0.61,50.0,0.72,51.0,5300,2024-12-31,3091,6,0.72,51.0,428,170
9107,-0.05,46.0,0.07,49.0,0.32,50.0,0.6,52.0,0.62,52.0,7547,2024-12-31,4178,6,0.62,52.0,430,179
9108,-0.14,43.0,1.84,46.0,3.9,48.0,7.96,51.0,10.07,52.0,6988,2024-12-31,1737,6,10.07,52.0,312,129
9109,-0.09,45.0,0.04,47.0,0.16,49.0,0.63,52.0,0.91,53.0,13877,2024-12-31,3536,6,0.91,53.0,383,176
9111,0.01,47.0,0.11,48.0,0.25,49.0,0.45,51.0,0.74,52.0,6335,2024-12-31,1485,6,0.74,52.0,383,146
9112,-0.15,44.0,0.29,44.0,0.54,44.0,0.96,47.0,1.08,47.0,2023,2024-12-31,308,6,1.08,47.0,297,56
9113,-0.03,46.0,0.17,49.0,0.4,52.0,0.75,53.0,0.87,53.0,6273,2024-12-31,3844,6,0.87,53.0,427,193
9114,-0.09,43.0,0.17,47.0,0.42,49.0,1.04,52.0,1.27,52.0,15057,2024-12-31,10234,6,1.27,52.0,422,151
9119,-0.06,46.0,0.06,49.0,0.25,51.0,0.65,53.0,0.71,53.0,3301,2024-12-30,1674,6,0.71,53.0,397,153
9121,-0.1,44.0,0.1,47.0,0.35,47.0,0.87,49.0,1.13,51.0,9459,2024-12-31,1347,6,1.13,51.0,261,112
9122,-0.13,43.0,0.36,47.0,0.85,48.0,1.85,50.0,2.38,51.0,48133,2024-12-31,15944,6,2.38,51.0,419,168
9123,-0.03,46.0,0.08,48.0,0.23,49.0,0.6,51.0,0.86,52.0,5213,2024-12-31,1472,6,0.86,52.0,383,144
9124,-0.05,45.0,0.43,46.0,0.84,47.0,1.12,48.0,1.21,49.0,1541,2024-12-31,314,6,1.21,49.0,240,56
9126,-0.2,43.0,0.02,47.0,0.28,48.0,0.76,50.0,1.02,51.0,26187,2024-12-31,20444,6,1.02,51.0,395,121
9127,-0.11,43.0,0.13,48.0,0.38,50.0,0.83,52.0,1.07,52.0,15899,2024-12-31,10506,6,1.07,52.0,431,167
9128,-0.02,45.0,0.23,48.0,0.5,50.0,1.28,53.0,1.44,53.0,4911,2024-12-31,3671,6,1.44,53.0,381,141
9149,-0.1,45.0,0.06,48.0,0.23,49.0,0.58,51.0,0.76,52.0,73521,2024-12-31,37284,6,0.76,52.0,442,132
9150,-0.1,44.0,0.17,48.0,0.46,50.0,1.08,52.0,1.41,53.0,32196,2024-12-31,15220,6,1.41,53.0,399,174
9151,-0.13,43.0,0.13,46.0,0.39,48.0,0.91,50.0,1.17,51.0,38758,2024-12-31,25365,6,1.17,51.0,426,146
9152,-0.11,43.0,0.58,47.0,1.29,49.0,2.79,51.0,3.58,52.0,28976,2024-12-31,12329,6,3.58,52.0,372,158
9168,-0.18,44.0,-0.12,46.0,0.1,50.0,0.54,51.0,0.6,51.0,989,2024-12-31,626,6,0.6,51.0,321,42
9169,-0.27,41.0,-0.02,43.0,0.3,44.0,0.67,44.0,1.04,44.0,2369,2024-12-31,520,6,1.04,44.0,125,32
9170,-0.1,44.0,0.64,47.0,1.44,48.0,3.19,51.0,4.12,52.0,21023,2024-12-31,3842,6,4.12,52.0,320,145
9175,-0.11,43.0,0.11,47.0,0.36,49.0,0.83,51.0,1.07,52.0,42500,2024-12-31,29606,6,1.07,52.0,421,134
9177,-0.05,45.0,0.24,49.0,0.5,51.0,1.01,54.0,1.25,54.0,22552,2024-12-31,14332,6,1.25,54.0,422,197
9185,-0.05,44.0,2.87,48.0,5.8,51.0,11.46,54.0,12.32,55.0,4808,2024-12-30,1418,6,12.32,55.0,317,139
9186,-0.04,45.0,0.18,48.0,0.47,50.0,1.47,52.0,4.56,53.0,3801,2024-12-20,1060,6,4.56,53.0,304,110
9188,-0.11,43.0,0.34,47.0,0.74,48.0,1.55,50.0,2.04,51.0,8435,2024-12-31,3229,6,2.04,51.0,311,128
9189,-0.0,47.0,-0.01,49.0,-0.01,50.0,0.01,52.0,0.1,52.0,6219,2024-12-31,649,6,0.1,52.0,357,147
9195,-0.11,44.0,0.17,47.0,0.7,49.0,1.31,51.0,1.62,52.0,40420,2024-12-31,22844,6,1.62,52.0,413,140
9203,-0.07,45.0,0.36,48.0,0.84,50.0,1.79,53.0,2.26,53.0,54738,2024-12-31,28999,6,2.26,53.0,435,192
9204,-0.29,41.0,-0.08,43.0,0.18,44.0,0.68,47.0,1.02,48.0,13976,2024-12-31,8110,6,1.02,48.0,407,91
9205,-0.04,46.0,0.07,49.0,0.25,51.0,0.48,52.0,0.53,52.0,11714,2024-12-31,6346,6,0.53,52.0,428,183
9210,0.05,47.0,1.01,50.0,1.34,51.0,2.58,54.0,2.98,54.0,3830,2024-12-20,655,6,2.98,54.0,223,94
9211,-0.11,44.0,0.18,47.0,0.79,48.0,1.97,50.0,2.59,51.0,27346,2024-12-31,13274,6,2.59,51.0,426,155
9214,-0.04,45.0,0.15,48.0,0.38,49.0,0.8,51.0,0.99,52.0,55850,2024-12-31,28613,6,0.99,52.0,441,161
9215,-0.15,43.0,0.1,46.0,0.33,48.0,0.8,50.0,1.04,51.0,21360,2024-12-31,13723,6,1.04,51.0,402,104
9220,-0.15,43.0,0.04,47.0,0.28,48.0,0.7,50.0,0.92,52.0,15230,2024-12-31,10646,6,0.92,52.0,422,141
9221,0.15,47.0,0.69,50.0,1.0,50.0,5.4,54.0,8.8,53.0,2981,2024-12-31,1002,6,8.8,53.0,296,92
9222,-0.13,43.0,0.19,47.0,0.99,48.0,1.78,50.0,2.22,51.0,19581,2024-12-31,3571,6,2.22,51.0,326,139
9223,-0.11,44.0,0.14,48.0,0.4,50.0,0.89,52.0,1.13,53.0,28804,2024-12-31,21618,6,1.13,53.0,382,146
9242,-0.15,44.0,0.01,47.0,0.2,50.0,0.63,52.0,0.85,53.0,12137,2024-12-31,7585,6,0.85,53.0,390,125
9243,-0.12,43.0,0.68,46.0,1.49,47.0,3.21,50.0,4.13,51.0,22342,2024-12-31,5150,6,4.13,51.0,336,144
9244,-0.07,45.0,-0.07,48.0,-0.04,49.0,0.17,51.0,0.37,52.0,6416,2024-12-31,522,6,0.37,52.0,286,114
9246,-0.11,43.0,0.18,47.0,0.46,48.0,0.98,50.0,1.24,51.0,33369,2024-12-31,15317,6,1.24,51.0,429,172
9248,-0.1,43.0,0.16,47.0,0.44,49.0,1.07,52.0,1.29,52.0,12529,2024-12-31,9760,6,1.29,52.0,367,131
9255,-0.19,43.0,0.08,47.0,0.34,49.0,0.85,51.0,1.12,52.0,19077,2024-12-31,14493,6,1.12,52.0,377,116
9256,-0.07,45.0,0.04,48.0,0.17,50.0,0.42,52.0,0.51,52.0,28360,2024-12-31,14102,6,0.51,52.0,442,159
9258,-0.16,43.0,0.0,47.0,0.19,50.0,0.61,52.0,0.84,53.0,11583,2024-12-31,7228,6,0.84,53.0,389,128
9260,-0.08,45.0,0.12,48.0,0.31,49.0,0.67,51.0,0.83,52.0,46715,2024-12-31,22022,6,0.83,52.0,442,160
9261,-0.1,44.0,0.29,47.0,0.91,49.0,2.2,51.0,2.84,52.0,32730,2024-12-31,10312,6,2.84,52.0,414,172
9262,-0.2,43.0,0.03,47.0,0.28,49.0,0.72,51.0,0.93,52.0,12125,2024-12-31,9631,6,0.93,52.0,360,135
9266,-0.04,45.0,0.11,48.0,0.49,49.0,1.24,52.0,1.38,52.0,8741,2024-12-31,1633,6,1.38,52.0,349,149
9269,-0.1,44.0,0.1,48.0,0.21,50.0,0.53,51.0,0.6,51.0,3370,2024-12-30,2010,6,0.6,51.0,427,162
9270,-0.12,43.0,0.09,47.0,0.29,48.0,1.05,51.0,1.21,51.0,5585,2024-12-31,3884,6,1.21,51.0,412,141
9292,-0.18,43.0,-0.01,47.0,0.66,49.0,1.21,51.0,1.43,52.0,24448,2024-12-31,12546,6,1.43,52.0,447,187
9293,-0.03,46.0,0.16,48.0,0.34,49.0,1.01,52.0,1.19,53.0,23746,2024-12-31,12159,6,1.19,53.0,446,202
9294,-0.09,44.0,0.06,47.0,0.28,48.0,0.91,50.0,1.11,51.0,9261,2024-12-31,6128,6,1.11,51.0,439,168
9300,0.01,46.0,0.45,49.0,0.7,50.0,0.98,51.0,1.7,52.0,16851,2024-12-31,4491,6,1.7,52.0,402,162
9301,-0.18,43.0,-0.15,45.0,0.19,45.0,0.79,47.0,1.02,47.0,4306,2024-12-31,1038,6,1.02,47.0,339,99
9303,-0.06,45.0,0.15,48.0,0.39,49.0,0.97,52.0,1.21,53.0,26066,2024-12-31,19353,6,1.21,53.0,437,166
9317,-0.15,43.0,-0.08,46.0,0.16,47.0,0.75,50.0,0.8,51.0,9904,2024-12-31,2007,6,0.8,51.0,378,148
9318,0.25,47.0,0.38,49.0,0.66,47.0,1.22,51.0,1.62,52.0,2549,2024-12-31,689,6,1.62,52.0,304,83
9330,-0.11,43.0,1.85,47.0,3.88,48.0,8.03,51.0,10.28,52.0,7138,2024-12-31,501,6,10.28,52.0,162,78
9331,-0.06,45.0,0.27,49.0,0.62,51.0,1.26,53.0,1.57,54.0,35651,2024-12-31,18089,6,1.57,54.0,414,191
9332,-0.21,42.0,-0.02,46.0,0.14,47.0,0.47,50.0,0.65,50.0,9425,2024-12-31,7300,6,0.65,50.0,253,61
9338,-0.12,44.0,0.15,47.0,0.39,48.0,0.81,51.0,1.05,51.0,10290,2024-12-31,2518,6,1.05,51.0,340,166
9339,-0.35,41.0,-0.23,43.0,-0.14,46.0,0.03,47.0,0.07,48.0,3862,2024-12-31,808,6,0.07,48.0,284,97
9340,-0.21,41.0,0.5,44.0,1.35,46.0,3.12,48.0,4.03,48.0,20940,2024-12-31,3458,6,4.03,48.0,302,97
9342,-0.02,47.0,0.1,49.0,0.22,50.0,0.39,51.0,0.41,51.0,10079,2024-12-31,4602,6,0.41,51.0,418,165
9343,-0.11,44.0,0.06,47.0,0.2,49.0,0.46,51.0,0.56,51.0,22905,2024-12-31,12316,6,0.56,51.0,436,151
9344,-0.03,45.0,0.44,49.0,0.69,51.0,1.18,52.0,1.39,52.0,7607,2024-12-31,4912,6,1.39,52.0,427,188
9345,-0.07,44.0,0.15,47.0,0.39,49.0,0.83,51.0,1.04,52.0,36525,2024-12-31,18740,6,1.04,52.0,442,152
9358,-0.18,41.0,0.48,44.0,0.89,46.0,1.79,47.0,2.26,49.0,3212,2024-12-31,571,6,2.26,49.0,238,66
9366,-0.1,45.0,0.06,48.0,0.27,49.0,0.7,51.0,0.84,52.0,30473,2024-12-31,17870,6,0.84,52.0,447,169
9367,-0.09,45.0,0.07,48.0,0.36,50.0,0.91,52.0,1.21,53.0,18615,2024-12-31,10593,6,1.21,53.0,427,187
9368,-0.08,44.0,0.19,48.0,1.04,48.0,3.02,52.0,3.92,52.0,17580,2024-12-31,7163,6,3.92,52.0,364,167
9369,-0.06,44.0,0.29,47.0,0.68,50.0,1.27,53.0,1.49,53.0,6124,2024-12-31,3220,6,1.49,53.0,395,164
9370,-0.19,42.0,-0.38,43.0,-0.38,43.0,-0.14,45.0,0.01,46.0,1886,2024-12-30,987,6,0.01,46.0,304,67
9393,-0.08,45.0,0.07,48.0,0.26,50.0,0.53,51.0,0.62,52.0,8277,2024-12-31,4810,6,0.62,52.0,432,207
9395,-0.03,45.0,0.41,48.0,0.64,49.0,1.03,51.0,1.81,52.0,18037,2024-12-31,4565,6,1.81,52.0,382,150
9396,-0.17,42.0,0.22,45.0,0.68,45.0,1.17,47.0,1.4,48.0,4949,2024-12-26,917,6,1.4,48.0,251,65
9398,-0.1,44.0,0.15,48.0,0.4,50.0,0.87,53.0,1.14,53.0,35778,2024-12-31,26816,6,1.14,53.0,396,154
9403,-0.14,43.0,0.68,46.0,1.56,47.0,3.45,50.0,4.45,51.0,18513,2024-12-31,3155,6,4.45,51.0,286,118
9405,-0.03,45.0,0.31,50.0,0.55,51.0,1.01,54.0,1.31,54.0,11788,2024-12-31,6832,6,1.31,54.0,419,209
9406,-0.14,43.0,0.14,46.0,0.35,48.0,0.83,49.0,1.05,50.0,13791,2024-12-31,6134,6,1.05,50.0,397,153
9407,-0.17,43.0,0.75,45.0,1.7,45.0,3.67,47.0,4.73,48.0,15344,2024-12-31,1816,6,4.73,48.0,242,87
9412,-0.09,43.0,0.15,48.0,0.39,49.0,0.81,51.0,1.0,52.0,7622,2024-12-31,1816,6,1.0,52.0,217,92
9413,-0.07,44.0,0.21,48.0,0.47,50.0,0.98,53.0,1.21,53.0,21503,2024-12-31,16027,6,1.21,53.0,338,153
9424,-0.19,43.0,0.09,47.0,0.36,50.0,0.9,52.0,1.14,52.0,14502,2024-12-31,9147,6,1.14,52.0,391,129
9425,-0.11,45.0,-0.07,48.0,-0.04,49.0,-0.02,51.0,0.05,52.0,4498,2024-12-31,1337,6,0.05,52.0,345,133
9426,-0.06,45.0,1.68,48.0,3.62,49.0,7.61,52.0,9.76,53.0,7618,2024-12-31,952,6,9.76,53.0,289,130
9427,-0.19,41.0,0.23,44.0,0.61,45.0,1.52,47.0,2.09,48.0,6309,2024-12-31,1565,6,2.09,48.0,271,94
9428,-0.17,43.0,0.17,46.0,0.46,48.0,1.1,50.0,1.42,51.0,11629,2024-12-31,1418,6,1.42,51.0,314,122
9429,0.02,45.0,0.34,50.0,0.58,52.0,1.07,55.0,1.31,56.0,10800,2024-12-31,8078,6,1.31,56.0,332,161
9430,-0.08,45.0,0.17,48.0,0.42,50.0,0.91,52.0,1.1,53.0,9141,2024-12-31,6750,6,1.1,53.0,350,143
9445,-0.11,43.0,1.09,47.0,2.29,48.0,4.79,51.0,6.12,52.0,13862,2024-12-31,3744,6,6.12,52.0,334,146
9446,-0.13,44.0,0.01,47.0,0.17,48.0,0.62,50.0,0.92,51.0,13869,2024-12-31,2068,6,0.92,51.0,355,139
9447,-0.07,45.0,0.14,48.0,0.41,51.0,0.89,53.0,1.11,54.0,14536,2024-12-31,11419,6,1.11,54.0,370,154
9448,-0.16,43.0,0.1,46.0,0.35,47.0,0.97,49.0,1.42,50.0,10188,2024-12-31,6055,6,1.42,50.0,378,127
9449,-0.15,43.0,1.69,45.0,3.61,46.0,4.41,48.0,4.87,48.0,6102,2024-12-31,894,6,4.87,48.0,208,85
9450,-0.09,44.0,0.29,47.0,0.73,48.0,3.14,51.0,4.39,52.0,11884,2024-12-31,4264,6,4.39,52.0,343,146
9455,-0.23,41.0,0.12,45.0,0.59,46.0,1.57,48.0,2.05,49.0,10140,2024-12-31,878,6,2.05,49.0,150,54
9456,-0.23,41.0,-0.07,43.0,0.14,44.0,9.79,46.0,10.48,47.0,2083,2024-12-31,329,6,10.48,47.0,141,47
9457,-0.05,43.0,1.59,46.0,3.11,47.0,3.84,49.0,5.53,49.0,7606,2024-12-31,617,6,5.53,49.0,169,58
9459,-0.08,44.0,0.09,48.0,0.28,49.0,0.61,51.0,0.75,52.0,119185,2024-12-31,65235,6,0.75,52.0,448,96
9460,-0.12,44.0,0.01,46.0,0.31,47.0,1.01,50.0,1.12,51.0,9684,2024-12-31,6286,6,1.12,51.0,434,160
9492,-0.1,44.0,0.1,47.0,0.19,48.0,0.64,52.0,0.79,53.0,5354,2024-12-31,736,6,0.79,53.0,296,117
9493,-0.04,46.0,0.15,49.0,0.9,50.0,1.4,53.0,1.64,54.0,18161,2024-12-31,7262,6,1.64,54.0,435,193
9494,-0.13,44.0,0.12,47.0,0.3,49.0,0.57,51.0,0.76,52.0,14554,2024-12-31,5004,6,0.76,52.0,404,176
9496,-0.13,42.0,0.35,46.0,0.86,47.0,1.8,49.0,2.27,50.0,9325,2024-12-31,642,6,2.27,50.0,175,63
9499,-0.13,45.0,-0.06,47.0,0.26,48.0,0.62,51.0,1.19,52.0,885,2024-12-24,42,6,1.19,52.0,140,31
9500,-0.08,45.0,0.08,49.0,0.29,50.0,0.63,53.0,0.69,53.0,10119,2024-12-31,3415,6,0.69,53.0,420,145
9501,-0.01,47.0,0.25,50.0,0.5,52.0,0.82,53.0,0.94,53.0,15218,2024-12-31,8427,6,0.94,53.0,448,209
9502,-0.09,43.0,0.08,46.0,0.25,48.0,0.57,50.0,0.71,51.0,22994,2024-12-31,14054,6,0.71,51.0,444,132
9504,-0.09,44.0,-0.05,47.0,0.02,48.0,0.39,51.0,0.62,51.0,7689,2024-12-31,4165,6,0.62,51.0,428,159
9505,-0.02,45.0,1.16,47.0,2.62,48.0,5.59,51.0,7.21,52.0,9667,2024-12-31,2696,6,7.21,52.0,377,161
9506,-0.15,44.0,0.14,47.0,0.32,48.0,0.71,50.0,0.95,51.0,16846,2024-12-31,4698,6,0.95,51.0,379,144
9508,-0.14,42.0,0.06,46.0,0.25,48.0,0.7,49.0,1.0,50.0,10135,2024-12-31,4592,6,1.0,50.0,375,148
9509,-0.11,43.0,0.25,46.0,0.59,48.0,1.27,50.0,1.56,50.0,11956,2024-12-31,3969,6,1.56,50.0,368,127
9511,-0.06,46.0,0.12,48.0,0.31,51.0,0.65,53.0,0.73,53.0,18972,2024-12-31,10238,6,0.73,53.0,444,182
9512,-0.08,44.0,0.09,47.0,0.32,49.0,0.68,51.0,0.85,51.0,21324,2024-12-31,13272,6,0.85,51.0,443,143
9513,-0.07,45.0,-0.0,47.0,0.16,50.0,0.37,51.0,0.45,51.0,10542,2024-12-31,5476,6,0.45,51.0,431,155
9516,-0.04,47.0,0.08,50.0,0.17,50.0,0.75,53.0,1.03,54.0,4240,2024-12-31,821,6,1.03,54.0,339,122
9517,-0.08,45.0,0.08,46.0,0.23,49.0,0.54,51.0,0.73,51.0,4515,2024-12-31,1937,6,0.73,51.0,416,153
9518,-0.31,40.0,-0.18,43.0,-0.07,44.0,0.35,45.0,0.6,46.0,6788,2024-12-31,799,6,0.6,46.0,195,55
9521,-0.13,43.0,0.13,47.0,0.39,48.0,0.88,51.0,1.13,51.0,24500,2024-12-31,16803,6,1.13,51.0,365,130
9522,-0.06,44.0,0.95,48.0,2.03,49.0,4.23,52.0,5.44,52.0,14132,2024-12-31,4129,6,5.44,52.0,378,176
9523,-0.14,43.0,0.11,45.0,0.38,47.0,0.93,49.0,1.17,50.0,14287,2024-12-31,5131,6,1.17,50.0,359,127
9528,-0.11,43.0,1.25,46.0,2.64,47.0,5.46,50.0,6.96,51.0,10670,2024-12-31,2728,6,6.96,51.0,330,130
9529,-0.19,43.0,0.01,47.0,0.2,48.0,0.66,50.0,0.98,51.0,12234,2024-12-31,2837,6,0.98,51.0,342,161
9530,0.01,45.0,0.21,48.0,0.42,49.0,0.97,52.0,1.21,53.0,9488,2024-12-31,2060,6,1.21,53.0,340,147
9531,-0.18,42.0,0.01,46.0,0.22,48.0,0.65,50.0,0.87,50.0,37282,2024-12-31,24167,6,0.87,50.0,423,121
9536,-0.21,42.0,0.0,46.0,0.22,47.0,0.69,49.0,0.94,49.0,13553,2024-12-31,9334,6,0.94,49.0,371,110
9540,-0.05,45.0,0.1,48.0,0.32,50.0,0.62,52.0,0.69,52.0,6644,2024-12-31,3926,6,0.69,52.0,430,206
9541,-0.13,43.0,0.05,46.0,1.22,47.0,1.85,50.0,3.26,52.0,10565,2024-12-31,1830,6,3.26,52.0,301,139
9542,-0.14,43.0,0.58,46.0,0.93,48.0,2.7,50.0,3.03,51.0,19991,2024-12-31,6587,6,3.03,51.0,388,171
9545,0.05,47.0,0.56,49.0,0.8,50.0,1.1,52.0,1.31,53.0,11526,2024-12-31,3337,6,1.31,53.0,410,178
9546,-0.1,44.0,0.13,47.0,0.34,50.0,0.71,52.0,0.93,52.0,19445,2024-12-31,12685,6,0.93,52.0,434,163
9547,-0.06,46.0,0.18,50.0,0.25,50.0,0.94,54.0,0.93,55.0,2433,2024-12-27,1277,5,0.94,54.0,389,131
9548,-0.11,44.0,0.02,46.0,0.33,48.0,0.95,50.0,1.15,50.0,12001,2024-12-31,6971,6,1.15,50.0,430,154
9562,0.04,49.0,0.33,49.0,0.59,49.0,1.02,51.0,0.96,52.0,86,2024-08-27,60,5,1.02,51.0,58,0
9566,-0.16,44.0,-0.03,46.0,0.19,49.0,0.56,50.0,0.75,50.0,2059,2024-12-31,1300,6,0.75,50.0,394,102
9567,-0.11,44.0,0.11,47.0,0.35,48.0,0.9,50.0,2.26,52.0,10509,2024-12-31,1705,6,2.26,52.0,287,123
9568,-0.16,42.0,0.55,46.0,1.26,47.0,2.74,49.0,3.1,50.0,27820,2024-12-31,6893,6,3.1,50.0,375,151
9569,0.02,47.0,0.42,49.0,0.62,50.0,1.08,52.0,1.39,53.0,5700,2024-12-31,1161,6,1.39,53.0,339,140
9570,-0.23,42.0,-0.8,41.0,-0.58,41.0,-0.66,40.0,-0.61,42.0,1006,2024-12-31,194,1,-0.23,42.0,219,23
9574,-0.06,44.0,0.11,47.0,0.32,49.0,1.0,51.0,1.13,52.0,11856,2024-12-31,8573,6,1.13,52.0,415,153
9581,-0.03,45.0,0.09,48.0,0.31,50.0,0.79,52.0,0.91,52.0,2008,2024-12-31,1233,6,0.91,52.0,401,113
9582,-0.1,43.0,0.12,46.0,0.33,47.0,0.73,50.0,0.88,51.0,5960,2024-12-31,1355,6,0.88,51.0,309,111
9583,-0.16,43.0,0.6,46.0,1.41,47.0,3.15,49.0,4.07,50.0,23812,2024-12-31,3695,6,4.07,50.0,329,146
9584,0.0,46.0,0.38,47.0,0.67,48.0,1.13,50.0,1.5,51.0,3993,2024-12-31,572,6,1.5,51.0,286,102
9586,-0.14,43.0,0.09,47.0,0.33,49.0,0.8,51.0,1.03,52.0,25702,2024-12-31,18009,6,1.03,52.0,407,134
9588,-0.14,43.0,0.08,47.0,0.33,49.0,0.78,51.0,0.99,52.0,25121,2024-12-31,19680,6,0.99,52.0,357,126
9597,-0.13,43.0,0.7,46.0,1.55,47.0,3.35,50.0,4.31,51.0,22672,2024-12-31,3025,6,4.31,51.0,296,126
9598,-0.31,40.0,-0.06,43.0,0.23,45.0,0.84,46.0,0.96,48.0,2037,2024-09-09,324,6,0.96,48.0,114,31
9602,-0.08,44.0,0.13,48.0,0.36,48.0,0.97,51.0,1.24,51.0,16173,2024-12-31,12468,6,1.24,51.0,390,136
