pattern_id,n,win_rate,avg_ret,loss_rate,avg_loss,worst,med
6145,17663.0,45.1,-0.075,54.9,-2.312,-40.57,-0.209
6150,32761.0,45.0,-0.072,55.0,-1.734,-28.7,-0.217
6151,16051.0,44.0,-0.07,56.0,-1.839,-23.87,-0.29
6166,21310.0,45.0,-0.078,55.0,-2.307,-40.57,-0.202
6170,12478.0,43.3,-0.189,56.7,-1.896,-20.54,-0.319
6174,21918.0,46.5,0.014,53.5,-2.402,-40.57,-0.171
6197,15333.0,44.8,-0.124,55.2,-1.987,-31.06,-0.216
6199,9346.0,47.2,-0.014,52.8,-1.51,-13.86,-0.093
6201,16783.0,44.3,-0.057,55.7,-1.691,-23.87,-0.261
6205,17896.0,45.8,-0.037,54.2,-1.85,-14.81,-0.18
6222,42166.0,44.7,-0.103,55.3,-1.615,-21.31,-0.219
6223,19881.0,42.0,-0.188,58.0,-1.933,-40.57,-0.324
6226,24578.0,45.9,-0.055,54.1,-1.35,-13.68,-0.128
6227,9385.0,47.1,-0.02,52.9,-1.479,-19.79,-0.109
6228,27295.0,43.3,-0.111,56.7,-1.731,-23.87,-0.303
6229,17312.0,45.4,-0.093,54.6,-2.093,-33.36,-0.194
6236,12859.0,43.2,-0.104,56.8,-1.745,-23.87,-0.306
6245,28904.0,45.0,-0.052,55.0,-1.981,-23.87,-0.247
6251,13944.0,44.7,-0.068,55.3,-2.238,-33.36,-0.202
6255,53679.0,43.4,-0.121,56.6,-1.969,-25.13,-0.334
6263,28280.0,43.1,-0.139,56.9,-1.85,-33.36,-0.282
6264,22447.0,42.5,-0.179,57.5,-1.781,-31.06,-0.307
6266,18929.0,43.6,-0.117,56.4,-1.86,-40.57,-0.262
6270,55734.0,44.0,-0.098,56.0,-1.728,-23.87,-0.269
6288,16941.0,43.9,-0.075,56.1,-2.03,-33.36,-0.224
6292,50870.0,44.7,-0.088,55.3,-1.834,-25.13,-0.259
6295,20051.0,43.3,-0.13,56.7,-1.998,-33.36,-0.261
6299,48721.0,44.9,-0.087,55.1,-1.476,-15.32,-0.185
6318,10443.0,46.7,-0.032,53.3,-1.754,-20.46,-0.139
6320,26257.0,47.4,0.039,52.6,-1.828,-28.7,-0.113
6328,7220.0,45.1,-0.09,54.9,-2.232,-27.26,-0.24
6329,6545.0,44.3,-0.069,55.7,-1.965,-21.03,-0.262
6330,20489.0,42.9,-0.139,57.1,-2.207,-40.57,-0.293
6331,6408.0,43.9,-0.123,56.1,-1.755,-21.03,-0.209
6332,15387.0,41.6,-0.179,58.4,-1.609,-31.06,-0.336
6334,5348.0,46.7,0.014,53.3,-1.698,-12.61,-0.115
6335,47403.0,44.9,-0.058,55.1,-1.446,-23.87,-0.187
6343,14710.0,42.4,-0.166,57.6,-2.365,-33.36,-0.336
6344,7883.0,40.8,-0.205,59.2,-1.705,-40.57,-0.34
6345,7376.0,43.1,-0.109,56.9,-1.591,-31.06,-0.258
6346,19432.0,44.2,-0.074,55.8,-1.942,-28.7,-0.263
6348,23137.0,41.8,-0.161,58.2,-2.024,-40.57,-0.323
6392,46224.0,43.0,-0.163,57.0,-1.833,-31.06,-0.302
6393,7021.0,45.6,0.008,54.4,-1.614,-13.33,-0.164
6420,26287.0,44.9,-0.071,55.1,-1.926,-40.57,-0.222
6423,2071.0,48.1,0.001,51.9,-1.483,-10.5,-0.076
6424,5415.0,46.7,0.049,53.3,-2.236,-28.7,-0.125
6425,6745.0,43.6,-0.088,56.4,-1.325,-13.3,-0.211
6427,16681.0,44.7,-0.066,55.3,-2.09,-17.42,-0.274
6431,25892.0,42.7,-0.15,57.3,-1.902,-33.36,-0.308
6438,5332.0,45.3,-0.036,54.7,-1.817,-28.7,-0.217
6439,3995.0,44.7,-0.136,55.3,-2.012,-14.29,-0.242
6440,24073.0,44.5,-0.074,55.5,-1.862,-23.87,-0.262
6458,21490.0,43.5,-0.11,56.5,-2.294,-40.57,-0.278
6467,4994.0,46.7,0.025,53.3,-2.208,-20.46,-0.172
6470,23584.0,43.1,-0.127,56.9,-1.973,-21.68,-0.357
6474,28579.0,42.4,-0.161,57.6,-2.109,-40.57,-0.328
6475,2971.0,44.0,-0.102,56.0,-2.394,-21.31,-0.385
6477,12180.0,45.0,-0.019,55.0,-2.399,-33.36,-0.222
6481,55111.0,43.8,-0.125,56.2,-1.893,-23.87,-0.311
6483,56548.0,45.2,-0.042,54.8,-1.602,-31.06,-0.194
6504,7811.0,43.3,-0.119,56.7,-2.426,-33.36,-0.251
6507,36221.0,45.2,-0.06,54.8,-1.29,-19.6,-0.163
6508,79794.0,44.4,-0.084,55.6,-1.757,-40.57,-0.255
6512,12433.0,42.8,-0.141,57.2,-2.504,-40.57,-0.329
6514,16139.0,44.0,-0.129,56.0,-2.174,-33.36,-0.265
6516,1810.0,42.5,-0.162,57.5,-1.973,-14.29,-0.341
6519,17337.0,42.5,-0.168,57.5,-2.031,-23.87,-0.372
6521,5471.0,43.8,-0.1,56.2,-2.869,-33.36,-0.255
6540,57312.0,44.5,-0.111,55.5,-1.808,-33.36,-0.224
6541,28427.0,44.2,-0.082,55.8,-1.6,-18.91,-0.248
6543,66511.0,44.0,-0.101,56.0,-1.726,-23.87,-0.272
6545,28167.0,42.4,-0.151,57.6,-1.956,-40.57,-0.312
6548,39643.0,43.6,-0.157,56.4,-1.955,-23.87,-0.328
6561,54470.0,43.4,-0.116,56.6,-1.687,-33.36,-0.258
6562,44207.0,44.9,-0.098,55.1,-1.695,-40.57,-0.204
6566,20652.0,43.3,-0.129,56.7,-1.504,-19.17,-0.251
6567,34529.0,43.8,-0.13,56.2,-1.763,-20.54,-0.282
6569,27002.0,42.0,-0.163,58.0,-1.947,-40.57,-0.318
6575,26292.0,44.1,-0.111,55.9,-2.119,-40.57,-0.241
6578,18274.0,43.8,-0.135,56.2,-2.286,-40.57,-0.267
6591,34743.0,44.2,-0.11,55.8,-2.059,-40.57,-0.241
6592,6248.0,42.9,-0.062,57.1,-1.927,-20.54,-0.298
6617,67296.0,43.8,-0.105,56.2,-1.716,-33.36,-0.256
6633,49167.0,44.1,-0.116,55.9,-1.74,-33.36,-0.226
6643,48019.0,43.5,-0.126,56.5,-1.894,-40.57,-0.292
6644,55242.0,43.8,-0.125,56.2,-1.907,-27.23,-0.299
6645,4127.0,46.6,0.016,53.4,-1.892,-28.7,-0.095
6646,4987.0,47.7,0.023,52.3,-1.859,-13.86,-0.116
6647,21898.0,44.9,-0.062,55.1,-1.486,-17.09,-0.204
6648,36678.0,44.2,-0.083,55.8,-1.746,-23.87,-0.259
6657,11328.0,44.5,-0.101,55.5,-2.467,-40.57,-0.254
6658,5886.0,42.4,-0.17,57.6,-2.083,-23.66,-0.345
6659,82.0,22.0,-1.564,78.0,-3.209,-19.17,-1.645
6660,342.0,43.0,-0.09,57.0,-1.972,-8.96,-0.225
6663,19804.0,44.4,-0.064,55.6,-1.86,-23.87,-0.267
6669,1456.0,41.3,-0.156,58.7,-1.47,-8.47,-0.348
6672,43059.0,43.6,-0.114,56.4,-1.895,-33.36,-0.289
6674,3036.0,47.4,0.067,52.6,-2.167,-28.7,-0.069
6675,3218.0,48.1,0.006,51.9,-1.871,-14.29,-0.077
6677,22967.0,44.4,-0.093,55.6,-1.992,-17.42,-0.291
6690,9312.0,43.4,-0.155,56.6,-2.099,-20.0,-0.326
6693,13311.0,45.6,-0.038,54.4,-1.296,-17.09,-0.165
6696,5387.0,44.3,-0.035,55.7,-1.901,-19.79,-0.271
6697,29012.0,44.1,-0.086,55.9,-1.974,-28.7,-0.295
6713,535.0,47.5,0.129,52.5,-1.471,-6.92,-0.057
6715,29660.0,43.8,-0.139,56.2,-2.071,-40.57,-0.282
6718,5277.0,42.1,-0.147,57.9,-2.31,-19.17,-0.493
6721,29123.0,44.4,-0.072,55.6,-1.927,-23.87,-0.27
6722,4882.0,43.1,-0.133,56.9,-2.205,-28.7,-0.379
6741,15300.0,42.8,-0.158,57.2,-1.775,-19.84,-0.334
6743,1155.0,42.0,-0.252,58.0,-2.508,-14.11,-0.422
6744,3920.0,43.8,-0.015,56.2,-2.239,-14.85,-0.335
6754,5136.0,44.8,-0.013,55.2,-1.462,-15.17,-0.205
6756,31372.0,44.8,-0.046,55.2,-1.634,-23.87,-0.225
6757,3660.0,44.6,-0.123,55.4,-2.048,-19.79,-0.264
6758,14175.0,43.9,-0.082,56.1,-2.313,-28.7,-0.355
6784,20695.0,43.2,-0.122,56.8,-2.225,-33.36,-0.297
6788,85164.0,43.4,-0.112,56.6,-1.634,-23.87,-0.282
6789,1597.0,40.4,-0.43,59.6,-2.646,-18.62,-0.652
6791,22501.0,45.1,-0.045,54.9,-2.168,-40.57,-0.216
6793,17598.0,46.0,0.005,54.0,-1.913,-28.7,-0.176
6796,49182.0,43.4,-0.098,56.6,-1.75,-23.87,-0.299
6804,3727.0,46.1,-0.034,53.9,-1.698,-11.29,-0.19
6809,17894.0,44.2,-0.088,55.8,-2.098,-28.7,-0.299
6810,8626.0,42.3,-0.177,57.7,-2.374,-18.62,-0.468
6818,30693.0,43.4,-0.141,56.6,-1.661,-23.87,-0.288
6819,18739.0,45.4,-0.028,54.6,-2.158,-28.7,-0.248
6823,24144.0,45.2,-0.078,54.8,-1.555,-17.42,-0.184
6824,31437.0,44.5,-0.065,55.5,-1.652,-23.87,-0.235
6828,5444.0,43.8,-0.117,56.2,-1.771,-18.06,-0.3
6832,20434.0,42.8,-0.143,57.2,-1.868,-23.87,-0.339
6845,5447.0,43.4,-0.132,56.6,-1.786,-18.06,-0.32
6865,4196.0,46.5,-0.025,53.5,-2.182,-14.92,-0.114
6868,3385.0,41.9,-0.127,58.1,-2.147,-19.73,-0.427
6871,18734.0,45.2,-0.038,54.8,-2.31,-40.57,-0.198
6877,3952.0,40.4,-0.232,59.6,-2.309,-19.73,-0.533
6881,12169.0,42.4,-0.204,57.6,-2.273,-31.06,-0.382
6882,23805.0,45.9,0.001,54.1,-2.325,-40.57,-0.217
6887,20538.0,43.5,-0.083,56.5,-1.56,-23.87,-0.254
6890,29928.0,42.8,-0.144,57.2,-2.159,-40.57,-0.321
6894,11616.0,43.3,-0.121,56.7,-2.35,-20.0,-0.4
6895,40360.0,43.3,-0.119,56.7,-1.915,-33.36,-0.28
6905,9818.0,43.5,-0.09,56.5,-1.923,-40.57,-0.282
6909,28805.0,42.2,-0.187,57.8,-2.06,-23.87,-0.41
6912,15225.0,43.3,-0.063,56.7,-1.728,-20.54,-0.28
6927,22437.0,43.4,-0.127,56.6,-2.219,-40.57,-0.276
6932,32894.0,44.2,-0.081,55.8,-1.824,-23.87,-0.275
6951,13390.0,45.6,0.008,54.4,-2.604,-33.36,-0.231
6953,11039.0,44.9,-0.051,55.1,-2.202,-16.87,-0.288
6962,32319.0,44.2,-0.083,55.8,-1.828,-23.87,-0.274
6967,7058.0,41.4,-0.221,58.6,-2.196,-19.44,-0.48
6968,5657.0,40.0,-0.342,60.0,-2.423,-19.73,-0.575
6996,7963.0,44.4,-0.029,55.6,-2.777,-33.36,-0.296
6998,14497.0,45.6,-0.044,54.4,-1.729,-21.31,-0.209
6999,7940.0,43.9,-0.137,56.1,-2.131,-18.91,-0.355
7004,11204.0,43.5,-0.134,56.5,-2.345,-33.36,-0.276
7005,11388.0,42.6,-0.114,57.4,-1.593,-31.06,-0.277
7008,13656.0,44.7,-0.112,55.3,-1.88,-21.31,-0.259
7009,7268.0,45.6,-0.016,54.4,-1.922,-17.42,-0.235
7021,12901.0,45.3,0.005,54.7,-2.407,-33.36,-0.2
7055,41120.0,44.6,-0.083,55.4,-2.026,-33.36,-0.265
7056,19766.0,43.3,-0.149,56.7,-2.232,-22.26,-0.364
7075,41320.0,44.4,-0.084,55.6,-2.053,-33.36,-0.273
7085,16023.0,44.0,-0.103,56.0,-2.06,-28.7,-0.297
7086,11159.0,44.6,-0.062,55.4,-2.06,-17.42,-0.291
7111,14423.0,45.4,-0.043,54.6,-2.33,-31.06,-0.261
7112,10862.0,44.6,-0.105,55.4,-2.036,-28.7,-0.259
7113,44435.0,43.0,-0.143,57.0,-1.733,-20.46,-0.313
7121,108318.0,44.0,-0.128,56.0,-1.824,-33.36,-0.279
7160,18325.0,42.2,-0.19,57.8,-2.222,-40.57,-0.348
7162,71701.0,44.3,-0.087,55.7,-1.572,-27.26,-0.235
7163,12538.0,45.1,-0.044,54.9,-1.967,-18.62,-0.248
7164,7787.0,43.4,-0.153,56.6,-2.62,-28.7,-0.439
7173,896.0,48.2,0.044,51.8,-1.521,-8.59,-0.058
7174,389.0,42.4,-0.149,57.6,-1.865,-8.07,-0.4
7176,5545.0,44.4,-0.07,55.6,-1.714,-27.26,-0.234
7179,10421.0,45.1,-0.081,54.9,-2.2,-28.7,-0.266
7180,6213.0,43.3,-0.095,56.7,-2.445,-16.87,-0.42
7183,21697.0,44.0,-0.126,56.0,-2.36,-40.57,-0.313
7184,8733.0,44.9,-0.099,55.1,-1.913,-21.31,-0.259
7197,11328.0,42.2,-0.232,57.8,-1.915,-23.87,-0.381
7198,2632.0,38.8,-0.398,61.2,-2.266,-20.0,-0.65
7199,1003.0,51.1,0.312,48.9,-2.707,-15.4,0.122
7200,5547.0,44.0,-0.082,56.0,-2.275,-18.06,-0.357
7201,1723.0,40.1,-0.353,59.9,-3.006,-18.62,-0.708
7202,31587.0,43.7,-0.131,56.3,-2.024,-40.57,-0.258
7207,20521.0,44.7,-0.083,55.3,-2.261,-40.57,-0.263
7208,8679.0,42.1,-0.228,57.9,-2.116,-25.13,-0.371
7209,11403.0,44.7,-0.094,55.3,-1.862,-21.31,-0.256
7221,9130.0,43.0,-0.151,57.0,-2.396,-20.0,-0.428
7226,16402.0,41.8,-0.18,58.2,-2.237,-40.57,-0.354
7231,4824.0,40.1,-0.34,59.9,-2.471,-19.73,-0.608
7246,65890.0,43.9,-0.102,56.1,-2.012,-31.06,-0.308
7251,128924.0,45.2,-0.06,54.8,-1.435,-28.7,-0.169
7252,32605.0,43.3,-0.161,56.7,-1.776,-22.26,-0.299
7253,9963.0,43.2,-0.132,56.8,-1.906,-23.87,-0.32
7269,11202.0,44.5,-0.047,55.5,-1.815,-19.17,-0.274
7270,34777.0,44.5,-0.09,55.5,-2.058,-21.31,-0.28
7277,13499.0,41.4,-0.211,58.6,-2.27,-40.57,-0.47
7296,13373.0,41.6,-0.192,58.4,-2.124,-33.36,-0.331
7297,19710.0,42.5,-0.144,57.5,-1.877,-40.57,-0.305
7303,3503.0,44.3,-0.066,55.7,-1.813,-19.3,-0.319
7304,28936.0,43.0,-0.147,57.0,-1.931,-23.87,-0.344
7305,17456.0,43.9,-0.087,56.1,-2.006,-40.57,-0.24
7306,16420.0,40.4,-0.236,59.6,-1.915,-33.36,-0.373
7310,3031.0,40.9,-0.276,59.1,-2.198,-20.0,-0.482
7311,3822.0,41.5,-0.209,58.5,-1.997,-18.62,-0.444
7312,4863.0,41.8,-0.16,58.2,-1.767,-12.83,-0.357
7313,23123.0,42.9,-0.154,57.1,-1.884,-23.87,-0.332
7320,30756.0,42.3,-0.157,57.7,-1.959,-40.57,-0.32
7321,7754.0,43.0,-0.125,57.0,-1.428,-15.92,-0.261
7323,6036.0,43.1,-0.13,56.9,-1.691,-19.31,-0.319
7324,39138.0,43.3,-0.127,56.7,-1.677,-23.87,-0.289
7325,5868.0,41.4,-0.244,58.6,-2.31,-18.62,-0.479
7348,28208.0,46.5,-0.021,53.5,-1.49,-28.7,-0.128
7349,12971.0,44.4,-0.073,55.6,-1.688,-14.98,-0.243
7350,21049.0,43.5,-0.144,56.5,-1.503,-19.85,-0.252
7351,17612.0,43.4,-0.158,56.6,-1.61,-20.0,-0.268
7352,11178.0,43.9,-0.116,56.1,-1.882,-19.31,-0.318
7353,13248.0,42.7,-0.14,57.3,-1.978,-23.87,-0.372
7354,10125.0,40.7,-0.295,59.3,-2.354,-19.73,-0.532
7360,11921.0,43.2,-0.13,56.8,-1.649,-18.27,-0.296
7363,31505.0,42.6,-0.159,57.4,-1.958,-23.87,-0.359
7383,49990.0,44.2,-0.089,55.8,-1.972,-28.7,-0.292
7394,20443.0,44.8,-0.073,55.2,-1.999,-28.7,-0.263
7395,2235.0,41.9,-0.257,58.1,-2.864,-16.87,-0.587
7412,15033.0,45.4,-0.012,54.6,-2.179,-28.7,-0.249
7413,15617.0,42.2,-0.202,57.8,-2.221,-21.68,-0.434
7430,9868.0,43.0,-0.099,57.0,-1.713,-19.6,-0.307
7431,16834.0,41.7,-0.219,58.3,-2.175,-23.87,-0.458
7432,18786.0,44.6,-0.077,55.4,-1.789,-21.84,-0.229
7435,39819.0,43.5,-0.114,56.5,-1.785,-21.31,-0.305
7436,2721.0,45.6,0.019,54.4,-1.895,-10.61,-0.236
7444,72775.0,44.7,-0.06,55.3,-1.746,-27.23,-0.235
7445,6979.0,42.5,-0.131,57.5,-2.158,-18.62,-0.411
7446,9811.0,44.4,-0.058,55.6,-1.658,-28.7,-0.224
7447,17616.0,42.5,-0.115,57.5,-1.782,-19.35,-0.357
7453,14927.0,42.4,-0.211,57.6,-2.217,-23.87,-0.399
7458,22619.0,42.7,-0.155,57.3,-1.714,-21.31,-0.331
7459,24170.0,44.8,-0.052,55.2,-1.715,-18.19,-0.236
7460,29560.0,42.8,-0.175,57.2,-2.073,-23.87,-0.372
7463,36550.0,44.5,-0.085,55.5,-2.101,-40.57,-0.259
7466,8239.0,47.7,0.043,52.3,-1.536,-13.33,-0.078
7469,2621.0,44.3,-0.101,55.7,-2.464,-28.7,-0.293
7470,1693.0,45.1,-0.018,54.9,-2.018,-11.23,-0.278
7471,6135.0,45.4,-0.082,54.6,-2.096,-14.19,-0.248
7472,6501.0,43.2,-0.088,56.8,-2.369,-16.87,-0.412
7491,26303.0,44.8,-0.066,55.2,-2.189,-33.36,-0.238
7492,16435.0,43.6,-0.127,56.4,-1.87,-20.74,-0.309
7494,6273.0,42.9,-0.139,57.1,-1.967,-23.87,-0.381
7496,9883.0,41.3,-0.258,58.7,-2.328,-20.0,-0.482
7499,5490.0,41.6,-0.189,58.4,-1.709,-11.72,-0.347
7506,14412.0,44.9,-0.033,55.1,-1.44,-27.26,-0.185
7508,2313.0,45.4,-0.024,54.6,-2.353,-28.7,-0.188
7509,11766.0,44.1,-0.081,55.9,-2.201,-18.62,-0.331
7514,34790.0,43.6,-0.126,56.4,-2.141,-40.57,-0.292
7515,10513.0,42.8,-0.081,57.2,-1.851,-21.31,-0.327
7516,5289.0,43.2,-0.136,56.8,-1.798,-15.32,-0.314
7517,9105.0,42.2,-0.177,57.8,-1.897,-20.74,-0.397
7518,12484.0,43.0,-0.157,57.0,-2.08,-18.62,-0.357
7519,14603.0,42.6,-0.157,57.4,-2.054,-23.87,-0.383
7545,16088.0,44.5,-0.087,55.5,-2.396,-33.36,-0.244
7546,27555.0,43.7,-0.104,56.3,-1.714,-20.74,-0.289
7547,46308.0,43.2,-0.128,56.8,-1.959,-23.87,-0.338
7553,17922.0,45.0,-0.08,55.0,-1.932,-28.7,-0.236
7554,29154.0,43.3,-0.125,56.7,-1.985,-21.68,-0.348
7559,43843.0,44.4,-0.059,55.6,-1.882,-28.7,-0.26
7560,9561.0,41.9,-0.184,58.1,-2.441,-40.57,-0.362
7561,18911.0,43.9,-0.104,56.1,-2.013,-33.36,-0.264
7564,4072.0,42.9,-0.122,57.1,-2.196,-20.54,-0.386
7565,45292.0,43.0,-0.157,57.0,-1.963,-23.87,-0.356
7567,13255.0,43.3,-0.15,56.7,-2.605,-40.57,-0.357
7572,10907.0,43.9,-0.083,56.1,-2.286,-40.57,-0.281
7575,2763.0,43.6,-0.111,56.4,-1.865,-19.35,-0.336
7578,29174.0,43.9,-0.099,56.1,-2.052,-33.36,-0.278
7599,5847.0,41.7,-0.179,58.3,-2.023,-23.87,-0.412
7600,2555.0,43.8,-0.14,56.2,-2.213,-28.7,-0.316
7601,6493.0,45.0,-0.017,55.0,-2.024,-18.62,-0.266
7602,2395.0,44.4,-0.03,55.6,-2.622,-19.79,-0.351
7603,2994.0,41.9,-0.315,58.1,-2.94,-16.87,-0.627
7618,5736.0,45.5,-0.052,54.5,-1.954,-28.7,-0.223
7619,1693.0,46.1,0.115,53.9,-2.569,-19.79,-0.18
7620,11311.0,44.4,-0.1,55.6,-1.981,-15.97,-0.288
7621,7446.0,42.3,-0.198,57.7,-2.46,-18.62,-0.468
7624,6376.0,44.8,-0.038,55.2,-1.974,-21.31,-0.275
7630,4274.0,41.5,-0.187,58.5,-1.937,-19.2,-0.453
7631,6792.0,43.7,-0.152,56.3,-2.439,-28.7,-0.359
7632,665.0,41.4,-0.269,58.6,-2.138,-10.0,-0.535
7633,11918.0,44.2,-0.083,55.8,-2.227,-18.62,-0.335
7645,61125.0,44.9,-0.043,55.1,-1.687,-28.7,-0.217
7647,13879.0,41.7,-0.264,58.3,-1.92,-23.87,-0.412
7649,12902.0,42.9,-0.166,57.1,-2.256,-18.62,-0.412
7685,18992.0,42.6,-0.159,57.4,-2.078,-23.87,-0.395
7688,793.0,47.8,0.133,52.2,-1.464,-8.47,-0.039
7693,45189.0,44.4,-0.053,55.6,-1.646,-23.87,-0.243
7694,9392.0,43.0,-0.157,57.0,-2.094,-21.03,-0.368
7695,20485.0,44.3,-0.088,55.7,-2.137,-28.7,-0.304
7705,861.0,49.1,0.181,50.9,-1.442,-8.47,-0.004
7709,13888.0,45.1,-0.061,54.9,-2.127,-28.7,-0.258
7711,11336.0,41.4,-0.278,58.6,-1.949,-23.87,-0.431
7712,6437.0,44.6,-0.112,55.4,-2.279,-20.0,-0.296
7713,10448.0,43.0,-0.13,57.0,-2.257,-17.42,-0.405
7735,24945.0,46.3,0.021,53.7,-1.583,-27.26,-0.144
7736,34476.0,42.2,-0.193,57.8,-1.761,-23.87,-0.356
7737,8802.0,44.9,-0.033,55.1,-2.675,-40.57,-0.261
7739,11548.0,43.5,-0.126,56.5,-2.154,-21.03,-0.349
7740,3853.0,45.7,-0.018,54.3,-2.057,-28.7,-0.202
7741,13905.0,44.1,-0.104,55.9,-2.136,-17.42,-0.315
7745,7268.0,44.7,-0.085,55.3,-1.431,-11.66,-0.203
7747,22582.0,43.8,-0.133,56.2,-2.224,-33.36,-0.291
7751,23483.0,45.5,-0.029,54.5,-1.701,-19.3,-0.202
7752,14294.0,43.0,-0.085,57.0,-1.781,-23.87,-0.319
7753,3895.0,46.1,0.034,53.9,-2.343,-28.7,-0.191
7754,6233.0,43.0,-0.161,57.0,-2.573,-16.87,-0.44
7755,13258.0,42.6,-0.214,57.4,-2.451,-40.57,-0.369
7756,1389.0,46.3,0.21,53.7,-2.578,-15.27,-0.218
7758,15633.0,44.9,-0.061,55.1,-1.796,-28.7,-0.238
7759,1773.0,45.0,-0.066,55.0,-2.836,-19.79,-0.293
7760,2362.0,42.0,-0.282,58.0,-3.034,-16.87,-0.66
7763,59829.0,44.9,-0.054,55.1,-1.698,-31.06,-0.218
7764,5048.0,46.7,0.068,53.3,-2.829,-28.7,-0.151
7767,8099.0,42.6,-0.17,57.4,-1.756,-19.3,-0.353
7770,613.0,43.1,0.171,56.9,-2.102,-15.27,-0.366
7771,1326.0,41.7,-0.331,58.3,-3.2,-16.87,-0.693
7780,6421.0,47.3,0.03,52.7,-2.885,-26.74,-0.148
7781,14343.0,46.0,-0.047,54.0,-1.878,-27.23,-0.178
7784,36583.0,43.9,-0.093,56.1,-1.747,-23.87,-0.273
7785,6130.0,42.8,-0.12,57.2,-1.797,-16.87,-0.328
7786,15874.0,46.2,-0.064,53.8,-1.945,-27.23,-0.177
7787,4164.0,44.2,-0.107,55.8,-2.997,-40.57,-0.364
7790,33629.0,43.8,-0.09,56.2,-1.708,-23.87,-0.28
7791,4793.0,43.0,-0.12,57.0,-2.28,-16.87,-0.398
7799,11070.0,44.6,-0.047,55.4,-2.264,-28.7,-0.299
7800,3973.0,42.5,-0.284,57.5,-2.634,-18.62,-0.503
7801,17933.0,45.6,-0.067,54.4,-2.268,-33.36,-0.173
7805,17108.0,42.6,-0.131,57.4,-1.755,-19.35,-0.338
7807,10114.0,42.8,-0.189,57.2,-1.956,-23.87,-0.333
7808,2384.0,43.0,-0.236,57.0,-2.776,-18.62,-0.47
7819,12969.0,43.8,-0.063,56.2,-2.12,-17.42,-0.349
7820,4090.0,47.9,0.339,52.1,-3.191,-33.36,-0.036
7827,15140.0,42.7,-0.169,57.3,-1.824,-23.87,-0.323
7828,41515.0,43.8,-0.107,56.2,-2.078,-28.7,-0.299
7829,7640.0,42.4,-0.133,57.6,-2.095,-19.44,-0.416
7830,2574.0,39.1,-0.356,60.9,-2.347,-19.73,-0.62
7831,474.0,36.9,-0.803,63.1,-2.862,-18.62,-0.971
7832,962.0,50.7,0.998,49.3,-3.625,-40.57,0.054
7833,1346.0,45.5,-0.107,54.5,-2.903,-16.87,-0.298
7834,1013.0,44.3,-0.083,55.7,-4.027,-22.26,-0.502
7860,11596.0,43.1,-0.155,56.9,-2.171,-28.7,-0.369
7861,12488.0,44.4,-0.104,55.6,-1.963,-15.19,-0.29
7862,18014.0,44.4,-0.071,55.6,-1.897,-17.42,-0.268
7870,10255.0,45.4,0.013,54.6,-2.538,-33.36,-0.233
7871,10237.0,46.1,0.001,53.9,-1.756,-13.33,-0.159
7872,12476.0,43.1,-0.166,56.9,-2.497,-28.7,-0.455
7879,2504.0,38.1,-0.465,61.9,-2.445,-19.73,-0.715
7880,596.0,51.0,0.639,49.0,-2.75,-15.18,0.106
7881,1091.0,47.7,0.099,52.3,-2.938,-16.87,-0.138
7884,60192.0,44.8,-0.065,55.2,-1.982,-33.36,-0.237
7885,30579.0,41.5,-0.21,58.5,-2.139,-40.57,-0.456
7902,35082.0,43.6,-0.115,56.4,-1.777,-40.57,-0.287
7904,13327.0,43.8,-0.093,56.2,-1.657,-19.85,-0.266
7905,52927.0,42.9,-0.138,57.1,-1.744,-23.87,-0.314
7909,21527.0,43.7,-0.101,56.3,-1.773,-23.87,-0.274
7910,22723.0,45.1,-0.037,54.9,-2.4,-33.36,-0.239
7911,17803.0,43.6,-0.076,56.4,-2.108,-21.68,-0.338
7912,3148.0,38.8,-0.488,61.2,-2.702,-40.57,-0.726
7915,39168.0,43.9,-0.101,56.1,-2.036,-40.57,-0.259
7919,33844.0,43.9,-0.097,56.1,-1.988,-21.31,-0.318
7927,34780.0,44.7,-0.044,55.3,-2.143,-33.36,-0.234
7928,23487.0,42.3,-0.169,57.7,-2.136,-40.57,-0.415
7941,10641.0,44.3,-0.111,55.7,-2.149,-28.7,-0.288
7942,10383.0,45.0,-0.039,55.0,-1.807,-13.86,-0.23
7943,48596.0,43.1,-0.124,56.9,-1.64,-23.87,-0.28
7947,63679.0,43.8,-0.125,56.2,-1.941,-40.57,-0.277
7958,13175.0,44.9,-0.055,55.1,-2.13,-28.78,-0.232
7962,3468.0,45.9,-0.02,54.1,-1.403,-11.06,-0.06
7963,1708.0,41.5,-0.254,58.5,-2.572,-14.81,-0.522
7964,1669.0,45.0,-0.006,55.0,-2.212,-12.5,-0.231
7965,3130.0,44.1,-0.142,55.9,-2.537,-28.7,-0.367
7972,10759.0,44.9,-0.071,55.1,-2.241,-22.26,-0.287
7976,8123.0,47.2,0.015,52.8,-2.023,-28.7,-0.123
7977,27495.0,44.2,-0.082,55.8,-1.88,-23.87,-0.275
7979,1742.0,42.3,-0.128,57.7,-1.48,-12.56,-0.318
7983,3722.0,45.2,-0.096,54.8,-2.131,-23.87,-0.211
7992,13507.0,43.3,-0.122,56.7,-1.81,-23.87,-0.322
7993,47455.0,44.8,-0.114,55.2,-1.984,-40.57,-0.239
7996,5245.0,43.1,-0.117,56.9,-1.743,-21.03,-0.299
7997,39716.0,45.3,-0.051,54.7,-1.768,-28.7,-0.219
7998,3304.0,43.9,-0.069,56.1,-1.747,-18.35,-0.267
7999,12669.0,43.1,-0.105,56.9,-1.946,-19.35,-0.348
8000,6567.0,43.6,-0.09,56.4,-2.064,-23.87,-0.304
8037,10752.0,44.6,-0.113,55.4,-2.019,-28.7,-0.256
8038,48002.0,44.1,-0.083,55.9,-1.811,-23.87,-0.275
8039,77273.0,44.6,-0.103,55.4,-1.908,-40.57,-0.258
8040,3096.0,44.0,-0.074,56.0,-2.317,-22.26,-0.324
8042,12644.0,43.1,-0.105,56.9,-1.945,-19.35,-0.348
8043,6552.0,43.6,-0.088,56.4,-2.064,-23.87,-0.304
8065,5659.0,47.7,0.231,52.3,-2.84,-33.36,-0.056
8066,3583.0,47.6,0.041,52.4,-2.603,-40.57,-0.056
8068,5677.0,45.8,-0.037,54.2,-1.889,-28.7,-0.205
8069,25427.0,43.9,-0.098,56.1,-1.858,-18.62,-0.289
8070,5101.0,43.2,-0.158,56.8,-2.663,-14.81,-0.467
8071,2360.0,43.9,-0.149,56.1,-2.716,-21.03,-0.402
8076,5053.0,45.5,-0.033,54.5,-1.507,-10.23,-0.195
8079,14054.0,46.3,0.025,53.7,-2.393,-33.36,-0.145
8082,38890.0,42.5,-0.182,57.5,-1.816,-23.87,-0.355
8084,7883.0,44.2,-0.07,55.8,-2.365,-18.62,-0.351
8094,1317.0,44.6,-0.084,55.4,-1.374,-6.43,-0.191
8095,6791.0,46.6,-0.009,53.4,-1.524,-15.17,-0.146
8096,10295.0,41.4,-0.234,58.6,-2.476,-40.57,-0.421
8097,15299.0,43.6,-0.113,56.4,-1.903,-31.06,-0.294
8099,31399.0,45.9,-0.014,54.1,-1.587,-27.26,-0.163
8100,36131.0,43.2,-0.109,56.8,-1.685,-23.87,-0.303
8101,5043.0,45.7,0.012,54.3,-2.264,-28.7,-0.213
8102,9835.0,43.1,-0.16,56.9,-2.421,-18.62,-0.425
8136,6417.0,47.0,-0.007,53.0,-1.49,-15.17,-0.14
8138,16854.0,41.6,-0.231,58.4,-2.303,-40.57,-0.409
8141,30252.0,46.5,0.01,53.5,-1.575,-27.26,-0.13
8142,49888.0,43.4,-0.109,56.6,-1.674,-23.87,-0.294
8143,3934.0,43.6,-0.179,56.4,-2.641,-28.7,-0.375
8144,6627.0,43.5,-0.105,56.5,-2.407,-16.87,-0.418
8157,34987.0,44.1,-0.114,55.9,-1.737,-23.87,-0.251
8162,46598.0,45.7,-0.033,54.3,-1.696,-27.26,-0.176
8163,16846.0,43.5,-0.099,56.5,-1.71,-28.7,-0.284
8170,546.0,44.5,-0.038,55.5,-1.814,-13.99,-0.288
8171,10481.0,46.1,-0.005,53.9,-2.044,-28.7,-0.161
8175,18603.0,42.3,-0.188,57.7,-2.108,-23.87,-0.412
8176,1823.0,41.5,-0.471,58.5,-2.763,-20.0,-0.542
8178,19622.0,46.8,0.002,53.2,-2.174,-33.36,-0.135
8187,59269.0,44.9,-0.089,55.1,-1.898,-40.57,-0.218
8189,26070.0,44.2,-0.087,55.8,-1.809,-21.31,-0.292
8190,35246.0,43.2,-0.15,56.8,-2.041,-23.87,-0.351
8193,2106.0,47.4,0.02,52.6,-1.5,-9.17,-0.119
8196,13434.0,43.2,-0.126,56.8,-2.496,-40.57,-0.371
8198,4099.0,45.2,-0.035,54.8,-2.138,-21.03,-0.176
8199,13849.0,45.5,-0.024,54.5,-1.957,-28.7,-0.194
8200,88791.0,44.1,-0.092,55.9,-1.674,-27.26,-0.258
8206,13215.0,42.6,-0.149,57.4,-2.394,-40.57,-0.353
8211,15035.0,44.5,-0.08,55.5,-2.253,-28.7,-0.3
8220,1710.0,46.3,-0.01,53.7,-2.162,-12.42,-0.208
8221,5742.0,42.4,-0.119,57.6,-2.149,-23.87,-0.428
8224,70886.0,43.9,-0.102,56.1,-1.971,-40.57,-0.286
8225,6864.0,45.3,-0.049,54.7,-2.006,-14.81,-0.249
8226,3361.0,44.2,-0.096,55.8,-2.022,-14.92,-0.174
8229,10003.0,44.2,-0.091,55.8,-1.819,-23.87,-0.29
8230,3325.0,44.3,-0.041,55.7,-2.536,-16.87,-0.399
8241,9476.0,42.4,-0.185,57.6,-2.53,-40.57,-0.348
8245,6798.0,46.2,0.067,53.8,-1.967,-20.46,-0.146
8246,43791.0,44.1,-0.077,55.9,-1.711,-23.87,-0.272
8247,3597.0,43.4,-0.19,56.6,-2.703,-28.7,-0.387
8248,5673.0,43.4,-0.097,56.6,-2.461,-16.87,-0.425
8258,10948.0,45.6,-0.058,54.4,-1.549,-13.86,-0.179
8259,19974.0,44.6,-0.08,55.4,-1.788,-23.87,-0.253
8260,12162.0,44.0,-0.105,56.0,-2.565,-40.57,-0.297
8261,5556.0,44.5,-0.028,55.5,-1.923,-25.13,-0.265
8262,21398.0,44.5,-0.061,55.5,-2.198,-27.23,-0.296
8263,4607.0,41.2,-0.184,58.8,-2.397,-18.62,-0.513
8269,19106.0,44.0,-0.119,56.0,-2.357,-40.57,-0.298
8270,9605.0,46.3,-0.003,53.7,-1.8,-28.7,-0.172
8273,8590.0,42.4,-0.184,57.6,-2.102,-23.87,-0.404
8274,7528.0,41.6,-0.19,58.4,-2.21,-19.44,-0.475
8275,2014.0,39.1,-0.544,60.9,-2.805,-19.73,-0.742
8278,2866.0,44.2,-0.157,55.8,-1.745,-16.29,-0.235
8286,2441.0,40.1,-0.348,59.9,-2.402,-16.87,-0.623
8291,26637.0,44.3,-0.081,55.7,-2.224,-40.57,-0.289
8292,23187.0,43.7,-0.096,56.3,-2.116,-27.23,-0.328
8293,1695.0,44.1,-0.13,55.9,-2.891,-16.87,-0.358
8312,14088.0,43.2,-0.155,56.8,-2.24,-40.57,-0.31
8315,55266.0,44.9,-0.054,55.1,-1.717,-28.7,-0.214
8316,28524.0,43.6,-0.077,56.4,-1.715,-19.85,-0.296
8317,2715.0,40.8,-0.209,59.2,-1.967,-19.3,-0.521
8318,10354.0,42.6,-0.189,57.4,-2.199,-23.87,-0.398
8321,60288.0,44.0,-0.104,56.0,-1.704,-27.26,-0.262
8324,43941.0,45.1,-0.057,54.9,-1.67,-28.7,-0.208
8325,1589.0,42.0,-0.05,58.0,-2.376,-16.87,-0.434
8326,1586.0,41.8,-0.228,58.2,-2.737,-16.51,-0.519
8332,4021.0,44.5,0.038,55.5,-3.339,-40.57,-0.298
8333,1226.0,41.5,-0.026,58.5,-2.047,-12.03,-0.454
8334,1345.0,42.4,0.029,57.6,-1.875,-11.04,-0.358
8335,557.0,45.1,0.083,54.9,-2.2,-14.14,-0.237
8337,40915.0,44.0,-0.097,56.0,-1.814,-23.87,-0.284
8347,3586.0,49.1,0.524,50.9,-3.106,-33.36,0.0
8348,1755.0,49.9,0.136,50.1,-2.485,-40.57,0.0
8349,1234.0,43.4,-0.303,56.6,-3.057,-19.79,-0.46
8354,10078.0,43.0,-0.15,57.0,-1.919,-23.87,-0.336
8355,6681.0,41.3,-0.26,58.7,-2.295,-18.62,-0.482
8359,19285.0,43.2,-0.141,56.8,-1.636,-19.31,-0.303
8361,8527.0,44.4,-0.052,55.6,-2.628,-33.36,-0.308
8364,13231.0,45.4,-0.047,54.6,-2.111,-28.7,-0.236
8365,1587.0,42.7,-0.021,57.3,-2.519,-16.87,-0.442
8366,1233.0,41.4,-0.285,58.6,-2.905,-16.51,-0.705
8369,19358.0,42.9,-0.152,57.1,-1.794,-27.23,-0.3
8370,19571.0,42.4,-0.196,57.6,-1.798,-20.74,-0.353
8371,9786.0,45.4,-0.027,54.6,-2.492,-33.36,-0.21
8372,707.0,46.8,0.188,53.2,-2.252,-13.99,-0.137
8373,11831.0,44.3,-0.074,55.7,-2.384,-40.57,-0.332
8375,1349.0,42.3,-0.261,57.7,-2.481,-12.42,-0.445
8376,1410.0,44.2,0.006,55.8,-2.233,-12.98,-0.285
8377,2322.0,42.2,-0.156,57.8,-2.744,-16.87,-0.545
8378,4280.0,46.8,0.124,53.2,-3.212,-40.57,-0.052
8381,4751.0,44.1,-0.098,55.9,-1.855,-15.89,-0.258
8384,823.0,43.4,-0.19,56.6,-1.614,-8.16,-0.307
8386,2553.0,41.4,-0.297,58.6,-2.492,-18.62,-0.493
8397,10708.0,45.8,0.015,54.2,-2.236,-28.7,-0.159
8402,4899.0,41.9,-0.261,58.1,-1.795,-20.0,-0.372
8403,4471.0,42.4,-0.131,57.6,-1.849,-15.3,-0.353
8404,32801.0,44.4,-0.092,55.6,-2.149,-40.57,-0.269
8405,17989.0,44.8,-0.074,55.2,-1.624,-17.03,-0.222
8406,7928.0,45.2,-0.086,54.8,-2.206,-28.7,-0.249
8407,6371.0,45.1,-0.038,54.9,-1.991,-17.42,-0.255
8408,3918.0,42.5,-0.086,57.5,-2.448,-16.87,-0.46
8411,33100.0,43.8,-0.109,56.2,-2.198,-40.57,-0.277
8414,2993.0,47.3,0.144,52.7,-2.016,-18.91,-0.143
8415,8997.0,44.3,-0.075,55.7,-1.835,-20.74,-0.298
8416,37435.0,42.9,-0.146,57.1,-1.982,-23.87,-0.351
8421,20598.0,42.8,-0.146,57.2,-2.057,-23.87,-0.372
8422,2136.0,45.4,0.064,54.6,-2.842,-16.87,-0.313
8425,19131.0,43.6,-0.137,56.4,-2.19,-33.36,-0.307
8427,8447.0,43.2,-0.149,56.8,-2.171,-20.54,-0.357
8428,14573.0,44.9,-0.005,55.1,-1.795,-20.46,-0.23
8429,7831.0,43.8,-0.081,56.2,-2.483,-28.7,-0.347
8430,5179.0,41.0,-0.259,59.0,-2.357,-23.87,-0.549
8445,17027.0,43.7,-0.142,56.3,-1.88,-17.2,-0.276
8448,6086.0,46.5,0.136,53.5,-2.661,-22.26,-0.201
8449,3297.0,46.4,-0.002,53.6,-2.094,-33.36,-0.149
8450,5269.0,42.1,-0.282,57.9,-2.71,-19.17,-0.551
8451,13969.0,44.7,-0.073,55.3,-1.306,-14.08,-0.189
8453,35086.0,44.6,-0.086,55.4,-2.188,-40.57,-0.294
8454,15913.0,42.8,-0.157,57.2,-1.769,-33.36,-0.285
8455,3852.0,45.7,0.008,54.3,-2.221,-28.7,-0.147
8456,17810.0,44.5,-0.03,55.5,-1.821,-18.58,-0.247
8457,5289.0,41.9,-0.151,58.1,-2.258,-23.87,-0.434
8459,18329.0,43.1,-0.19,56.9,-2.057,-31.06,-0.329
8462,5651.0,43.8,-0.122,56.2,-2.742,-28.7,-0.372
8463,4918.0,46.7,0.076,53.3,-2.202,-15.32,-0.137
8464,3068.0,43.4,-0.089,56.6,-2.635,-16.87,-0.477
8469,14624.0,46.3,0.044,53.7,-2.021,-20.54,-0.191
8470,3563.0,42.6,-0.16,57.4,-2.218,-23.87,-0.398
8486,9964.0,45.2,-0.035,54.8,-2.193,-40.57,-0.275
8494,13968.0,43.7,-0.146,56.3,-2.009,-27.23,-0.283
8496,10380.0,45.2,-0.014,54.8,-2.718,-33.36,-0.263
8497,20600.0,44.8,-0.061,55.2,-2.106,-40.57,-0.275
8498,3911.0,43.6,-0.148,56.4,-2.708,-18.62,-0.392
8501,5251.0,42.5,-0.136,57.5,-2.4,-33.36,-0.317
8502,14423.0,43.2,-0.119,56.8,-1.906,-26.74,-0.305
8504,6667.0,46.7,-0.026,53.3,-1.956,-14.29,-0.156
8505,24113.0,43.8,-0.056,56.2,-1.919,-23.87,-0.299
8506,39288.0,44.6,-0.113,55.4,-1.848,-40.57,-0.222
8508,60000.0,43.6,-0.111,56.4,-1.647,-28.7,-0.267
8509,9510.0,44.7,-0.039,55.3,-2.088,-17.42,-0.287
8511,18015.0,44.6,-0.085,55.4,-2.305,-33.36,-0.221
8525,4377.0,47.3,0.101,52.7,-1.808,-18.06,-0.131
8543,27345.0,42.3,-0.191,57.7,-1.994,-23.87,-0.402
8545,2641.0,49.4,0.502,50.6,-3.319,-40.57,0.0
8546,5608.0,45.6,-0.009,54.4,-2.672,-22.26,-0.279
8547,2926.0,43.8,-0.107,56.2,-2.891,-16.87,-0.474
8567,44252.0,44.4,-0.093,55.6,-1.528,-27.26,-0.228
8568,6343.0,45.6,-0.069,54.4,-1.982,-13.56,-0.25
8569,8536.0,42.5,-0.202,57.5,-2.551,-40.57,-0.371
8571,7015.0,47.3,0.065,52.7,-1.868,-20.46,-0.091
8572,20202.0,43.4,-0.088,56.6,-1.731,-23.87,-0.308
8573,11762.0,43.6,-0.082,56.4,-2.219,-28.7,-0.354
8574,5533.0,41.7,-0.266,58.3,-2.676,-18.62,-0.523
8577,7847.0,45.3,-0.076,54.7,-1.495,-15.17,-0.193
8578,5394.0,45.8,-0.051,54.2,-1.721,-13.52,-0.195
8579,22975.0,43.8,-0.103,56.2,-1.605,-24.21,-0.263
8580,32122.0,43.5,-0.142,56.5,-2.172,-40.57,-0.322
8581,21419.0,44.0,-0.094,56.0,-2.005,-27.23,-0.306
8582,3677.0,44.3,-0.092,55.7,-1.608,-12.98,-0.215
8583,30825.0,44.6,-0.044,55.4,-1.756,-23.87,-0.247
8584,1850.0,47.3,0.126,52.7,-2.407,-28.7,-0.098
8585,5712.0,42.6,-0.196,57.4,-2.584,-16.87,-0.466
8590,29357.0,44.5,-0.086,55.5,-1.548,-27.26,-0.225
8593,5819.0,42.4,-0.141,57.6,-2.21,-19.73,-0.387
8594,8831.0,43.8,-0.111,56.2,-1.818,-19.3,-0.305
8595,2790.0,43.9,-0.111,56.1,-1.986,-23.87,-0.341
8596,22847.0,43.8,-0.08,56.2,-2.141,-21.68,-0.314
8597,5310.0,43.7,-0.069,56.3,-1.966,-28.7,-0.296
8617,21197.0,41.9,-0.257,58.1,-2.09,-27.23,-0.408
8618,20935.0,44.2,-0.047,55.8,-1.949,-20.46,-0.275
8619,4194.0,50.8,0.559,49.2,-2.963,-33.36,0.092
8621,6240.0,44.2,-0.094,55.8,-2.565,-28.7,-0.357
8622,3631.0,44.0,-0.091,56.0,-2.749,-16.87,-0.407
8629,77601.0,44.3,-0.085,55.7,-1.911,-40.57,-0.263
8631,6761.0,42.7,-0.14,57.3,-2.051,-23.87,-0.375
8632,5734.0,43.1,-0.128,56.9,-2.198,-20.0,-0.398
8633,3379.0,39.4,-0.436,60.6,-2.545,-19.73,-0.641
8637,13375.0,45.5,-0.061,54.5,-1.559,-15.17,-0.189
8638,419.0,41.1,-0.35,58.9,-2.339,-11.29,-0.636
8641,24679.0,43.2,-0.138,56.8,-2.276,-40.57,-0.347
8642,11137.0,43.3,-0.117,56.7,-2.07,-21.03,-0.335
8643,34893.0,44.6,-0.062,55.4,-1.672,-23.87,-0.243
8644,7588.0,44.2,-0.008,55.8,-2.019,-19.2,-0.281
8645,3004.0,46.4,0.078,53.6,-2.379,-28.7,-0.152
8646,5659.0,42.6,-0.196,57.4,-2.617,-16.87,-0.475
8652,4709.0,42.9,-0.092,57.1,-1.806,-12.83,-0.317
8653,11358.0,42.5,-0.167,57.5,-2.173,-23.87,-0.411
8663,20755.0,44.5,-0.091,55.5,-1.443,-19.6,-0.211
8664,6985.0,45.2,-0.071,54.8,-1.763,-13.52,-0.228
8666,37306.0,44.5,-0.087,55.5,-1.689,-24.21,-0.247
8667,12308.0,43.4,-0.117,56.6,-1.639,-20.0,-0.284
8668,19698.0,43.5,-0.127,56.5,-2.339,-40.57,-0.306
8669,14660.0,44.8,-0.038,55.2,-1.771,-28.7,-0.24
8670,29363.0,43.5,-0.111,56.5,-2.131,-27.23,-0.331
8685,13685.0,45.2,-0.05,54.8,-1.498,-19.6,-0.188
8687,16940.0,43.3,-0.152,56.7,-2.179,-40.57,-0.32
8689,29268.0,44.8,-0.035,55.2,-1.885,-28.7,-0.239
8690,6029.0,41.8,-0.126,58.2,-2.065,-19.35,-0.433
8691,7199.0,42.0,-0.217,58.0,-2.31,-23.87,-0.477
8721,4017.0,45.6,-0.031,54.4,-1.401,-14.08,-0.155
8723,6231.0,42.7,-0.111,57.3,-1.716,-24.21,-0.298
8724,20399.0,43.4,-0.133,56.6,-2.415,-40.57,-0.321
8726,22824.0,43.8,-0.084,56.2,-2.082,-25.13,-0.332
8727,17857.0,44.2,-0.07,55.8,-1.836,-28.7,-0.281
8728,2462.0,43.3,-0.092,56.7,-2.2,-17.03,-0.407
8730,6051.0,45.9,-0.039,54.1,-1.452,-15.17,-0.168
8731,544.0,42.1,-0.199,57.9,-1.772,-8.47,-0.355
8732,5668.0,44.5,-0.07,55.5,-1.691,-12.15,-0.227
8733,11004.0,44.2,-0.099,55.8,-2.612,-40.57,-0.294
8734,2317.0,46.2,0.019,53.8,-2.498,-28.7,-0.116
8737,25159.0,44.7,-0.07,55.3,-2.175,-31.06,-0.306
8743,18260.0,42.6,-0.162,57.4,-2.428,-40.57,-0.356
8744,7733.0,43.8,-0.099,56.2,-2.064,-21.31,-0.31
8745,452.0,48.7,-0.117,51.3,-1.946,-23.66,0.0
8746,215.0,46.5,0.114,53.5,-1.989,-8.09,0.0
8747,759.0,46.8,0.168,53.2,-2.6,-14.21,-0.1
8748,42171.0,44.0,-0.079,56.0,-1.798,-23.87,-0.286
8749,10714.0,41.7,-0.182,58.3,-2.212,-18.62,-0.476
8760,6334.0,41.5,-0.24,58.5,-1.42,-17.23,-0.303
8762,5152.0,44.3,-0.108,55.7,-1.79,-17.42,-0.299
8764,11845.0,43.0,-0.15,57.0,-2.447,-33.36,-0.324
8765,3510.0,42.1,-0.156,57.9,-1.921,-31.06,-0.386
8766,2492.0,47.6,0.222,52.4,-2.652,-28.7,-0.093
8767,85692.0,44.4,-0.085,55.6,-1.757,-23.87,-0.265
8772,20228.0,44.1,-0.102,55.9,-2.319,-33.36,-0.271
8773,52500.0,44.2,-0.088,55.8,-1.827,-27.23,-0.275
8774,14062.0,42.7,-0.138,57.3,-1.995,-40.57,-0.375
8775,13297.0,41.9,-0.216,58.1,-2.233,-23.87,-0.445
8779,13042.0,43.1,-0.145,56.9,-2.487,-33.36,-0.3
8780,6786.0,41.3,-0.171,58.7,-2.048,-40.57,-0.428
8781,11525.0,46.2,-0.017,53.8,-2.037,-28.7,-0.187
8782,86794.0,44.2,-0.095,55.8,-1.756,-23.87,-0.267
8787,7251.0,43.6,-0.064,56.4,-2.736,-33.36,-0.238
8788,33515.0,45.0,-0.087,55.0,-1.895,-31.06,-0.23
8789,13229.0,41.9,-0.184,58.1,-1.972,-40.57,-0.394
8790,42346.0,44.2,-0.085,55.8,-1.814,-23.87,-0.284
8791,2089.0,49.2,0.329,50.8,-2.242,-21.84,0.0
8803,8387.0,42.6,-0.148,57.4,-2.716,-33.36,-0.326
8805,19896.0,43.6,-0.109,56.4,-1.771,-20.74,-0.309
8806,25212.0,42.6,-0.172,57.4,-2.064,-23.87,-0.382
8811,20532.0,43.0,-0.17,57.0,-2.4,-40.57,-0.358
8812,253.0,42.3,-0.266,57.7,-2.029,-23.66,-0.253
8813,886.0,44.8,0.074,55.2,-2.673,-14.21,-0.243
8815,44529.0,43.7,-0.12,56.3,-1.957,-23.87,-0.319
8837,188392.0,44.1,-0.112,55.9,-1.752,-40.57,-0.255
8846,83049.0,43.9,-0.128,56.1,-1.811,-23.87,-0.292
8851,16982.0,41.0,-0.209,59.0,-2.165,-40.57,-0.409
8854,9087.0,44.3,-0.124,55.7,-2.137,-28.7,-0.276
8875,47821.0,43.2,-0.131,56.8,-1.822,-33.36,-0.277
8876,13441.0,43.8,-0.103,56.2,-1.993,-40.57,-0.285
8877,8815.0,46.1,-0.009,53.9,-1.768,-14.92,-0.143
8878,2020.0,44.6,-0.101,55.4,-2.229,-14.29,-0.214
8879,26650.0,43.4,-0.123,56.6,-1.661,-21.31,-0.281
8881,13228.0,44.5,-0.069,55.5,-1.435,-21.68,-0.2
8882,7933.0,45.5,-0.036,54.5,-1.462,-16.87,-0.161
8883,27038.0,44.3,-0.085,55.7,-2.244,-40.57,-0.245
8888,15900.0,42.3,-0.155,57.7,-2.238,-40.57,-0.322
8890,5936.0,48.3,0.259,51.7,-2.855,-19.77,-0.117
8903,66256.0,44.8,-0.068,55.2,-1.489,-23.87,-0.188
8904,23445.0,44.5,-0.08,55.5,-2.045,-33.36,-0.237
8907,17949.0,44.7,-0.105,55.3,-1.54,-17.09,-0.187
8908,56978.0,45.0,-0.05,55.0,-1.463,-23.87,-0.182
8909,46092.0,43.5,-0.116,56.5,-1.976,-40.57,-0.275
8934,1856.0,39.2,-0.268,60.8,-1.816,-12.23,-0.473
8935,1484.0,44.8,-0.076,55.2,-1.738,-17.2,-0.231
8938,8974.0,44.9,-0.043,55.1,-2.757,-33.36,-0.208
8939,12627.0,44.5,-0.072,55.5,-1.853,-31.06,-0.233
8940,12864.0,44.9,-0.022,55.1,-2.1,-40.57,-0.259
8942,27316.0,44.2,-0.086,55.8,-1.834,-20.46,-0.277
8943,22819.0,42.4,-0.161,57.6,-2.017,-23.87,-0.396
8949,6474.0,42.9,-0.081,57.1,-2.568,-33.36,-0.345
8951,5935.0,45.5,0.016,54.5,-2.17,-28.7,-0.149
8952,12537.0,45.6,-0.009,54.4,-2.146,-31.06,-0.216
8953,32353.0,43.9,-0.102,56.1,-1.832,-20.46,-0.286
8954,25149.0,42.4,-0.168,57.6,-2.021,-23.87,-0.394
8957,18896.0,43.8,-0.108,56.2,-2.29,-40.57,-0.264
8958,4501.0,41.7,-0.215,58.3,-2.099,-33.36,-0.342
8963,6095.0,44.4,-0.056,55.6,-1.799,-18.91,-0.276
8964,17936.0,43.4,-0.122,56.6,-1.843,-19.6,-0.325
8966,39916.0,44.3,-0.095,55.7,-2.131,-40.57,-0.289
8967,13069.0,45.2,-0.032,54.8,-2.065,-28.7,-0.227
8969,38422.0,43.4,-0.152,56.6,-1.886,-20.0,-0.324
8970,19961.0,43.2,-0.142,56.8,-1.894,-23.87,-0.332
8973,21987.0,45.0,-0.085,55.0,-1.363,-14.92,-0.176
9004,45836.0,43.3,-0.146,56.7,-1.868,-27.23,-0.308
9005,19630.0,45.3,-0.022,54.7,-2.495,-40.57,-0.253
9006,8211.0,43.3,-0.104,56.7,-2.562,-22.26,-0.394
9016,24278.0,45.0,-0.085,55.0,-1.972,-33.36,-0.22
9017,18874.0,42.8,-0.127,57.2,-1.78,-40.57,-0.314
9043,13636.0,44.9,-0.094,55.1,-1.583,-16.76,-0.225
9044,27564.0,44.2,-0.097,55.8,-1.675,-19.6,-0.261
9047,26462.0,43.8,-0.093,56.2,-1.922,-28.7,-0.311
9048,3143.0,40.3,-0.23,59.7,-2.298,-18.62,-0.564
9058,30498.0,44.5,-0.078,55.5,-1.685,-27.26,-0.251
9060,50692.0,44.0,-0.089,56.0,-1.899,-31.06,-0.294
9061,7675.0,44.5,-0.064,55.5,-2.885,-33.36,-0.236
9062,8793.0,41.7,-0.167,58.3,-2.372,-40.57,-0.48
9106,5300.0,43.8,-0.124,56.2,-1.549,-15.17,-0.234
9107,7547.0,45.9,-0.047,54.1,-1.579,-14.98,-0.182
9108,6988.0,42.8,-0.137,57.2,-2.418,-33.36,-0.311
9109,13877.0,44.6,-0.089,55.4,-2.18,-40.57,-0.265
9111,6335.0,47.1,0.009,52.9,-2.011,-14.92,-0.101
9112,2023.0,43.9,-0.153,56.1,-1.967,-13.33,-0.267
9113,6273.0,45.7,-0.031,54.3,-1.565,-11.23,-0.178
9114,15057.0,42.8,-0.091,57.2,-1.929,-23.87,-0.364
9119,3301.0,45.6,-0.058,54.4,-1.472,-13.68,-0.169
9121,9459.0,44.1,-0.099,55.9,-2.637,-33.36,-0.286
9122,48133.0,43.1,-0.131,56.9,-1.843,-40.57,-0.307
9123,5213.0,46.3,-0.029,53.7,-2.069,-14.92,-0.142
9124,1541.0,44.8,-0.05,55.2,-2.142,-11.72,-0.233
9126,26187.0,42.7,-0.198,57.3,-1.975,-20.74,-0.374
9127,15899.0,43.4,-0.106,56.6,-1.695,-23.87,-0.293
9128,4911.0,45.0,-0.021,55.0,-2.332,-16.87,-0.336
9149,73521.0,44.6,-0.103,55.4,-1.679,-31.06,-0.237
9150,32196.0,44.1,-0.097,55.9,-2.185,-40.57,-0.301
9151,38758.0,43.0,-0.131,57.0,-1.759,-20.54,-0.325
9152,28976.0,43.2,-0.106,56.8,-2.384,-40.57,-0.355
9168,989.0,43.9,-0.18,56.1,-2.083,-11.29,-0.352
9169,2369.0,40.5,-0.272,59.5,-2.896,-33.36,-0.518
9170,21023.0,43.8,-0.105,56.2,-2.288,-40.57,-0.297
9175,42500.0,43.4,-0.114,56.6,-1.888,-23.87,-0.323
9177,22552.0,45.3,-0.05,54.7,-1.988,-23.87,-0.238
9185,4808.0,43.9,-0.054,56.1,-2.541,-33.36,-0.241
9186,3801.0,45.4,-0.04,54.6,-2.011,-20.09,-0.149
9188,8435.0,43.0,-0.113,57.0,-2.151,-28.78,-0.34
9189,6219.0,46.8,-0.004,53.2,-2.299,-22.26,-0.15
9195,40420.0,43.6,-0.115,56.4,-2.025,-25.13,-0.324
9203,54738.0,44.6,-0.073,55.4,-1.922,-31.06,-0.251
9204,13976.0,41.2,-0.288,58.8,-2.48,-40.57,-0.558
9205,11714.0,45.7,-0.042,54.3,-1.45,-14.58,-0.18
9210,3830.0,46.7,0.046,53.3,-2.4,-33.36,-0.09
9211,27346.0,43.5,-0.11,56.5,-1.732,-31.06,-0.274
9214,55850.0,44.7,-0.043,55.3,-1.665,-27.26,-0.233
9215,21360.0,42.6,-0.153,57.4,-1.984,-23.87,-0.384
9220,15230.0,43.5,-0.15,56.5,-2.011,-23.87,-0.37
9221,2981.0,47.0,0.147,53.0,-3.252,-33.36,-0.121
9222,19581.0,43.3,-0.128,56.7,-2.32,-40.57,-0.347
9223,28804.0,43.6,-0.11,56.4,-2.025,-25.13,-0.333
9242,12137.0,43.6,-0.153,56.4,-1.635,-17.42,-0.261
9243,22342.0,43.4,-0.118,56.6,-2.195,-40.57,-0.29
9244,6416.0,44.9,-0.067,55.1,-2.341,-27.23,-0.259
9246,33369.0,43.4,-0.114,56.6,-1.741,-21.31,-0.295
9248,12529.0,42.8,-0.104,57.2,-2.043,-23.87,-0.369
9255,19077.0,42.7,-0.188,57.3,-2.071,-21.68,-0.366
9256,28360.0,45.4,-0.066,54.6,-1.225,-13.3,-0.141
9258,11583.0,43.5,-0.157,56.5,-1.629,-17.42,-0.267
9260,46715.0,44.7,-0.079,55.3,-1.64,-31.06,-0.237
9261,32730.0,44.0,-0.097,56.0,-2.143,-33.36,-0.294
9262,12125.0,42.5,-0.198,57.5,-2.207,-20.0,-0.414
9266,8741.0,45.1,-0.038,54.9,-2.877,-33.36,-0.227
9269,3370.0,44.1,-0.095,55.9,-1.693,-15.97,-0.277
9270,5585.0,42.8,-0.116,57.2,-2.181,-23.87,-0.373
9292,24448.0,43.4,-0.179,56.6,-1.912,-31.06,-0.315
9293,23746.0,45.6,-0.026,54.4,-2.425,-40.57,-0.242
9294,9261.0,43.8,-0.094,56.2,-2.159,-17.42,-0.35
9300,16851.0,46.2,0.013,53.8,-1.612,-13.33,-0.146
9301,4306.0,43.1,-0.178,56.9,-2.61,-28.7,-0.383
9303,26066.0,45.0,-0.06,55.0,-2.105,-20.54,-0.274
9317,9904.0,43.2,-0.148,56.8,-2.828,-40.57,-0.394
9318,2549.0,46.9,0.248,53.1,-2.343,-22.32,-0.091
9330,7138.0,42.9,-0.109,57.1,-2.926,-33.36,-0.43
9331,35651.0,45.1,-0.058,54.9,-2.081,-40.57,-0.253
9332,9425.0,41.8,-0.213,58.2,-2.372,-23.87,-0.487
9338,10290.0,43.9,-0.119,56.1,-2.384,-33.36,-0.279
9339,3862.0,40.9,-0.348,59.1,-2.105,-40.57,-0.463
9340,20940.0,41.2,-0.205,58.8,-1.752,-31.06,-0.364
9342,10079.0,47.2,-0.019,52.8,-1.319,-14.27,-0.095
9343,22905.0,44.0,-0.114,56.0,-1.486,-17.09,-0.239
9344,7607.0,44.9,-0.033,55.1,-1.585,-13.33,-0.186
9345,36525.0,44.3,-0.07,55.7,-1.933,-28.7,-0.281
9358,3212.0,40.8,-0.184,59.2,-1.889,-11.72,-0.439
9366,30473.0,44.6,-0.099,55.4,-1.841,-21.31,-0.265
9367,18615.0,44.9,-0.091,55.1,-2.054,-31.06,-0.271
9368,17580.0,43.8,-0.081,56.2,-2.576,-40.57,-0.342
9369,6124.0,43.7,-0.065,56.3,-2.119,-23.87,-0.298
9370,1886.0,42.3,-0.195,57.7,-3.058,-16.87,-0.616
9393,8277.0,44.9,-0.075,55.1,-1.645,-13.68,-0.221
9395,18037.0,45.2,-0.026,54.8,-1.896,-28.7,-0.203
9396,4949.0,41.9,-0.168,58.1,-2.032,-14.14,-0.41
9398,35778.0,43.9,-0.096,56.1,-1.989,-25.13,-0.311
9403,18513.0,43.2,-0.139,56.8,-2.4,-40.57,-0.319
9405,11788.0,45.0,-0.027,55.0,-1.852,-21.31,-0.221
9406,13791.0,42.6,-0.136,57.4,-1.906,-20.54,-0.352
9407,15344.0,42.5,-0.175,57.5,-2.292,-33.36,-0.309
9412,7622.0,43.1,-0.093,56.9,-1.6,-21.31,-0.263
9413,21503.0,43.7,-0.07,56.3,-2.097,-28.7,-0.338
9424,14502.0,42.7,-0.185,57.3,-1.791,-20.74,-0.323
9425,4498.0,45.1,-0.106,54.9,-2.132,-31.06,-0.249
9426,7618.0,44.9,-0.058,55.1,-2.802,-33.36,-0.195
9427,6309.0,41.4,-0.191,58.6,-2.152,-40.57,-0.416
9428,11629.0,43.2,-0.175,56.8,-2.045,-20.46,-0.359
9429,10800.0,45.2,0.022,54.8,-1.879,-15.6,-0.222
9430,9141.0,44.6,-0.081,55.4,-1.784,-15.79,-0.262
9445,13862.0,43.5,-0.11,56.5,-2.259,-33.36,-0.289
9446,13869.0,43.9,-0.135,56.1,-2.178,-31.06,-0.313
9447,14536.0,44.7,-0.074,55.3,-1.83,-23.87,-0.254
9448,10188.0,43.2,-0.157,56.8,-2.524,-40.57,-0.429
9449,6102.0,43.2,-0.152,56.8,-2.785,-33.36,-0.376
9450,11884.0,44.1,-0.089,55.9,-1.963,-40.57,-0.262
9455,10140.0,40.9,-0.228,59.1,-1.947,-22.32,-0.36
9456,2083.0,40.8,-0.228,59.2,-1.828,-15.2,-0.342
9457,7606.0,43.2,-0.052,56.8,-2.421,-40.57,-0.312
9459,119185.0,44.4,-0.084,55.6,-1.537,-27.26,-0.224
9460,9684.0,44.1,-0.119,55.9,-2.392,-28.7,-0.361
9492,5354.0,44.1,-0.101,55.9,-2.758,-23.81,-0.364
9493,18161.0,45.9,-0.045,54.1,-1.982,-21.31,-0.205
9494,14554.0,44.3,-0.134,55.7,-1.926,-31.06,-0.26
9496,9325.0,42.3,-0.133,57.7,-2.503,-28.78,-0.396
9499,885.0,45.2,-0.13,54.8,-2.639,-13.86,-0.31
9500,10119.0,45.4,-0.079,54.6,-1.637,-15.48,-0.2
9501,15218.0,46.6,-0.007,53.4,-1.598,-14.81,-0.124
9502,22994.0,43.3,-0.093,56.7,-1.792,-23.87,-0.306
9504,7689.0,44.3,-0.09,55.7,-1.308,-14.98,-0.201
9505,9667.0,44.5,-0.022,55.5,-2.362,-33.36,-0.194
9506,16846.0,43.8,-0.148,56.2,-2.003,-40.57,-0.289
9508,10135.0,42.1,-0.136,57.9,-1.639,-31.06,-0.307
9509,11956.0,42.9,-0.109,57.1,-1.666,-19.17,-0.287
9511,18972.0,45.8,-0.063,54.2,-1.637,-17.42,-0.185
9512,21324.0,43.6,-0.084,56.4,-1.848,-23.87,-0.297
9513,10542.0,44.7,-0.066,55.3,-1.19,-11.71,-0.151
9516,4240.0,47.3,-0.042,52.7,-2.568,-26.74,-0.127
9517,4515.0,45.0,-0.078,55.0,-1.955,-14.92,-0.221
9518,6788.0,40.4,-0.308,59.6,-2.14,-40.57,-0.462
9521,24500.0,42.8,-0.127,57.2,-2.086,-20.54,-0.368
9522,14132.0,44.4,-0.06,55.6,-2.276,-33.36,-0.223
9523,14287.0,42.9,-0.14,57.1,-1.811,-22.32,-0.294
9528,10670.0,43.1,-0.107,56.9,-2.323,-33.36,-0.286
9529,12234.0,42.9,-0.191,57.1,-2.206,-40.57,-0.357
9530,9488.0,45.4,0.012,54.6,-2.034,-24.21,-0.184
9531,37282.0,42.4,-0.183,57.6,-1.951,-23.87,-0.382
9536,13553.0,41.8,-0.215,58.2,-2.156,-19.44,-0.439
9540,6644.0,45.3,-0.053,54.7,-1.636,-11.29,-0.206
9541,10565.0,43.4,-0.134,56.6,-2.539,-40.57,-0.315
9542,19991.0,43.0,-0.143,57.0,-1.931,-31.06,-0.313
9545,11526.0,46.5,0.051,53.5,-1.664,-13.33,-0.133
9546,19445.0,43.6,-0.103,56.4,-1.641,-23.87,-0.279
9547,2433.0,45.9,-0.062,54.1,-2.256,-28.7,-0.21
9548,12001.0,43.7,-0.108,56.3,-2.309,-17.42,-0.367
9562,86.0,48.8,0.041,51.2,-1.565,-7.56,-0.055
9566,2059.0,43.6,-0.16,56.4,-2.003,-11.29,-0.381
9567,10509.0,43.9,-0.111,56.1,-2.592,-40.57,-0.293
9568,27820.0,42.2,-0.158,57.8,-1.89,-31.06,-0.35
9569,5700.0,46.6,0.021,53.4,-1.972,-13.25,-0.137
9570,1006.0,41.7,-0.233,58.3,-3.335,-14.92,-0.67
9574,11856.0,44.2,-0.061,55.8,-2.151,-17.42,-0.328
9581,2008.0,45.0,-0.033,55.0,-1.987,-11.29,-0.244
9582,5960.0,43.2,-0.098,56.8,-1.692,-24.21,-0.288
9583,23812.0,42.8,-0.161,57.2,-2.299,-40.57,-0.359
9584,3993.0,45.8,0.003,54.2,-2.398,-14.92,-0.149
9586,25702.0,43.3,-0.141,56.7,-1.807,-20.74,-0.327
9588,25121.0,43.0,-0.143,57.0,-2.092,-23.87,-0.369
9597,22672.0,43.3,-0.134,56.7,-2.372,-40.57,-0.326
9598,2037.0,39.7,-0.315,60.3,-2.133,-12.66,-0.493
9602,16173.0,44.3,-0.08,55.7,-2.271,-20.54,-0.34
