symbol,side,days,win,raw,neutral,retained,neut_sharpe,best_signal,bs_days,bs_neutral,sector
360ONE,SHORT,535,47.85,-0.024,-0.087,0.0,-0.759,extended_move,43,0.301,Financial Services
360ONE,LONG,535,49.346,-0.065,-0.002,0.0,-0.017,GOLD,95,0.055,Financial Services
ABB,SHORT,535,51.028,0.065,0.001,2.255,0.015,extended_move,38,0.305,Capital Goods
ABB,LONG,535,46.729,-0.154,-0.091,0.0,-0.936,GOLD-baseline,75,0.096,Capital Goods
ABCAPITAL,SHORT,534,49.625,-0.039,-0.103,0.0,-1.144,normal,476,-0.074,Financial Services
ABCAPITAL,LONG,534,47.566,-0.051,0.014,0.0,0.153,extended_move,47,0.336,Financial Services
ADANIENSOL,SHORT,535,54.019,0.024,-0.039,-162.503,-0.295,GOLD,114,0.207,Power
ADANIENSOL,LONG,535,43.738,-0.113,-0.05,0.0,-0.376,extended_move,56,0.084,Power
ADANIENT,SHORT,535,56.636,0.1,0.037,36.662,0.346,ENTERPRISE-Dryup,262,0.135,Metals & Mining
ADANIENT,LONG,535,41.121,-0.189,-0.126,0.0,-1.189,extended_move,36,0.169,Metals & Mining
ADANIGREEN,SHORT,535,57.944,0.185,0.121,65.647,0.852,STANDARD,66,0.311,Power
ADANIGREEN,LONG,535,40.374,-0.274,-0.21,0.0,-1.48,extended_move,47,-0.005,Power
ADANIPORTS,SHORT,535,52.897,0.009,-0.055,-627.493,-0.666,GOLD,145,0.025,Services
ADANIPORTS,LONG,535,45.421,-0.098,-0.035,0.0,-0.422,GOLD-baseline,63,0.08,Services
ADANIPOWER,SHORT,535,62.43,0.107,0.043,40.663,0.309,GOLD-baseline,66,0.242,Power
ADANIPOWER,LONG,535,35.888,-0.196,-0.133,0.0,-0.944,extended_move,60,0.042,Power
ALKEM,SHORT,535,53.271,0.08,0.017,21.071,0.201,STANDARD,40,0.381,Healthcare
ALKEM,LONG,535,43.551,-0.17,-0.106,0.0,-1.26,GOLD-baseline,83,-0.021,Healthcare
AMBER,SHORT,535,50.841,0.047,-0.017,-36.198,-0.109,STANDARD-weak,20,0.61,Consumer Durables
AMBER,LONG,535,46.729,-0.136,-0.072,0.0,-0.471,GOLD-baseline,72,0.241,Consumer Durables
AMBUJACEM,SHORT,534,53.745,0.15,0.085,57.087,1.124,STANDARD,55,0.172,Construction Materials
AMBUJACEM,LONG,534,43.071,-0.239,-0.175,0.0,-2.3,ENTERPRISE-Dryup,256,-0.116,Construction Materials
ANGELONE,SHORT,535,53.271,0.005,-0.058,-1174.106,-0.43,extended_move,81,0.169,Financial Services
ANGELONE,LONG,535,45.981,-0.094,-0.031,0.0,-0.228,GOLD-baseline,69,0.271,Financial Services
APLAPOLLO,SHORT,535,52.71,0.058,-0.006,-9.624,-0.063,ENTERPRISE-Dryup,239,0.035,Capital Goods
APLAPOLLO,LONG,535,45.421,-0.147,-0.084,0.0,-0.954,STANDARD,61,0.074,Capital Goods
APOLLOHOSP,SHORT,535,46.729,-0.068,-0.131,0.0,-1.808,GOLD,147,-0.098,Healthcare
APOLLOHOSP,LONG,535,48.224,-0.022,0.042,0.0,0.577,STANDARD,28,0.101,Healthcare
ASHOKLEY,SHORT,535,50.28,-0.048,-0.112,0.0,-1.231,STANDARD,61,0.25,Capital Goods
ASHOKLEY,LONG,535,45.981,-0.041,0.022,0.0,0.248,GOLD-baseline,97,0.152,Capital Goods
ASIANPAINT,SHORT,535,48.598,-0.057,-0.121,0.0,-1.56,ENTERPRISE-Dryup,255,-0.074,Consumer Durables
ASIANPAINT,LONG,535,48.411,-0.032,0.031,0.0,0.406,GOLD,141,0.149,Consumer Durables
ASTRAL,SHORT,534,51.498,0.06,-0.004,-6.808,-0.046,GOLD-baseline,73,0.135,Capital Goods
ASTRAL,LONG,534,46.442,-0.15,-0.085,0.0,-0.967,STANDARD,55,0.448,Capital Goods
AUBANK,SHORT,535,51.589,-0.102,-0.166,0.0,-1.685,ENTERPRISE-Dryup,261,-0.06,Financial Services
AUBANK,LONG,535,46.168,0.013,0.076,597.314,0.775,GOLD-baseline,81,0.278,Financial Services
AUROPHARMA,SHORT,535,52.71,0.0,-0.063,-31327.614,-0.69,GOLD-baseline,86,0.263,Healthcare
AUROPHARMA,LONG,535,46.168,-0.09,-0.026,0.0,-0.286,ENTERPRISE-Dryup,244,0.136,Healthcare
AXISBANK,SHORT,535,49.159,-0.068,-0.132,0.0,-1.84,STANDARD,38,0.182,Financial Services
AXISBANK,LONG,535,48.598,-0.021,0.042,0.0,0.593,GOLD-baseline,82,0.224,Financial Services
BAJAJ-AUTO,SHORT,535,49.346,-0.04,-0.104,0.0,-1.282,ENTERPRISE-Dryup,235,-0.024,Automobile and Auto Components
BAJAJ-AUTO,LONG,535,47.664,-0.049,0.015,0.0,0.179,STANDARD,50,0.246,Automobile and Auto Components
BAJAJFINSV,SHORT,535,50.093,-0.009,-0.073,0.0,-0.984,GOLD,135,0.06,Financial Services
BAJAJFINSV,LONG,535,45.234,-0.08,-0.016,0.0,-0.222,ENTERPRISE-Dryup,249,0.056,Financial Services
BAJAJHLDNG,SHORT,535,54.206,0.07,0.006,8.979,0.054,GOLD,118,0.168,Financial Services
BAJAJHLDNG,LONG,535,42.991,-0.159,-0.096,0.0,-0.821,ENTERPRISE-Dryup,246,0.107,Financial Services
BAJFINANCE,SHORT,535,49.159,-0.094,-0.158,0.0,-1.98,STANDARD,51,0.156,Financial Services
BAJFINANCE,LONG,535,48.037,0.005,0.068,1413.904,0.857,GOLD-baseline,79,0.331,Financial Services
BANDHANBNK,SHORT,534,50.562,0.04,-0.025,-61.881,-0.236,GOLD-baseline,62,0.078,Financial Services
BANDHANBNK,LONG,534,46.816,-0.129,-0.065,0.0,-0.624,extended_move,35,0.162,Financial Services
BANKBARODA,SHORT,534,52.622,0.03,-0.034,-112.965,-0.431,GOLD-baseline,78,0.205,Financial Services
BANKBARODA,LONG,534,44.944,-0.12,-0.055,0.0,-0.698,ENTERPRISE-Dryup,224,0.027,Financial Services
BANKINDIA,SHORT,535,52.897,0.103,0.039,38.164,0.438,GOLD-baseline,62,0.28,Financial Services
BANKINDIA,LONG,535,44.112,-0.192,-0.128,0.0,-1.439,STANDARD,71,0.025,Financial Services
BDL,SHORT,535,53.832,-0.009,-0.072,0.0,-0.495,GOLD-baseline,48,0.86,Capital Goods
BDL,LONG,535,44.673,-0.081,-0.017,0.0,-0.118,STANDARD,78,0.493,Capital Goods
BEL,SHORT,535,53.458,0.014,-0.05,-358.761,-0.554,GOLD-baseline,69,-0.009,Capital Goods
BEL,LONG,535,44.86,-0.103,-0.04,0.0,-0.444,extended_move,55,0.059,Capital Goods
BHARATFORG,SHORT,535,54.206,0.015,-0.048,-310.8,-0.55,STANDARD,59,0.17,Automobile and Auto Components
BHARATFORG,LONG,535,44.299,-0.105,-0.041,0.0,-0.475,GOLD-baseline,87,0.041,Automobile and Auto Components
BHARTIARTL,SHORT,535,47.29,-0.038,-0.101,0.0,-1.278,STANDARD,36,0.177,Telecommunication
BHARTIARTL,LONG,535,49.159,-0.051,0.012,0.0,0.151,ENTERPRISE-Dryup,246,0.079,Telecommunication
BHEL,SHORT,535,50.467,0.011,-0.052,-472.18,-0.493,ENTERPRISE-Dryup,252,0.043,Capital Goods
BHEL,LONG,535,47.664,-0.1,-0.037,0.0,-0.349,GOLD-baseline,47,0.175,Capital Goods
BIOCON,SHORT,534,51.311,0.051,-0.013,-26.115,-0.135,GOLD-baseline,72,0.196,Healthcare
BIOCON,LONG,534,45.318,-0.14,-0.076,0.0,-0.774,STANDARD,65,-0.023,Healthcare
BLUESTARCO,SHORT,535,50.654,-0.011,-0.075,0.0,-0.571,extended_move,37,0.523,Consumer Durables
BLUESTARCO,LONG,535,47.664,-0.078,-0.014,0.0,-0.11,GOLD,90,0.313,Consumer Durables
BOSCHLTD,SHORT,534,52.622,0.019,-0.046,-245.999,-0.554,GOLD,143,0.121,Automobile and Auto Components
BOSCHLTD,LONG,534,43.82,-0.108,-0.044,0.0,-0.53,extended_move,47,0.132,Automobile and Auto Components
BPCL,SHORT,535,54.393,0.058,-0.006,-9.664,-0.065,GOLD-baseline,85,0.115,Oil Gas & Consumable Fuels
BPCL,LONG,535,42.991,-0.147,-0.084,0.0,-0.981,ENTERPRISE-Dryup,208,-0.043,Oil Gas & Consumable Fuels
BRITANNIA,SHORT,535,45.981,-0.048,-0.111,0.0,-1.34,STANDARD,33,0.262,Fast Moving Consumer Goods
BRITANNIA,LONG,535,49.346,-0.041,0.022,0.0,0.265,GOLD-baseline,101,0.085,Fast Moving Consumer Goods
BSE,SHORT,535,51.776,-0.065,-0.128,0.0,-0.817,GOLD,113,0.177,Financial Services
BSE,LONG,535,47.29,-0.025,0.039,0.0,0.247,GOLD-baseline,80,0.378,Financial Services
CAMS,SHORT,535,54.206,0.026,-0.037,-139.873,-0.352,GOLD-baseline,83,0.196,Financial Services
CAMS,LONG,535,44.112,-0.116,-0.052,0.0,-0.499,STANDARD,80,0.064,Financial Services
CANBK,SHORT,535,53.084,0.048,-0.015,-31.532,-0.185,extended_move,31,0.22,Financial Services
CANBK,LONG,535,44.673,-0.138,-0.074,0.0,-0.901,STANDARD,76,0.081,Financial Services
CDSL,SHORT,534,53.933,0.009,-0.056,-655.92,-0.53,ENTERPRISE-Dryup,244,0.03,Financial Services
CDSL,LONG,534,44.944,-0.098,-0.034,0.0,-0.319,STANDARD,73,0.234,Financial Services
CGPOWER,SHORT,535,53.645,0.036,-0.028,-78.515,-0.263,GOLD-baseline,90,0.131,Capital Goods
CGPOWER,LONG,535,44.486,-0.125,-0.061,0.0,-0.58,extended_move,68,0.201,Capital Goods
CHOLAFIN,SHORT,535,52.71,-0.054,-0.118,0.0,-1.222,extended_move,26,0.285,Financial Services
CHOLAFIN,LONG,535,45.234,-0.035,0.028,0.0,0.294,GOLD,119,0.075,Financial Services
CIPLA,SHORT,535,47.477,-0.045,-0.109,0.0,-1.384,STANDARD,31,0.114,Healthcare
CIPLA,LONG,535,49.533,-0.044,0.019,0.0,0.247,ENTERPRISE-Dryup,257,0.106,Healthcare
COALINDIA,SHORT,535,52.71,0.049,-0.014,-29.332,-0.186,STANDARD,34,0.513,Oil Gas & Consumable Fuels
COALINDIA,LONG,535,43.738,-0.138,-0.075,0.0,-0.972,ENTERPRISE-Dryup,258,-0.015,Oil Gas & Consumable Fuels
COCHINSHIP,SHORT,535,57.757,0.079,0.015,19.627,0.1,GOLD,129,0.253,Capital Goods
COCHINSHIP,LONG,535,40.0,-0.168,-0.105,0.0,-0.68,extended_move,98,0.122,Capital Goods
COFORGE,SHORT,535,51.963,0.034,-0.029,-84.635,-0.264,STANDARD,68,0.174,Information Technology
COFORGE,LONG,535,46.355,-0.124,-0.06,0.0,-0.548,GOLD-baseline,101,-0.008,Information Technology
COLPAL,SHORT,534,47.753,0.001,-0.063,-4611.621,-0.712,ENTERPRISE-Dryup,254,0.056,Fast Moving Consumer Goods
COLPAL,LONG,534,48.689,-0.091,-0.026,0.0,-0.3,GOLD,155,0.168,Fast Moving Consumer Goods
CONCOR,SHORT,535,53.645,0.129,0.066,50.897,0.788,extended_move,21,0.319,Services
CONCOR,LONG,535,41.682,-0.218,-0.155,0.0,-1.86,STANDARD,50,-0.046,Services
CROMPTON,SHORT,535,54.579,0.061,-0.002,-3.462,-0.023,ENTERPRISE-Dryup,234,0.107,Consumer Durables
CROMPTON,LONG,535,42.43,-0.151,-0.087,0.0,-0.935,extended_move,41,0.539,Consumer Durables
CUMMINSIND,SHORT,535,48.598,-0.053,-0.117,0.0,-1.181,extended_move,36,0.122,Capital Goods
CUMMINSIND,LONG,535,49.159,-0.036,0.027,0.0,0.276,GOLD-baseline,97,0.138,Capital Goods
DABUR,SHORT,535,50.654,-0.011,-0.075,0.0,-0.853,STANDARD,30,0.289,Fast Moving Consumer Goods
DABUR,LONG,535,45.794,-0.078,-0.015,0.0,-0.167,GOLD-baseline,78,0.182,Fast Moving Consumer Goods
DALBHARAT,SHORT,534,54.12,0.032,-0.032,-97.952,-0.371,ENTERPRISE-Dryup,248,0.061,Construction Materials
DALBHARAT,LONG,534,44.007,-0.122,-0.058,0.0,-0.671,STANDARD,59,0.204,Construction Materials
DELHIVERY,SHORT,535,50.654,0.001,-0.062,-6095.227,-0.596,STANDARD,66,0.263,Services
DELHIVERY,LONG,535,46.729,-0.09,-0.027,0.0,-0.258,ENTERPRISE-Dryup,253,0.043,Services
DIVISLAB,SHORT,535,50.28,-0.081,-0.144,0.0,-1.623,STANDARD,56,-0.013,Healthcare
DIVISLAB,LONG,535,46.916,-0.008,0.055,0.0,0.618,ENTERPRISE-Dryup,246,0.123,Healthcare
DIXON,SHORT,535,50.093,0.062,-0.002,-2.992,-0.015,GOLD,92,0.232,Consumer Durables
DIXON,LONG,535,47.664,-0.151,-0.087,0.0,-0.715,ENTERPRISE-Dryup,247,0.019,Consumer Durables
DLF,SHORT,535,53.645,0.122,0.059,48.128,0.743,ENTERPRISE-Dryup,221,0.127,Realty
DLF,LONG,535,43.551,-0.212,-0.148,0.0,-1.872,extended_move,25,0.231,Realty
DMART,SHORT,535,55.327,0.112,0.049,43.593,0.515,GOLD-baseline,94,0.271,Consumer Services
DMART,LONG,535,42.617,-0.202,-0.138,0.0,-1.454,STANDARD,36,0.328,Consumer Services
DRREDDY,SHORT,535,47.103,-0.042,-0.105,0.0,-1.317,GOLD-baseline,100,0.036,Healthcare
DRREDDY,LONG,535,47.664,-0.048,0.016,0.0,0.196,STANDARD,30,0.304,Healthcare
EICHERMOT,SHORT,535,49.907,-0.097,-0.16,0.0,-2.092,GOLD-baseline,117,-0.059,Automobile and Auto Components
EICHERMOT,LONG,535,47.103,0.007,0.071,961.571,0.924,ENTERPRISE-Dryup,229,0.093,Automobile and Auto Components
ETERNAL,SHORT,535,47.85,-0.091,-0.154,0.0,-1.254,extended_move,47,0.256,Consumer Services
ETERNAL,LONG,535,49.533,0.002,0.065,4244.503,0.528,GOLD,100,0.174,Consumer Services
EXIDEIND,SHORT,535,52.336,0.014,-0.049,-345.242,-0.568,extended_move,29,0.107,Automobile and Auto Components
EXIDEIND,LONG,535,45.421,-0.104,-0.04,0.0,-0.464,GOLD,141,-0.004,Automobile and Auto Components
FEDERALBNK,SHORT,535,49.346,-0.103,-0.167,0.0,-2.156,extended_move,22,-0.032,Financial Services
FEDERALBNK,LONG,535,49.159,0.014,0.077,561.304,0.999,GOLD-baseline,83,0.292,Financial Services
FORCEMOT,SHORT,534,57.116,0.14,0.075,54.012,0.459,GOLD-baseline,71,0.406,Automobile and Auto Components
FORCEMOT,LONG,534,41.573,-0.229,-0.165,0.0,-1.002,STANDARD,82,0.477,Automobile and Auto Components
FORTIS,SHORT,535,51.776,0.006,-0.058,-1041.837,-0.559,STANDARD,78,0.325,Healthcare
FORTIS,LONG,535,45.981,-0.095,-0.032,0.0,-0.305,GOLD,105,0.113,Healthcare
GAIL,SHORT,534,52.247,0.028,-0.036,-131.288,-0.44,STANDARD,53,0.135,Oil Gas & Consumable Fuels
GAIL,LONG,534,45.693,-0.117,-0.053,0.0,-0.638,GOLD-baseline,50,0.046,Oil Gas & Consumable Fuels
GLENMARK,SHORT,535,47.664,-0.121,-0.185,0.0,-1.902,STANDARD,70,0.008,Healthcare
GLENMARK,LONG,535,50.28,0.032,0.095,298.948,0.982,ENTERPRISE-Dryup,244,0.211,Healthcare
GMRAIRPORT,SHORT,535,51.963,0.058,-0.005,-9.373,-0.063,extended_move,24,0.564,Services
GMRAIRPORT,LONG,535,45.234,-0.147,-0.084,0.0,-0.979,GOLD,138,-0.003,Services
GODFRYPHLP,SHORT,535,56.262,0.01,-0.054,-540.889,-0.25,GOLD-baseline,80,0.621,Fast Moving Consumer Goods
GODFRYPHLP,LONG,535,41.495,-0.099,-0.036,0.0,-0.168,AVOID,25,0.341,Fast Moving Consumer Goods
GODREJCP,SHORT,535,53.084,0.011,-0.053,-486.902,-0.561,GOLD,141,0.07,Fast Moving Consumer Goods
GODREJCP,LONG,535,44.486,-0.1,-0.037,0.0,-0.392,GOLD-baseline,103,0.201,Fast Moving Consumer Goods
GODREJPROP,SHORT,535,51.589,0.152,0.089,58.35,0.811,extended_move,33,0.585,Realty
GODREJPROP,LONG,535,47.103,-0.242,-0.178,0.0,-1.626,ENTERPRISE-Dryup,233,-0.107,Realty
GRASIM,SHORT,535,50.654,-0.031,-0.094,0.0,-1.347,ENTERPRISE-Dryup,227,-0.055,Construction Materials
GRASIM,LONG,535,46.355,-0.059,0.005,0.0,0.068,STANDARD,42,0.111,Construction Materials
GVT&D,SHORT,535,50.28,-0.072,-0.136,0.0,-0.966,STANDARD,131,0.268,Capital Goods
GVT&D,LONG,535,45.794,-0.017,0.046,0.0,0.33,gap,27,0.544,Capital Goods
HAL,SHORT,535,52.523,0.094,0.03,32.346,0.311,GOLD,148,0.081,Capital Goods
HAL,LONG,535,44.486,-0.183,-0.12,0.0,-1.229,extended_move,59,0.265,Capital Goods
HAVELLS,SHORT,534,52.06,0.047,-0.017,-35.536,-0.235,GOLD-baseline,84,0.314,Consumer Durables
HAVELLS,LONG,534,46.442,-0.137,-0.072,0.0,-1.011,ENTERPRISE-Dryup,248,0.046,Consumer Durables
HCLTECH,SHORT,535,50.841,-0.012,-0.076,0.0,-0.893,STANDARD,42,0.326,Information Technology
HCLTECH,LONG,535,45.421,-0.077,-0.014,0.0,-0.161,ENTERPRISE-Dryup,212,0.06,Information Technology
HDFCAMC,SHORT,535,49.346,-0.075,-0.138,0.0,-1.635,STANDARD,65,-0.053,Financial Services
HDFCAMC,LONG,535,47.664,-0.015,0.049,0.0,0.578,GOLD-baseline,83,0.293,Financial Services
HDFCBANK,SHORT,535,48.037,-0.097,-0.16,0.0,-2.396,STANDARD,32,0.374,Financial Services
HDFCBANK,LONG,535,48.224,0.007,0.071,954.25,1.059,GOLD,197,0.244,Financial Services
HDFCLIFE,SHORT,534,49.438,-0.081,-0.145,0.0,-1.849,STANDARD,44,0.147,Financial Services
HDFCLIFE,LONG,534,47.004,-0.009,0.056,0.0,0.71,ENTERPRISE-Dryup,245,0.219,Financial Services
HEROMOTOCO,SHORT,535,51.215,0.055,-0.008,-14.289,-0.096,extended_move,40,0.097,Automobile and Auto Components
HEROMOTOCO,LONG,535,45.234,-0.145,-0.081,0.0,-0.984,GOLD-baseline,83,0.056,Automobile and Auto Components
HINDALCO,SHORT,535,48.037,-0.044,-0.107,0.0,-1.347,STANDARD,65,0.085,Metals & Mining
HINDALCO,LONG,535,48.037,-0.045,0.018,0.0,0.226,GOLD-baseline,101,0.132,Metals & Mining
HINDPETRO,SHORT,535,51.215,0.039,-0.024,-62.523,-0.236,extended_move,38,0.08,Oil Gas & Consumable Fuels
HINDPETRO,LONG,535,46.542,-0.128,-0.065,0.0,-0.628,STANDARD,68,0.082,Oil Gas & Consumable Fuels
HINDUNILVR,SHORT,534,51.311,-0.016,-0.08,0.0,-0.934,GOLD-baseline,99,0.063,Fast Moving Consumer Goods
HINDUNILVR,LONG,534,45.506,-0.073,-0.009,0.0,-0.105,STANDARD,26,0.092,Fast Moving Consumer Goods
HINDZINC,SHORT,535,54.766,0.102,0.039,38.026,0.338,extended_move,69,0.252,Metals & Mining
HINDZINC,LONG,535,42.991,-0.192,-0.128,0.0,-1.115,GOLD-baseline,94,0.095,Metals & Mining
HYUNDAI,SHORT,422,46.682,-0.06,-0.116,0.0,-1.125,GOLD-baseline,81,0.157,Automobile and Auto Components
HYUNDAI,LONG,422,50.0,-0.03,0.027,0.0,0.258,STANDARD,52,0.273,Automobile and Auto Components
ICICIBANK,SHORT,535,48.785,-0.098,-0.162,0.0,-2.373,STANDARD,27,0.101,Financial Services
ICICIBANK,LONG,535,47.477,0.009,0.072,796.965,1.063,ENTERPRISE-Dryup,229,0.163,Financial Services
ICICIGI,SHORT,535,50.093,-0.019,-0.083,0.0,-1.018,STANDARD,35,0.014,Financial Services
ICICIGI,LONG,535,48.224,-0.07,-0.006,0.0,-0.079,ENTERPRISE-Dryup,240,0.015,Financial Services
ICICIPRULI,SHORT,535,51.028,0.018,-0.046,-256.017,-0.552,STANDARD,41,0.153,Financial Services
ICICIPRULI,LONG,535,45.047,-0.107,-0.044,0.0,-0.53,GOLD,165,0.034,Financial Services
IDEA,SHORT,535,55.14,0.169,0.105,62.43,0.624,STANDARD,75,0.834,Telecommunication
IDEA,LONG,535,43.178,-0.258,-0.195,0.0,-1.154,GOLD-baseline,82,0.275,Telecommunication
IDFCFIRSTB,SHORT,535,52.523,-0.054,-0.117,0.0,-1.392,ENTERPRISE-Dryup,251,-0.052,Financial Services
IDFCFIRSTB,LONG,535,45.794,-0.035,0.028,0.0,0.332,GOLD-baseline,60,0.356,Financial Services
IEX,SHORT,534,50.562,0.061,-0.003,-5.537,-0.029,extended_move,33,0.105,Financial Services
IEX,LONG,534,45.88,-0.15,-0.086,0.0,-0.751,ENTERPRISE-Dryup,269,-0.032,Financial Services
INDHOTEL,SHORT,535,46.729,-0.061,-0.124,0.0,-1.585,GOLD-baseline,83,-0.012,Consumer Services
INDHOTEL,LONG,535,50.467,-0.028,0.035,0.0,0.446,ENTERPRISE-Dryup,244,0.104,Consumer Services
INDIANB,SHORT,535,55.701,0.014,-0.049,-349.315,-0.49,GOLD-baseline,96,0.196,Financial Services
INDIANB,LONG,535,41.682,-0.103,-0.04,0.0,-0.398,ENTERPRISE-Dryup,232,0.084,Financial Services
INDIGO,SHORT,534,47.191,-0.081,-0.145,0.0,-1.864,extended_move,28,0.142,Services
INDIGO,LONG,534,49.625,-0.008,0.056,0.0,0.719,ENTERPRISE-Dryup,254,0.081,Services
INDUSINDBK,SHORT,535,49.72,-0.016,-0.079,0.0,-0.713,extended_move,23,0.278,Financial Services
INDUSINDBK,LONG,535,49.346,-0.074,-0.01,0.0,-0.093,ENTERPRISE-Dryup,241,0.061,Financial Services
INDUSTOWER,SHORT,535,52.523,0.092,0.029,31.113,0.308,STANDARD,70,0.498,Telecommunication
INDUSTOWER,LONG,535,45.421,-0.181,-0.118,0.0,-1.27,extended_move,31,0.191,Telecommunication
INFY,SHORT,535,53.645,0.003,-0.06,-1944.063,-0.725,GOLD-baseline,134,0.009,Information Technology
INFY,LONG,535,43.364,-0.092,-0.029,0.0,-0.349,ENTERPRISE-Dryup,198,0.073,Information Technology
INOXWIND,SHORT,535,57.009,0.248,0.185,74.429,1.368,STANDARD,79,0.548,Capital Goods
INOXWIND,LONG,535,41.121,-0.337,-0.274,0.0,-2.031,GOLD,112,-0.02,Capital Goods
IOC,SHORT,535,52.897,0.058,-0.005,-9.004,-0.075,STANDARD,47,0.035,Oil Gas & Consumable Fuels
IOC,LONG,535,44.486,-0.147,-0.084,0.0,-1.199,GOLD-baseline,82,0.024,Oil Gas & Consumable Fuels
IREDA,SHORT,534,57.303,0.157,0.093,59.14,0.777,ENTERPRISE-Dryup,273,0.142,Financial Services
IREDA,LONG,534,41.573,-0.247,-0.182,0.0,-1.524,GOLD,145,0.001,Financial Services
IRFC,SHORT,535,60.0,0.168,0.104,62.187,0.998,extended_move,28,0.48,Financial Services
IRFC,LONG,535,37.57,-0.257,-0.194,0.0,-1.854,GOLD-baseline,36,0.085,Financial Services
ITC,SHORT,534,53.184,0.032,-0.027,-84.637,-0.34,STANDARD,21,0.296,Fast Moving Consumer Goods
ITC,LONG,534,42.697,-0.121,-0.063,0.0,-0.796,GOLD-baseline,94,-0.008,Fast Moving Consumer Goods
JINDALSTEL,SHORT,535,50.28,0.016,-0.047,-295.185,-0.57,GOLD-baseline,85,0.024,Metals & Mining
JINDALSTEL,LONG,535,46.168,-0.105,-0.042,0.0,-0.505,ENTERPRISE-Dryup,232,-0.041,Metals & Mining
JIOFIN,SHORT,535,56.262,0.136,0.073,53.507,0.927,STANDARD,55,0.28,Financial Services
JIOFIN,LONG,535,41.682,-0.226,-0.162,0.0,-2.062,ENTERPRISE-Dryup,237,-0.112,Financial Services
JSWENERGY,SHORT,535,54.393,0.134,0.071,52.84,0.654,extended_move,33,0.41,Power
JSWENERGY,LONG,535,44.112,-0.224,-0.16,0.0,-1.477,STANDARD,71,0.138,Power
JSWSTEEL,SHORT,535,50.093,-0.043,-0.106,0.0,-1.473,STANDARD,56,0.188,Metals & Mining
JSWSTEEL,LONG,535,46.355,-0.047,0.017,0.0,0.232,ENTERPRISE-Dryup,226,0.079,Metals & Mining
JUBLFOOD,SHORT,535,52.15,0.023,-0.04,-175.657,-0.399,GOLD-baseline,73,0.144,Consumer Services
JUBLFOOD,LONG,535,44.486,-0.112,-0.049,0.0,-0.484,STANDARD,64,0.074,Consumer Services
KALYANKJIL,SHORT,535,53.458,0.068,0.004,6.296,0.029,GOLD-baseline,72,0.295,Consumer Durables
KALYANKJIL,LONG,535,44.86,-0.157,-0.094,0.0,-0.635,STANDARD,77,0.063,Consumer Durables
KAYNES,SHORT,535,54.579,0.198,0.135,68.027,0.808,GOLD-baseline,110,0.493,Capital Goods
KAYNES,LONG,535,43.738,-0.288,-0.224,0.0,-1.343,ENTERPRISE-Dryup,235,-0.005,Capital Goods
KEI,SHORT,534,51.311,0.002,-0.062,-2847.918,-0.548,GOLD-baseline,84,0.101,Capital Goods
KEI,LONG,534,46.816,-0.092,-0.027,0.0,-0.241,extended_move,46,0.166,Capital Goods
KFINTECH,SHORT,535,54.393,0.031,-0.033,-105.249,-0.221,GOLD-baseline,73,0.557,Financial Services
KFINTECH,LONG,535,44.299,-0.12,-0.057,0.0,-0.386,extended_move,92,0.184,Financial Services
KOTAKBANK,SHORT,534,47.94,-0.111,-0.175,0.0,-2.625,STANDARD,32,-0.044,Financial Services
KOTAKBANK,LONG,534,48.127,0.021,0.085,403.089,1.284,GOLD,179,0.127,Financial Services
KPITTECH,SHORT,535,54.953,0.168,0.105,62.354,0.896,STANDARD,67,0.392,Information Technology
KPITTECH,LONG,535,43.551,-0.258,-0.194,0.0,-1.658,extended_move,23,0.032,Information Technology
LAURUSLABS,SHORT,535,45.981,-0.165,-0.228,0.0,-2.16,ENTERPRISE-Dryup,251,-0.126,Healthcare
LAURUSLABS,LONG,535,52.523,0.075,0.139,184.176,1.314,extended_move,83,0.355,Healthcare
LICHSGFIN,SHORT,535,53.271,0.116,0.053,45.319,0.671,STANDARD,50,0.501,Financial Services
LICHSGFIN,LONG,535,43.178,-0.205,-0.142,0.0,-1.812,GOLD-baseline,71,-0.016,Financial Services
LICI,SHORT,535,51.776,0.093,0.03,31.874,0.394,STANDARD,37,0.084,Financial Services
LICI,LONG,535,45.234,-0.182,-0.119,0.0,-1.582,GOLD-baseline,64,0.058,Financial Services
LODHA,SHORT,535,50.841,0.093,0.03,32.166,0.243,GOLD-baseline,90,0.18,Realty
LODHA,LONG,535,47.103,-0.183,-0.119,0.0,-0.965,extended_move,58,0.132,Realty
LT,SHORT,535,52.15,0.012,-0.051,-413.991,-0.799,STANDARD,39,0.145,Construction
LT,LONG,535,44.486,-0.102,-0.038,0.0,-0.599,ENTERPRISE-Dryup,253,0.033,Construction
LTF,SHORT,535,48.411,-0.07,-0.133,0.0,-1.418,extended_move,49,0.244,Financial Services
LTF,LONG,535,49.346,-0.02,0.044,0.0,0.465,GOLD,111,0.228,Financial Services
LTM,SHORT,535,48.972,0.034,-0.029,-86.545,-0.322,STANDARD,58,0.2,Information Technology
LTM,LONG,535,48.598,-0.123,-0.06,0.0,-0.656,GOLD-baseline,69,0.037,Information Technology
LUPIN,SHORT,534,52.247,-0.003,-0.067,0.0,-0.794,GOLD-baseline,102,0.052,Healthcare
LUPIN,LONG,534,43.633,-0.086,-0.022,0.0,-0.259,extended_move,21,0.211,Healthcare
M&M,SHORT,535,49.907,-0.089,-0.152,0.0,-1.822,STANDARD,71,0.25,Automobile and Auto Components
M&M,LONG,535,47.664,-0.001,0.063,0.0,0.752,ENTERPRISE-Dryup,203,0.168,Automobile and Auto Components
MANAPPURAM,SHORT,535,50.28,-0.137,-0.201,0.0,-1.884,GOLD-baseline,65,-0.122,Financial Services
MANAPPURAM,LONG,535,46.355,0.048,0.111,232.025,1.046,GOLD,126,0.205,Financial Services
MANKIND,SHORT,535,55.514,0.125,0.062,49.256,0.558,STANDARD,70,0.227,Healthcare
MANKIND,LONG,535,41.682,-0.214,-0.151,0.0,-1.368,GOLD-baseline,85,0.079,Healthcare
MARICO,SHORT,535,48.224,-0.044,-0.108,0.0,-1.313,extended_move,20,0.251,Fast Moving Consumer Goods
MARICO,LONG,535,48.037,-0.045,0.018,0.0,0.224,GOLD-baseline,95,0.088,Fast Moving Consumer Goods
MARUTI,SHORT,535,51.215,0.001,-0.063,-11116.165,-0.845,GOLD-baseline,110,-0.002,Automobile and Auto Components
MARUTI,LONG,535,45.421,-0.09,-0.027,0.0,-0.357,STANDARD,23,0.212,Automobile and Auto Components
MAXHEALTH,SHORT,535,48.785,-0.128,-0.192,0.0,-1.639,extended_move,30,0.322,Healthcare
MAXHEALTH,LONG,535,49.346,0.039,0.102,262.487,0.875,ENTERPRISE-Dryup,200,0.18,Healthcare
MAZDOCK,SHORT,535,54.953,0.004,-0.059,-1435.082,-0.343,GOLD-baseline,46,0.024,Capital Goods
MAZDOCK,LONG,535,43.364,-0.093,-0.03,0.0,-0.174,extended_move,105,0.29,Capital Goods
MCX,SHORT,535,48.972,-0.109,-0.172,0.0,-1.432,GOLD,85,-0.04,Financial Services
MCX,LONG,535,49.72,0.019,0.083,428.268,0.688,STANDARD,109,0.208,Financial Services
MFSL,SHORT,535,47.664,-0.136,-0.199,0.0,-2.215,GOLD,131,-0.101,Financial Services
MFSL,LONG,535,49.346,0.046,0.11,237.462,1.22,GOLD-baseline,93,0.195,Financial Services
MOTHERSON,SHORT,535,50.467,-0.025,-0.088,0.0,-0.885,STANDARD,83,0.153,Automobile and Auto Components
MOTHERSON,LONG,535,47.664,-0.064,-0.001,0.0,-0.01,GOLD-baseline,69,0.193,Automobile and Auto Components
MOTILALOFS,SHORT,535,53.832,-0.015,-0.079,0.0,-0.585,GOLD-baseline,72,0.092,Financial Services
MOTILALOFS,LONG,535,45.047,-0.074,-0.011,0.0,-0.081,extended_move,88,0.237,Financial Services
MPHASIS,SHORT,535,51.589,0.058,-0.006,-9.898,-0.059,ENTERPRISE-Dryup,248,0.074,Information Technology
MPHASIS,LONG,535,45.794,-0.147,-0.084,0.0,-0.87,GOLD-baseline,70,0.052,Information Technology
MUTHOOTFIN,SHORT,535,48.037,-0.045,-0.108,0.0,-1.18,GOLD-baseline,122,-0.003,Financial Services
MUTHOOTFIN,LONG,535,48.785,-0.044,0.019,0.0,0.207,extended_move,34,0.173,Financial Services
NAM-INDIA,SHORT,535,53.084,-0.038,-0.101,0.0,-0.827,STANDARD,81,-0.001,Financial Services
NAM-INDIA,LONG,535,44.486,-0.051,0.012,0.0,0.098,GOLD,109,0.355,Financial Services
NATIONALUM,SHORT,535,48.972,-0.048,-0.111,0.0,-0.928,STANDARD,94,0.066,Metals & Mining
NATIONALUM,LONG,535,48.598,-0.041,0.022,0.0,0.184,GOLD-baseline,65,0.624,Metals & Mining
NAUKRI,SHORT,535,52.897,0.015,-0.048,-311.319,-0.475,STANDARD,71,0.239,Consumer Services
NAUKRI,LONG,535,44.86,-0.105,-0.041,0.0,-0.41,ENTERPRISE-Dryup,229,0.04,Consumer Services
NBCC,SHORT,535,55.701,0.09,0.027,29.846,0.226,STANDARD-weak,20,0.185,Construction
NBCC,LONG,535,42.804,-0.18,-0.116,0.0,-0.975,GOLD,129,-0.036,Construction
NESTLEIND,SHORT,535,50.841,-0.041,-0.104,0.0,-1.29,STANDARD,24,0.003,Fast Moving Consumer Goods
NESTLEIND,LONG,535,45.234,-0.049,0.015,0.0,0.182,GOLD-baseline,81,0.129,Fast Moving Consumer Goods
NHPC,SHORT,535,57.009,0.121,0.058,47.784,0.689,GOLD-baseline,43,0.133,Power
NHPC,LONG,535,39.813,-0.211,-0.147,0.0,-1.751,STANDARD,63,-0.071,Power
NMDC,SHORT,535,51.215,0.096,0.033,34.257,0.369,STANDARD,81,0.36,Metals & Mining
NMDC,LONG,535,46.168,-0.186,-0.122,0.0,-1.367,ENTERPRISE-Dryup,214,0.055,Metals & Mining
NTPC,SHORT,535,52.336,0.024,-0.039,-162.658,-0.539,GOLD-baseline,84,0.089,Power
NTPC,LONG,535,45.981,-0.113,-0.05,0.0,-0.688,GOLD,173,0.002,Power
NUVAMA,SHORT,535,53.645,-0.034,-0.097,0.0,-0.719,GOLD,104,0.33,Financial Services
NUVAMA,LONG,535,45.421,-0.055,0.008,0.0,0.059,STANDARD,84,0.249,Financial Services
NYKAA,SHORT,535,49.72,-0.055,-0.118,0.0,-1.122,STANDARD,66,0.036,Consumer Services
NYKAA,LONG,535,47.103,-0.035,0.029,0.0,0.271,GOLD-baseline,81,0.166,Consumer Services
OBEROIRLTY,SHORT,534,49.064,0.031,-0.034,-110.496,-0.367,GOLD-baseline,79,0.074,Realty
OBEROIRLTY,LONG,534,48.876,-0.12,-0.056,0.0,-0.606,STANDARD,71,0.149,Realty
OFSS,SHORT,535,55.888,0.06,-0.003,-5.137,-0.029,ENTERPRISE-Dryup,251,0.089,Information Technology
OFSS,LONG,535,41.682,-0.15,-0.086,0.0,-0.796,STANDARD,70,0.152,Information Technology
OIL,SHORT,535,52.336,0.118,0.054,46.185,0.443,GOLD-baseline,65,0.518,Oil Gas & Consumable Fuels
OIL,LONG,535,45.794,-0.207,-0.144,0.0,-1.17,GOLD,138,0.041,Oil Gas & Consumable Fuels
ONGC,SHORT,535,54.019,0.061,-0.003,-4.302,-0.031,STANDARD,43,0.092,Oil Gas & Consumable Fuels
ONGC,LONG,535,43.925,-0.15,-0.087,0.0,-1.029,GOLD,152,-0.053,Oil Gas & Consumable Fuels
PAGEIND,SHORT,535,51.963,0.006,-0.057,-920.007,-0.633,GOLD,150,0.047,Textiles
PAGEIND,LONG,535,45.234,-0.096,-0.032,0.0,-0.356,STANDARD,51,0.555,Textiles
PATANJALI,SHORT,534,56.18,0.179,0.114,64.045,1.212,GOLD-baseline,97,0.351,Fast Moving Consumer Goods
PATANJALI,LONG,534,41.199,-0.268,-0.204,0.0,-2.158,GOLD,130,-0.137,Fast Moving Consumer Goods
PAYTM,SHORT,535,50.841,-0.121,-0.185,0.0,-1.264,GOLD-baseline,53,0.179,Financial Services
PAYTM,LONG,535,47.29,0.032,0.095,298.88,0.653,STANDARD,105,0.259,Financial Services
PERSISTENT,SHORT,535,50.654,-0.045,-0.108,0.0,-0.974,GOLD,110,0.027,Information Technology
PERSISTENT,LONG,535,48.224,-0.045,0.019,0.0,0.168,GOLD-baseline,93,0.142,Information Technology
PETRONET,SHORT,535,51.028,-0.008,-0.072,0.0,-0.844,STANDARD,52,0.343,Oil Gas & Consumable Fuels
PETRONET,LONG,535,46.916,-0.081,-0.018,0.0,-0.208,GOLD,153,0.189,Oil Gas & Consumable Fuels
PFC,SHORT,535,52.15,0.092,0.028,30.931,0.299,GOLD,168,0.209,Financial Services
PFC,LONG,535,44.673,-0.181,-0.118,0.0,-1.241,extended_move,29,0.236,Financial Services
PGEL,SHORT,535,52.71,-0.01,-0.074,0.0,-0.41,STANDARD,96,0.27,Consumer Durables
PGEL,LONG,535,45.794,-0.079,-0.016,0.0,-0.088,extended_move,140,0.194,Consumer Durables
PHOENIXLTD,SHORT,535,49.159,-0.095,-0.158,0.0,-1.34,GOLD,140,0.064,Realty
PHOENIXLTD,LONG,535,49.907,0.006,0.069,1219.346,0.584,GOLD-baseline,79,0.301,Realty
PIDILITIND,SHORT,535,52.336,0.012,-0.051,-431.949,-0.708,STANDARD,31,-0.018,Chemicals
PIDILITIND,LONG,535,44.86,-0.101,-0.038,0.0,-0.521,GOLD-baseline,94,-0.02,Chemicals
PIIND,SHORT,535,49.159,-0.027,-0.09,0.0,-1.082,GOLD-baseline,79,0.181,Chemicals
PIIND,LONG,535,46.729,-0.063,0.001,0.0,0.007,GOLD,147,0.15,Chemicals
PNB,SHORT,535,52.336,0.108,0.044,41.138,0.582,GOLD-baseline,48,0.223,Financial Services
PNB,LONG,535,43.551,-0.197,-0.134,0.0,-1.755,GOLD,154,-0.068,Financial Services
PNBHOUSING,SHORT,535,51.215,0.014,-0.049,-350.395,-0.453,ENTERPRISE-Dryup,276,0.074,Financial Services
PNBHOUSING,LONG,535,45.981,-0.103,-0.04,0.0,-0.367,GOLD,89,0.215,Financial Services
POLICYBZR,SHORT,535,48.785,-0.084,-0.147,0.0,-1.103,extended_move,50,0.124,Financial Services
POLICYBZR,LONG,535,50.28,-0.005,0.058,0.0,0.435,GOLD-baseline,83,0.163,Financial Services
POLYCAB,SHORT,535,48.224,-0.006,-0.07,0.0,-0.76,GOLD,117,0.099,Capital Goods
POLYCAB,LONG,535,48.785,-0.083,-0.02,0.0,-0.212,GOLD-baseline,79,0.089,Capital Goods
POWERGRID,SHORT,535,49.346,-0.009,-0.073,0.0,-0.97,STANDARD,41,0.42,Power
POWERGRID,LONG,535,46.355,-0.08,-0.017,0.0,-0.224,GOLD,183,0.148,Power
POWERINDIA,SHORT,535,52.897,0.03,-0.033,-108.102,-0.209,GOLD,53,0.209,Capital Goods
POWERINDIA,LONG,535,45.981,-0.12,-0.056,0.0,-0.358,extended_move,146,0.129,Capital Goods
PREMIERENE,SHORT,456,54.825,0.102,0.03,29.818,0.192,GOLD,93,0.243,Capital Goods
PREMIERENE,LONG,456,44.079,-0.191,-0.12,0.0,-0.758,GOLD-baseline,64,0.262,Capital Goods
PRESTIGE,SHORT,534,52.247,0.03,-0.035,-117.588,-0.295,ENTERPRISE-Dryup,232,0.033,Realty
PRESTIGE,LONG,534,46.067,-0.119,-0.055,0.0,-0.464,GOLD-baseline,76,0.163,Realty
RADICO,SHORT,535,55.14,-0.021,-0.084,0.0,-0.684,extended_move,51,0.162,Fast Moving Consumer Goods
RADICO,LONG,535,41.495,-0.069,-0.005,0.0,-0.043,normal,479,0.024,Fast Moving Consumer Goods
RBLBANK,SHORT,535,52.523,-0.003,-0.066,0.0,-0.597,extended_move,45,0.19,Financial Services
RBLBANK,LONG,535,45.234,-0.087,-0.023,0.0,-0.21,GOLD-baseline,58,0.328,Financial Services
RECLTD,SHORT,535,53.458,0.152,0.089,58.381,0.912,ENTERPRISE-Dryup,237,0.139,Financial Services
RECLTD,LONG,535,43.551,-0.242,-0.178,0.0,-1.829,extended_move,38,0.136,Financial Services
RELIANCE,SHORT,535,50.467,-0.011,-0.074,0.0,-1.111,GOLD,175,-0.004,Oil Gas & Consumable Fuels
RELIANCE,LONG,535,45.607,-0.079,-0.015,0.0,-0.231,STANDARD,27,0.089,Oil Gas & Consumable Fuels
RVNL,SHORT,535,59.626,0.137,0.074,53.81,0.509,ENTERPRISE-Dryup,292,0.146,Construction
RVNL,LONG,535,38.692,-0.227,-0.163,0.0,-1.125,STANDARD,54,0.284,Construction
SAIL,SHORT,534,52.247,0.085,0.02,23.832,0.189,extended_move,32,0.555,Metals & Mining
SAIL,LONG,534,45.693,-0.174,-0.11,0.0,-1.026,GOLD-baseline,62,0.328,Metals & Mining
SAMMAANCAP,SHORT,535,57.196,0.211,0.148,69.98,1.035,ENTERPRISE-Dryup,229,0.385,Financial Services
SAMMAANCAP,LONG,535,41.682,-0.3,-0.237,0.0,-1.661,STANDARD,83,-0.086,Financial Services
SBICARD,SHORT,535,50.28,-0.037,-0.1,0.0,-1.184,GOLD-baseline,80,0.358,Financial Services
SBICARD,LONG,535,46.729,-0.052,0.011,0.0,0.13,GOLD,138,0.166,Financial Services
SBILIFE,SHORT,535,46.916,-0.098,-0.161,0.0,-2.128,GOLD,147,0.091,Financial Services
SBILIFE,LONG,535,49.159,0.009,0.072,828.069,0.95,ENTERPRISE-Dryup,244,0.203,Financial Services
SBIN,SHORT,535,49.907,0.015,-0.049,-329.977,-0.733,STANDARD,36,0.202,Financial Services
SBIN,LONG,535,47.29,-0.104,-0.041,0.0,-0.614,GOLD,152,0.05,Financial Services
SHREECEM,SHORT,535,54.393,0.039,-0.024,-62.208,-0.324,GOLD-baseline,98,0.061,Construction Materials
SHREECEM,LONG,535,43.364,-0.128,-0.065,0.0,-0.867,STANDARD,43,0.016,Construction Materials
SHRIRAMFIN,SHORT,535,49.159,-0.091,-0.155,0.0,-1.607,ENTERPRISE-Dryup,229,-0.074,Financial Services
SHRIRAMFIN,LONG,535,48.224,0.002,0.065,3552.924,0.678,GOLD-baseline,102,0.361,Financial Services
SIEMENS,SHORT,534,51.873,0.119,0.049,41.263,0.482,extended_move,51,0.388,Capital Goods
SIEMENS,LONG,534,45.693,-0.208,-0.138,0.0,-1.36,GOLD,132,-0.083,Capital Goods
SOLARINDS,SHORT,535,54.019,0.062,-0.001,-2.337,-0.012,GOLD-baseline,79,0.18,Chemicals
SOLARINDS,LONG,535,44.112,-0.151,-0.088,0.0,-0.721,extended_move,96,0.009,Chemicals
SONACOMS,SHORT,535,55.14,0.039,-0.025,-63.93,-0.238,STANDARD,55,0.272,Automobile and Auto Components
SONACOMS,LONG,535,43.551,-0.128,-0.065,0.0,-0.623,GOLD,132,0.135,Automobile and Auto Components
SRF,SHORT,535,51.402,-0.03,-0.093,0.0,-1.06,STANDARD,57,0.013,Chemicals
SRF,LONG,535,46.168,-0.06,0.004,0.0,0.043,GOLD,142,0.102,Chemicals
SUNPHARMA,SHORT,535,49.72,-0.045,-0.108,0.0,-1.519,STANDARD,24,0.46,Healthcare
SUNPHARMA,LONG,535,46.916,-0.044,0.019,0.0,0.265,ENTERPRISE-Dryup,236,0.079,Healthcare
SUPREMEIND,SHORT,535,53.645,0.099,0.036,35.938,0.33,ENTERPRISE-Dryup,242,0.148,Capital Goods
SUPREMEIND,LONG,535,44.299,-0.188,-0.125,0.0,-1.158,STANDARD,68,0.271,Capital Goods
SUZLON,SHORT,535,58.879,0.221,0.157,71.251,1.332,GOLD,132,0.314,Capital Goods
SUZLON,LONG,535,38.692,-0.31,-0.246,0.0,-2.089,ENTERPRISE-Dryup,218,-0.092,Capital Goods
SWIGGY,SHORT,407,54.3,0.145,0.098,67.552,0.634,GOLD-baseline,53,0.371,Consumer Services
SWIGGY,LONG,407,42.998,-0.234,-0.187,0.0,-1.215,STANDARD,67,0.071,Consumer Services
TATACONSUM,SHORT,535,50.654,-0.042,-0.105,0.0,-1.22,STANDARD,30,0.365,Fast Moving Consumer Goods
TATACONSUM,LONG,535,46.916,-0.048,0.016,0.0,0.184,GOLD,148,0.156,Fast Moving Consumer Goods
TATAELXSI,SHORT,535,56.449,0.153,0.089,58.533,0.846,STANDARD,40,0.228,Information Technology
TATAELXSI,LONG,535,41.121,-0.242,-0.179,0.0,-1.691,GOLD-baseline,87,-0.132,Information Technology
TATAPOWER,SHORT,535,51.589,0.064,0.0,0.652,0.006,GOLD-baseline,49,0.178,Power
TATAPOWER,LONG,535,45.234,-0.153,-0.09,0.0,-1.374,STANDARD,43,0.02,Power
TATASTEEL,SHORT,535,51.215,0.015,-0.048,-320.51,-0.654,STANDARD,53,0.179,Metals & Mining
TATASTEEL,LONG,535,46.729,-0.104,-0.041,0.0,-0.555,GOLD,145,0.163,Metals & Mining
TCS,SHORT,535,53.832,0.063,-0.001,-0.902,-0.007,ENTERPRISE-Dryup,227,0.059,Information Technology
TCS,LONG,535,42.43,-0.152,-0.089,0.0,-1.074,GOLD,162,0.061,Information Technology
TECHM,SHORT,535,49.159,-0.052,-0.116,0.0,-1.242,STANDARD,52,0.089,Information Technology
TECHM,LONG,535,48.037,-0.037,0.026,0.0,0.282,GOLD-baseline,96,0.163,Information Technology
TIINDIA,SHORT,534,53.371,0.07,0.006,8.77,0.05,extended_move,27,0.196,Automobile and Auto Components
TIINDIA,LONG,534,44.007,-0.16,-0.096,0.0,-0.781,GOLD-baseline,81,0.124,Automobile and Auto Components
TITAN,SHORT,535,46.729,-0.125,-0.189,0.0,-2.399,GOLD,121,-0.174,Consumer Durables
TITAN,LONG,535,49.72,0.036,0.099,275.72,1.264,ENTERPRISE-Dryup,276,0.123,Consumer Durables
TMPV,SHORT,534,56.367,0.107,0.046,42.584,0.554,GOLD-baseline,67,0.192,Automobile and Auto Components
TMPV,LONG,534,40.824,-0.197,-0.135,0.0,-1.637,STANDARD,54,-0.068,Automobile and Auto Components
TORNTPHARM,SHORT,535,49.346,-0.065,-0.128,0.0,-1.517,STANDARD,45,0.092,Healthcare
TORNTPHARM,LONG,535,46.355,-0.024,0.039,0.0,0.462,ENTERPRISE-Dryup,256,0.144,Healthcare
TRENT,SHORT,535,54.206,0.063,-0.0,-0.717,-0.004,GOLD-baseline,91,0.246,Consumer Services
TRENT,LONG,535,43.925,-0.152,-0.089,0.0,-0.798,STANDARD,73,0.001,Consumer Services
TVSMOTOR,SHORT,535,50.654,-0.045,-0.108,0.0,-1.361,STANDARD,70,0.018,Automobile and Auto Components
TVSMOTOR,LONG,535,46.542,-0.044,0.019,0.0,0.239,GOLD,117,0.105,Automobile and Auto Components
ULTRACEMCO,SHORT,535,47.664,-0.049,-0.112,0.0,-1.676,GOLD-baseline,90,0.102,Construction Materials
ULTRACEMCO,LONG,535,48.224,-0.041,0.023,0.0,0.341,STANDARD,36,0.285,Construction Materials
UNIONBANK,SHORT,535,53.832,0.051,-0.012,-23.488,-0.126,extended_move,20,0.273,Financial Services
UNIONBANK,LONG,535,44.299,-0.141,-0.077,0.0,-0.811,GOLD,122,0.075,Financial Services
UNITDSPR,SHORT,535,52.71,0.014,-0.049,-349.125,-0.578,STANDARD,41,0.045,Fast Moving Consumer Goods
UNITDSPR,LONG,535,45.981,-0.103,-0.04,0.0,-0.47,GOLD-baseline,101,0.065,Fast Moving Consumer Goods
UNOMINDA,SHORT,535,51.589,-0.044,-0.108,0.0,-0.86,GOLD-baseline,109,0.301,Automobile and Auto Components
UNOMINDA,LONG,535,46.355,-0.045,0.018,0.0,0.146,GOLD,117,0.304,Automobile and Auto Components
UPL,SHORT,535,52.523,0.037,-0.026,-70.992,-0.299,STANDARD,56,0.017,Chemicals
UPL,LONG,535,43.925,-0.126,-0.063,0.0,-0.716,GOLD,113,-0.01,Chemicals
VBL,SHORT,535,55.888,0.06,-0.004,-6.114,-0.035,GOLD-baseline,95,0.073,Fast Moving Consumer Goods
VBL,LONG,535,41.308,-0.149,-0.086,0.0,-0.826,STANDARD,69,0.056,Fast Moving Consumer Goods
VEDL,SHORT,534,50.562,0.006,-0.057,-934.867,-0.6,extended_move,45,0.236,Metals & Mining
VEDL,LONG,534,46.442,-0.095,-0.032,0.0,-0.34,GOLD-baseline,118,0.153,Metals & Mining
VMM,SHORT,384,53.385,0.004,-0.049,-1170.116,-0.416,GOLD-baseline,44,0.089,Consumer Services
VMM,LONG,384,45.052,-0.094,-0.041,0.0,-0.347,GOLD,87,0.107,Consumer Services
VOLTAS,SHORT,535,48.972,-0.016,-0.079,0.0,-0.778,extended_move,28,0.105,Consumer Durables
VOLTAS,LONG,535,48.598,-0.074,-0.01,0.0,-0.103,GOLD,128,0.092,Consumer Durables
WAAREEENER,SHORT,418,55.263,0.106,0.052,49.045,0.336,GOLD-baseline,55,0.663,Capital Goods
WAAREEENER,LONG,418,42.344,-0.196,-0.142,0.0,-0.91,STANDARD,55,0.727,Capital Goods
WIPRO,SHORT,535,54.019,0.067,0.003,4.927,0.041,STANDARD,43,0.19,Information Technology
WIPRO,LONG,535,43.551,-0.156,-0.093,0.0,-1.153,GOLD,152,0.016,Information Technology
YESBANK,SHORT,535,55.327,0.085,0.022,25.426,0.236,extended_move,26,0.427,Financial Services
YESBANK,LONG,535,42.991,-0.174,-0.111,0.0,-1.211,GOLD,149,0.107,Financial Services
ZYDUSLIFE,SHORT,535,53.645,0.071,0.007,10.122,0.092,STANDARD,42,0.375,Healthcare
ZYDUSLIFE,LONG,535,42.43,-0.16,-0.096,0.0,-1.245,ENTERPRISE-Dryup,250,0.011,Healthcare
