rule_id,feature,direction,threshold,selected_n,fired_n,label_precision,label_lift,outcome_mean_5x,outcome_win,score
R0376,teacher_selected__pct,hi,0.95,474,474,1.0,58.79324894514768,13.396314679257529,70.042194092827,6784.258786135128
R0375,teacher_selected__pct,hi,0.9,474,474,1.0,58.79324894514768,13.396314679257529,70.042194092827,6784.258786135128
R0374,teacher_selected__pct,hi,0.8,474,474,1.0,58.79324894514768,13.396314679257529,70.042194092827,6784.258786135128
R0373,teacher_selected__pct,hi,0.7,474,474,1.0,58.79324894514768,13.396314679257529,70.042194092827,6784.258786135128
R0129,down_day_streak__pct,lo,0.1,27,552,0.04891304347826087,2.8757567418822236,4.596159152086417,63.58695652173913,38.124116176244364
R0062,ret5_pct__pct,hi,0.95,94,1416,0.06638418079096045,3.9029416672626285,1.0027561148543351,49.152542372881356,15.630510062011933
R0054,ret3_pct__pct,hi,0.95,104,1416,0.07344632768361582,4.318148227609717,0.5909688762861071,49.36440677966102,12.059290987275373
R0070,ret10_pct__pct,hi,0.95,72,1416,0.05084745762711865,2.989487234499035,0.9286732483349828,48.728813559322035,9.389209344029188
R0053,ret3_pct__pct,hi,0.9,145,2832,0.05120056497175141,3.0102475625163887,0.6059380604410464,49.22316384180791,7.948670322209572
R0061,ret5_pct__pct,hi,0.9,133,2832,0.04696327683615819,2.761123626308136,0.6527164435106847,49.43502824858757,7.272166932467573
R0107,ret_std_20d__pct,hi,0.8,173,5605,0.030865298840321142,1.814671198485379,1.4450969470168085,50.61552185548618,6.99935073981866
R0108,ret_std_20d__pct,hi,0.9,98,2832,0.0346045197740113,2.034512145700732,1.2467555363082945,49.82344632768362,6.853167558988154
R0106,ret_std_20d__pct,hi,0.7,247,8378,0.02948197660539508,1.733341189956013,1.4537704372013556,50.728097397947,6.783934390729778
R0046,ret2_pct__pct,hi,0.95,81,1416,0.057203389830508475,3.3631731388114137,0.46495611914700763,48.728813559322035,6.748694111286904
R0372,hour_red_streak__pct,lo,0.1,11,349,0.03151862464183381,1.8530823449760012,2.311435855661833,55.30085959885387,5.888233183614029
R0128,down_day_streak__pct,lo,0.2,53,1745,0.03037249283667622,1.7856975324314195,1.4057145321688538,53.35243553008596,5.369950369238143
R0052,ret3_pct__pct,hi,0.8,196,5605,0.03496877787689563,2.0559280630238974,0.752832396694746,49.652096342551296,5.278563983857074
R0188,first15_ret_pct__pct,lo,0.05,48,1357,0.03537214443625645,2.079643293564546,0.996167749132026,50.25792188651437,5.051957423071024
R0187,first15_ret_pct__pct,lo,0.1,81,2775,0.02918918918918919,1.7161272665070133,1.2777455764493268,51.0990990990991,4.765939217298103
R0068,ret10_pct__pct,hi,0.8,167,5605,0.029794826048171276,1.7517346251275046,0.9909430284487326,50.31222123104371,4.61599251632242
R0051,ret3_pct__pct,hi,0.7,238,8378,0.02840773454285032,1.67018300894547,0.9004619808802503,50.45356887085223,4.075590536233725
R0045,ret2_pct__pct,hi,0.9,120,2832,0.0423728813559322,2.4912393620825286,0.3695775139533337,48.87005649717514,3.9813764040864648
R0136,day_volume_1m__pct,lo,0.1,77,2773,0.027767760548142804,1.6325568585562102,1.2122499659958574,51.02776776054815,3.971972595531666
R0069,ret10_pct__pct,hi,0.9,103,2832,0.03637005649717514,2.1383137857875036,0.5728003737641025,48.44632768361582,3.9586667408158456
R0006,volume__pct,lo,0.1,76,2726,0.027879677182685254,1.6391368011119676,1.1640934680706454,50.660308143800435,3.837126701623168
R0304,last60_ret_pct__pct,lo,0.05,47,1357,0.034635224760501106,2.0363173916152846,0.7621906509477824,47.67870302137067,3.680900437102628
R0060,ret5_pct__pct,hi,0.8,184,5605,0.03282783229259589,1.9300549163081484,0.569149279631457,49.04549509366637,3.663097302933795
R0067,ret10_pct__pct,hi,0.7,216,8378,0.02578180950107424,1.5157963442530316,1.0640188951245129,50.94294581045595,3.5737145941180626
R0078,ret20_pct__pct,hi,0.95,48,1416,0.03389830508474576,1.992991489666023,0.7458959128464672,48.44632768361582,3.5418691461401393
R0179,close_vs_vwap_pct__pct,lo,0.1,83,2773,0.02993148214929679,1.75976908130085,0.8044162949703781,50.054093040028846,3.384922671138738
R0319,last60_volume__pct,lo,0.1,74,2773,0.026685899747565814,1.5689507471838904,1.1407907086137503,50.48683736025965,3.325638017190496
R0028,day_range_pct__pct,hi,0.7,224,8380,0.02673031026252983,1.5715617856459523,0.8951367880715987,48.782816229116946,3.307616298134304
R0159,intra_range_pct__pct,hi,0.7,224,8380,0.02673031026252983,1.5715617856459523,0.8845379169205869,48.72315035799522,3.2715984069525215
R0320,last60_volume__pct,lo,0.05,44,1357,0.032424465733235076,1.9063396857675001,0.7565612824034377,49.37361827560796,3.25891564096574
R0232,first60_ret_pct__pct,lo,0.05,43,1357,0.03168754605747973,1.8630137838182388,0.8190475804326423,48.48931466470155,3.2274619263167486
R0137,day_volume_1m__pct,lo,0.05,43,1357,0.03168754605747973,1.8630137838182388,0.7893569807318261,49.74207811348563,3.2143825901699774
R0007,volume__pct,lo,0.05,44,1334,0.03298350824587706,1.9392076113841814,0.6893572522772122,49.32533733133433,3.1367671901080665
R0210,first30_ret_pct__pct,lo,0.05,46,1357,0.03389830508474576,1.992991489666023,0.6273067032205786,48.784082535003684,3.086011828045455
R0044,ret2_pct__pct,hi,0.8,176,5605,0.03140053523639608,1.8461394851643163,0.5054396875515872,48.974130240856375,3.0262542294201014
R0231,first60_ret_pct__pct,lo,0.1,73,2773,0.026325279480706815,1.5477487100597838,1.0419241664015537,50.919581680490445,2.9817422225978922
R0251,last15_ret_pct__pct,hi,0.9,67,2832,0.02365819209039548,1.3909419771627451,1.5194467698584235,51.80084745762712,2.938526999543691
R0252,last15_ret_pct__pct,hi,0.95,36,1416,0.025423728813559324,1.4947436172495174,1.3499238488430232,52.40112994350282,2.901875822791249
R0271,last15_volume__pct,lo,0.1,70,2773,0.025243418680129824,1.484142598687464,1.1824314532253815,50.847457627118644,2.9013415720934965
R0109,ret_std_20d__pct,hi,0.95,42,1416,0.029661016949152543,1.7438675534577701,0.8437594609464527,49.152542372881356,2.870770425821603
R0077,ret20_pct__pct,hi,0.9,74,2832,0.026129943502824857,1.536264273284226,1.044971195052006,48.87005649717514,2.8173587730700875
R0295,last30_volume__pct,lo,0.1,69,2773,0.024882798413270825,1.4629405615633573,1.2028544509241839,51.02776776054815,2.8158502231950773
R0160,intra_range_pct__pct,hi,0.8,154,5605,0.027475468331846567,1.6153720495187767,0.7371072704835168,48.24264049955397,2.8061683161772364
R0247,first60_volume__pct,lo,0.1,71,2773,0.02560403894698882,1.5053446358115705,1.059193567415527,50.45077533357375,2.7458913128628484
R0027,open_gap_pct__pct,lo,0.05,39,1357,0.028739867354458364,1.6897101760211934,0.8240357198988072,50.1105379513633,2.611170698352227
R0059,ret5_pct__pct,hi,0.7,216,8378,0.02578180950107424,1.5157963442530316,0.7345197216849283,49.8687037479112,2.5864184852322487
R0296,last30_volume__pct,lo,0.05,41,1358,0.030191458026509573,1.7750539077695544,0.70786103379531,48.52724594992636,2.5525122627048593
R0029,day_range_pct__pct,hi,0.8,152,5605,0.02711864406779661,1.5943931917328185,0.6839953307374385,48.13559322033898,2.544637455092892
R0157,intra_ret_pct__pct,lo,0.1,65,2772,0.023448773448773448,1.3786295748321065,1.3196279316227535,51.19047619047619,2.4680229958123245
R0186,first15_ret_pct__pct,lo,0.2,122,5546,0.021997836278398845,1.2933242645705043,1.4778801386620484,51.71294626758024,2.449517000827124
R0226,first30_volume__pct,lo,0.05,40,1357,0.029476787030213707,1.7330360779704548,0.6989997337978174,49.963154016212236,2.4454377456135163
R0272,last15_volume__pct,lo,0.05,41,1357,0.03021370670596905,1.7763619799197161,0.6587342563645983,48.784082535003684,2.4312638615104865
R0120,up_day_streak__pct,hi,0.9,90,2372,0.03794266441821248,2.230772514782163,0.26734125494869077,46.838111298482296,2.4305277306751885
R0324,last60_vol_pct__pct,lo,0.3,188,8321,0.022593438288667226,1.3283416418324436,1.1877711413653071,50.83523614950126,2.428369196029153
R0043,ret2_pct__pct,hi,0.7,220,8378,0.026259250417760803,1.543866646924384,0.635750270125818,49.21222248746718,2.415004233247414
R0178,close_vs_vwap_pct__pct,lo,0.2,133,5546,0.02398124774612333,1.4099354687530907,0.9945809859020561,50.12621709340065,2.404532195549595
R0156,intra_ret_pct__pct,lo,0.2,121,5546,0.021817526144969346,1.282723246008451,1.494739143876141,51.83916336098089,2.3864770359597425
R0209,first30_ret_pct__pct,lo,0.1,71,2773,0.02560403894698882,1.5053446358115705,0.8784465657287628,51.06382978723404,2.3803182004520695
R0326,last60_vol_pct__pct,lo,0.1,71,2773,0.02560403894698882,1.5053446358115705,0.9093404687561067,49.58528669311215,2.3776103723818007
R0177,close_vs_vwap_pct__pct,lo,0.3,188,8321,0.022593438288667226,1.3283416418324436,1.144079219029061,50.70304049993991,2.345799490106823
R0030,day_range_pct__pct,hi,0.9,79,2832,0.0278954802259887,1.640065913370998,0.651367684742088,48.26977401129944,2.305271787838954
R0203,first15_volume__pct,lo,0.05,39,1357,0.028739867354458364,1.6897101760211934,0.7018111134988877,50.03684598378777,2.2961306851999668
R0208,first30_ret_pct__pct,lo,0.2,124,5546,0.022358456545257845,1.314526301694611,1.2827974164729725,50.558961413631444,2.2769967513296
R0180,close_vs_vwap_pct__pct,lo,0.05,56,1357,0.04126750184229919,2.4262505091586366,0.20018666987849199,48.341930729550484,2.2311135130159108
R0277,last30_ret_pct__pct,lo,0.3,193,8322,0.0231915404950733,1.363506013748318,0.9730441030846323,49.54337899543379,2.2257461586537794
R0202,first15_volume__pct,lo,0.1,66,2773,0.023800937612693834,1.3993344501910374,1.0834965407140664,51.46051208077894,2.218042340613104
R0294,last30_volume__pct,lo,0.2,123,5546,0.022178146411828345,1.3039252831325576,1.2572920881530654,50.88351965380454,2.1726660800083217
R0318,last60_volume__pct,lo,0.2,124,5545,0.02236248872858431,1.3147633668527163,1.2015594914742511,50.64021641118125,2.1573308290555744
R0011,prev_close__pct,hi,0.95,39,1416,0.02754237288135593,1.6193055853536436,0.7301450785332327,50.494350282485875,2.1459664945815353
R0278,last30_ret_pct__pct,lo,0.2,130,5546,0.023440317345834835,1.3781324130669308,0.9779842757755534,49.152542372881356,2.134772402905598
R0158,intra_ret_pct__pct,lo,0.05,35,1357,0.025792188651436992,1.5164065682241479,0.9140291089727705,51.06853352984525,2.105626719340131
R0248,first60_volume__pct,lo,0.05,41,1357,0.03021370670596905,1.7763619799197161,0.534069769768486,49.152542372881356,2.0940087433061847
R0302,last60_ret_pct__pct,lo,0.2,128,5544,0.023088023088023088,1.3574198890654587,1.00129419283252,49.87373737373738,2.0813710434349915
R0325,last60_vol_pct__pct,lo,0.2,126,5546,0.02271907681211684,1.3357283388187176,1.0665596779288895,50.46880634691669,2.0791584892838566
R0303,last60_ret_pct__pct,lo,0.1,69,2769,0.024918743228602384,1.465053874039433,0.865204428743903,48.573492235464066,2.0445639096294252
R0161,intra_range_pct__pct,hi,0.9,80,2832,0.02824858757062147,1.6608262413883526,0.5214773611031884,47.84604519774011,2.0048896522789605
R0250,last15_ret_pct__pct,hi,0.8,117,5599,0.020896588676549383,1.228578340164722,1.5358416461613844,51.83068405072334,1.9621979711518138
R0230,first60_ret_pct__pct,lo,0.2,121,5543,0.021829334295507846,1.2834174855426428,1.216093148833666,50.55024355042396,1.9492907035381055
R0225,first30_volume__pct,lo,0.1,65,2773,0.023440317345834835,1.3781324130669308,0.983025999302432,50.48683736025965,1.8924507783974305
R0145,green_ratio_day__pct,lo,0.05,34,1371,0.024799416484318017,1.4580382670569083,0.9493805987366412,49.59883296863603,1.8567319140458602
R0041,daily_close_loc__pct,lo,0.1,62,2773,0.022358456545257845,1.314526301694611,1.1357899820129453,52.97511720158673,1.8442769068093483
R0010,prev_close__pct,hi,0.9,66,2832,0.023305084745762712,1.3701816491453909,0.9268064317564594,51.41242937853108,1.8034187358765197
R0270,last15_volume__pct,lo,0.2,121,5546,0.021817526144969346,1.282723246008451,1.1107474164629378,50.631085467003246,1.8027382098751485
R0015,prev_close__pct,lo,0.05,33,1357,0.02431834929992631,1.4297547643256252,1.0028215676644565,48.26823876197495,1.759705802253573
R0042,daily_close_loc__pct,lo,0.05,31,1357,0.022844509948415623,1.3431029604271025,1.1745867621041528,53.426676492262345,1.7465468605798369
R0090,vol_ratio_5d__pct,lo,0.05,32,1334,0.0239880059970015,1.4103328082794044,0.997898577405388,50.524737631184415,1.7367000870118163
R0144,green_ratio_day__pct,lo,0.1,62,2751,0.022537259178480554,1.3250386894217216,1.0800192573957792,49.909123954925484,1.7206421605548732
R0244,first60_volume__pct,hi,0.95,36,1416,0.025423728813559324,1.4947436172495174,0.7551038178117258,49.717514124293785,1.6966325637060569
R0018,daily_ret_pct__pct,lo,0.1,60,2764,0.02170767004341534,1.2762644488816428,1.2089313350182884,51.266280752532566,1.6406305259908995
R0207,first30_ret_pct__pct,lo,0.3,169,8321,0.020310058887152985,1.1940943482429944,1.403129093951588,51.195769739214036,1.6362642015525086
R0279,last30_ret_pct__pct,lo,0.1,72,2773,0.02596465921384782,1.5265466729356771,0.5570775493203828,47.133068878470965,1.6122662210681817
R0019,daily_ret_pct__pct,lo,0.05,34,1357,0.025055268975681652,1.4730806662748865,0.7399281771122923,50.847457627118644,1.6077230240302498
R0089,vol_ratio_5d__pct,lo,0.1,60,2726,0.022010271460014674,1.2940553692989218,1.1003085811968227,50.44020542920029,1.5856836057595451
R0040,daily_close_loc__pct,lo,0.2,114,5522,0.02064469395146686,1.2137686308849756,1.2623736253364688,52.734516479536396,1.5644341591404634
R0222,first30_volume__pct,hi,0.95,36,1416,0.025423728813559324,1.4947436172495174,0.6634213621246666,48.87005649717514,1.5076253868711205
R0301,last60_ret_pct__pct,lo,0.3,175,8320,0.021033653846153848,1.236636846802986,1.0090190890280124,50.13221153846153,1.483179058769806
R0152,red_ratio_day__pct,lo,0.1,60,2752,0.02180232558139535,1.2818295554901384,1.088425175887261,49.309593023255815,1.4721135261129015
R0135,day_volume_1m__pct,lo,0.2,116,5546,0.020915975477821855,1.2297181531981844,1.110500861223834,50.93761269383339,1.4605164842720608
R0153,red_ratio_day__pct,lo,0.05,33,1370,0.02408759124087591,1.4161877483137761,0.8164040244615897,48.9051094890511,1.4590380225030561
R0023,open_gap_pct__pct,hi,0.95,37,1413,0.026185421089879687,1.5395259808708166,0.5742696680064056,47.416843595187544,1.4410549262859946
R0356,max_red_streak_1m__pct,lo,0.05,24,1084,0.02214022140221402,1.3016955486010555,1.241516372202162,50.92250922509225,1.42571426850286
R0260,last15_green_ratio__pct,hi,0.95,27,1223,0.022076860179885527,1.2979703364832276,1.1782105356286663,51.02207686017989,1.3963952829415567
R0005,volume__pct,lo,0.2,116,5588,0.020758768790264854,1.2204754612808038,1.1033761230817825,50.87687902648532,1.392469631009414
R0017,daily_ret_pct__pct,lo,0.2,110,5490,0.020036429872495445,1.1780068094656182,1.3740844335000104,51.584699453551906,1.3614231360150064
R0280,last30_ret_pct__pct,lo,0.05,40,1357,0.029476787030213707,1.7330360779704548,0.3370429597005762,46.35224760501105,1.3552737522562424
R0269,last15_volume__pct,lo,0.3,169,8321,0.020310058887152985,1.1940943482429944,1.096779975782197,50.306453551255856,1.300591327347021
R0199,first15_volume__pct,hi,0.95,36,1416,0.025423728813559324,1.4947436172495174,0.5329099474892696,49.0819209039548,1.285286597326052
R0081,ret20_pct__pct,lo,0.1,57,2773,0.020555355210962856,1.2085161160740778,1.2899547060505903,50.37865128020195,1.271050028832545
R0367,hour_red_streak__pct,hi,0.8,104,5107,0.020364205991775994,1.197277832444754,1.1428191586353154,51.45878206383395,1.2688433097201335
R0317,last60_volume__pct,lo,0.3,166,8321,0.01994952529744021,1.1728974071499236,1.195316671239211,50.5588270640548,1.24849844512217
R0076,ret20_pct__pct,hi,0.8,118,5605,0.021052631578947368,1.23775260937153,0.8876652529874264,49.00981266726138,1.211384012648672
R0255,last15_ret_pct__pct,lo,0.1,63,2773,0.02271907681211684,1.3357283388187176,0.7080441314668605,47.56581319870177,1.2061368621292274
R0134,day_volume_1m__pct,lo,0.3,165,8321,0.01982934743420262,1.1658317601188999,1.1976691873094993,50.57084485037856,1.198373270844756
R0293,last30_volume__pct,lo,0.3,164,8321,0.019709169570965027,1.1587661130878764,1.2112396669313104,50.70304049993991,1.160108901890665
R0216,first30_green_ratio__pct,lo,0.2,112,5614,0.0199501246882793,1.1729326472847417,1.1769377712583238,51.30032062700391,1.15494847590113
R0143,green_ratio_day__pct,lo,0.2,111,5536,0.02005057803468208,1.1788386258871735,1.1361684435418111,50.83092485549133,1.146263326562946
R0026,open_gap_pct__pct,lo,0.1,59,2762,0.021361332367849383,1.2559021317030097,0.8724261673817246,50.57929036929762,1.13665435875354
R0217,first30_green_ratio__pct,lo,0.1,53,2625,0.02019047619047619,1.1870636929877436,1.2684014486846424,51.771428571428565,1.1345320061847977
R0004,volume__pct,lo,0.3,164,8321,0.019709169570965027,1.1587661130878764,1.1841296155685224,50.52277370508352,1.1337777434587584
R0249,last15_ret_pct__pct,hi,0.7,161,8382,0.01920782629444047,1.129290513024192,1.4406958235736493,51.86113099498926,1.1193846740173659
R0275,last30_ret_pct__pct,hi,0.9,61,2832,0.02153954802259887,1.2663800090586188,0.8189188957965773,49.22316384180791,1.1027812574759581
R0022,open_gap_pct__pct,hi,0.9,62,2832,0.021892655367231638,1.287140337075973,0.7480400187334871,48.516949152542374,1.09439326411104
R0155,intra_ret_pct__pct,lo,0.3,158,8319,0.0189926673879072,1.1166406218696157,1.530574697467781,52.326000721240526,1.0707838149049271
R0246,first60_volume__pct,lo,0.2,110,5547,0.019830539030106363,1.1659018179135108,1.1305596840696652,51.43320713899405,1.0693914139739922
R0229,first60_ret_pct__pct,lo,0.3,160,8321,0.01922845811801466,1.1305035249637818,1.3494042752897477,51.520249969955536,1.058714121288375
R0183,first15_ret_pct__pct,hi,0.9,73,2832,0.02577683615819209,1.5155039452668715,0.28963285986549087,48.37570621468927,1.0510870713202995
R0201,first15_volume__pct,lo,0.2,109,5546,0.01965380454381536,1.155511023263811,1.2012069072372957,51.24413992066354,1.0497355267408126
R0237,first60_green_ratio__pct,lo,0.3,159,8257,0.019256388518832504,1.132145643972203,1.2795590397840715,51.65314278793751,1.025091939640647
R0088,vol_ratio_5d__pct,lo,0.2,111,5588,0.019863994273443094,1.1678687603635276,1.0663822148640056,50.6084466714388,1.0152933575231406
R0031,day_range_pct__pct,hi,0.95,35,1416,0.024717514124293787,1.4532229612148084,0.45078615385441867,47.66949152542373,1.0076980715711141
R0292,last30_volume__pct,hi,0.95,31,1416,0.021892655367231638,1.287140337075973,0.8128371119820043,49.929378531073446,1.0065038340386245
R0185,first15_ret_pct__pct,lo,0.3,158,8322,0.018985820716173996,1.1162380837939596,1.401883622126519,51.393895698149485,0.9701413617681138
R0016,daily_ret_pct__pct,lo,0.3,152,8353,0.018197054950317253,1.0698639817625342,1.603762770923767,52.52005267568538,0.9531041522195839
R0014,prev_close__pct,lo,0.1,55,2773,0.01983411467724486,1.1661120418258646,1.191970115869308,49.76559682654165,0.9263904530759494
R0133,day_volume_1m__pct,hi,0.95,31,1416,0.021892655367231638,1.287140337075973,0.7307412684417719,49.505649717514125,0.9170719332766293
R0142,green_ratio_day__pct,lo,0.3,158,8313,0.01900637555635751,1.117446569629897,1.2923894971809504,51.37736076025502,0.9129319167034179
R0162,intra_range_pct__pct,hi,0.95,34,1416,0.02401129943502825,1.4117023051800996,0.4441585485342164,47.81073446327684,0.9015993875251254
R0192,first15_green_ratio__pct,lo,0.3,161,8419,0.019123411331512057,1.1243274830940464,1.1934783086591192,50.81363582373204,0.8957571155793442
R0003,volume__pct,hi,0.95,31,1416,0.021892655367231638,1.287140337075973,0.7076103287081384,49.43502824858757,0.8930049847702124
R0098,vol_ratio_20d__pct,hi,0.7,174,8378,0.02076867987586536,1.221058166203831,0.5616389631370983,49.49868703747911,0.8608583977781987
R0114,ret_z_20d__pct,lo,0.3,138,8352,0.016522988505747127,0.9714401765362045,1.452750224330107,52.63409961685823,0.8585098407113183
R0118,up_day_streak__pct,hi,0.7,161,7225,0.022283737024221453,1.310133298293256,0.3626526285870206,48.332179930795846,0.8581590269024135
R0125,down_day_streak__pct,hi,0.9,34,2288,0.01486013986013986,0.8736759021569148,2.019710167737517,54.23951048951049,0.8560993201258741
R0123,down_day_streak__pct,hi,0.7,118,6956,0.01696377228292122,0.9973552868785834,1.5015038883684135,52.44393329499712,0.8529163717479192
R0224,first30_volume__pct,lo,0.2,106,5546,0.019112874143526866,1.1237079675776513,1.224147583969775,51.3703570140642,0.8458144921747335
R0340,max_green_streak_1m__pct,lo,0.3,149,8782,0.01696652243224778,0.9975169770925763,1.4143803714237655,52.015486221817355,0.8415139500877018
R0254,last15_ret_pct__pct,lo,0.2,115,5546,0.020735665344392355,1.2191171346361311,0.6412495524269024,47.72809231878832,0.8364249831720453
R0268,last15_volume__pct,hi,0.95,30,1416,0.0211864406779661,1.2456196810412643,0.7969872548505189,49.717514124293785,0.8361628023683317
R0354,max_red_streak_1m__pct,lo,0.2,95,4873,0.019495177508721526,1.1461848245001085,1.0475526575343006,50.07182433819003,0.8336108414477544
R0039,daily_close_loc__pct,lo,0.3,150,8386,0.01788695444788934,1.0516321657252745,1.3684004904836045,52.56379680419747,0.827259983874394
R0256,last15_ret_pct__pct,lo,0.05,33,1357,0.02431834929992631,1.4297547643256252,0.36417086054386555,48.047162859248346,0.8215912513252188
R0101,vol_ratio_20d__pct,hi,0.95,34,1416,0.02401129943502825,1.4117023051800996,0.3842167912735277,47.951977401129945,0.8201173015924074
R0025,open_gap_pct__pct,lo,0.2,107,5499,0.019458083287870524,1.1440039347391893,0.9673311062107106,51.045644662665936,0.8035273942089481
R0047,ret2_pct__pct,lo,0.3,118,8319,0.014184397163120567,0.833946793548194,1.4196566975982774,51.77304964539007,0.8015026586120817
R0299,last60_ret_pct__pct,hi,0.9,58,2832,0.020480225988700564,1.2040990250065555,0.7956618383287498,48.23446327683616,0.7993522389509564
R0009,prev_close__pct,hi,0.8,109,5605,0.01944692239072257,1.1433477493347186,0.956075257628432,51.132917038358606,0.7966174085107525
