entry_date,symbol,manual_rank,manual_tier,stock_ret_pct,v17_rank,carry_score,final_score,hybrid_score,best_lane
2024-10-14,RECLTD,8.0,PREMIUM-Compression,0.3,4.0,0.0,61.605126227456,61.605126227456,continuation
2024-10-14,FACT,11.0,GOLD,0.76,10.0,0.0,35.481198831372836,35.481198831372836,continuation
2024-10-15,AEGISLOG,6.0,ENTERPRISE-Dryup,8.36,39.0,0.0,1.0182427434479262,1.0182427434479262,dryup_compression
2024-10-15,BEML,1.0,GOLD,0.12,111.0,0.042457146179884345,-0.5313685973752218,-0.3190828664758001,continuation
2024-10-15,GMDCLTD,14.0,GOLD,0.72,143.0,0.0,-0.6691850568874775,-0.6691850568874775,continuation
2024-10-15,ANANDRATHI,13.0,GOLD,1.47,310.0,0.0,-2.4668525476174654,-2.4668525476174654,continuation
2024-10-15,ABREL,8.0,ENTERPRISE-Dryup,4.08,329.0,0.0,-2.755642029591887,-2.755642029591887,continuation
2024-10-15,PAYTM,7.0,ENTERPRISE-Dryup,1.05,387.0,0.0,-3.5182549578252056,-3.5182549578252056,pullback_reversal
2024-10-16,BEML,1.0,GOLD,3.2,2.0,0.644412833788887,73.10226780788211,76.32433197682656,continuation
2024-10-17,AEGISLOG,9.0,GOLD,0.8,2.0,0.4497006455838866,74.50759602110531,76.75609924902474,continuation
2024-10-17,TITAGARH,1.0,GOLD-baseline,1.34,110.0,0.0,0.13272703730365704,0.13272703730365704,continuation
2024-10-17,FIVESTAR,12.0,GOLD-baseline,1.02,437.0,0.0,-4.201985905833431,-4.201985905833431,continuation
2024-10-17,PGEL,15.0,ENTERPRISE-Dryup,0.12,441.0,0.012112161676216,-4.346180623840783,-4.285619815459703,pullback_reversal
2024-10-17,CARTRADE,13.0,ENTERPRISE-Dryup,1.08,459.0,0.018587407182160447,-10.598237156491441,-10.505300120580639,continuation
2024-10-18,FIVESTAR,8.0,GOLD-baseline,0.27,13.0,0.1892375658303416,15.822316184169996,16.768504013321703,continuation
2024-10-18,ANANDRATHI,12.0,GOLD,1.03,22.0,0.0,7.6053103158986834,7.6053103158986834,continuation
2024-10-21,HINDPETRO,7.0,GOLD,0.36,456.0,0.0,-12.7456223969396,-12.7456223969396,continuation
2024-10-22,SONACOMS,2.0,PREMIUM-Compression,0.13,101.0,0.0,0.4574407445405999,0.4574407445405999,continuation
2024-10-22,CUB,1.0,GOLD,0.5,105.0,0.0,0.41073228818818275,0.41073228818818275,pullback_reversal
2024-10-22,DEEPAKFERT,8.0,ENTERPRISE-Dryup,0.32,209.0,0.0,-0.8494000795178788,-0.8494000795178788,pullback_reversal
2024-10-22,PERSISTENT,10.0,ENTERPRISE-Dryup,0.68,220.0,0.0,-0.8901621646960569,-0.8901621646960569,pullback_reversal
2024-10-22,COFORGE,5.0,GOLD-baseline,0.51,223.0,0.0,-0.9095882265903966,-0.9095882265903966,pullback_reversal
2024-10-23,SONACOMS,9.0,GOLD-baseline,0.69,2.0,0.5783606801837579,92.11149221002864,95.00329561094743,continuation
2024-10-23,COFORGE,7.0,GOLD-baseline,4.86,3.0,0.48259622824468523,73.32644231719587,75.7394234584193,continuation
2024-10-23,PERSISTENT,11.0,ENTERPRISE-Dryup,5.22,8.0,0.27010832045869276,40.35445983984092,41.70500144213438,pullback_reversal
2024-10-23,ZENSARTECH,8.0,ENTERPRISE-Dryup,0.09,449.0,0.018195919791379005,-7.496123696935672,-7.405144097978777,continuation
2024-10-23,RPOWER,5.0,ENTERPRISE-Dryup,3.27,458.0,0.06065306597126334,-23.540600082023584,-23.237334752167268,pullback_reversal
2024-10-23,MFSL,10.0,GOLD-baseline,3.12,461.0,0.07278367916551602,-30.45273870452952,-30.08882030870194,continuation
2024-10-24,SONACOMS,12.0,GOLD,9.64,2.0,0.6663916048408423,94.2056358077295,97.5375938319337,continuation
2024-10-24,CUB,4.0,GOLD-baseline,0.44,5.0,0.3985360612690625,61.48193046281426,63.474610769159575,continuation
2024-10-24,GESHIP,14.0,ENTERPRISE-Dryup,2.72,415.0,0.007357588823428845,-3.3574086192501547,-3.3206206751330103,pullback_reversal
2024-10-24,PPLPHARMA,15.0,ENTERPRISE-Dryup,10.93,453.0,0.012130613194252666,-6.997974945036637,-6.937321879065373,pullback_reversal
2024-10-24,THERMAX,11.0,ENTERPRISE-Dryup,2.14,458.0,0.038976404035363024,-16.593152361829084,-16.398270341652267,continuation
2024-10-24,IDBI,5.0,GOLD,3.54,462.0,0.12408874866232483,-38.34117474340935,-37.72073100009772,continuation
2024-10-24,ASTERDM,1.0,GOLD,2.78,463.0,0.12667331311492985,-42.656638313174994,-42.02327174760035,pullback_reversal
2024-10-25,MFSL,9.0,GOLD-baseline,0.95,13.0,0.22367070023223695,14.76524301421755,15.883596515378734,continuation
2024-10-28,CUB,2.0,GOLD-baseline,0.17,2.0,0.0,86.45188307264864,86.45188307264864,continuation
2024-10-28,COFORGE,9.0,GOLD-baseline,0.45,4.0,0.0,60.45919252298355,60.45919252298355,continuation
2024-10-28,PERSISTENT,8.0,GOLD-baseline,0.98,8.0,0.0,32.772517157694296,32.772517157694296,continuation
2024-10-28,ZENSARTECH,5.0,GOLD,0.24,13.0,0.0,14.474701804491227,14.474701804491227,continuation
2024-10-29,PHOENIXLTD,1.0,GOLD-baseline,2.48,72.0,0.0,1.060294638785112,1.060294638785112,continuation
2024-10-29,MAHABANK,6.0,GOLD,0.12,138.0,0.0,0.06574128191692563,0.06574128191692563,recovery
2024-10-29,ESCORTS,11.0,GOLD,0.98,158.0,0.0,-0.1556039107223275,-0.1556039107223275,dryup_compression
2024-10-30,FACT,5.0,ENTERPRISE-Dryup,4.12,19.0,0.0,3.1606281081078653,3.1606281081078653,recovery
2024-10-30,ACE,15.0,GOLD-baseline,13.29,71.0,0.0,1.0477794031568939,1.0477794031568939,pullback_reversal
2024-10-30,JWL,12.0,ENTERPRISE-Dryup,4.5,78.0,0.0,0.9297326316267654,0.9297326316267654,pullback_reversal
2024-10-30,NBCC,6.0,GOLD,3.97,90.0,0.0,0.6694541567637436,0.6694541567637436,recovery
2024-10-30,EMAMILTD,2.0,PREMIUM-Compression,1.99,108.0,0.0,0.258641231645344,0.258641231645344,dryup_compression
2024-10-30,IFCI,9.0,GOLD,7.86,116.0,0.0,0.18129599983170208,0.18129599983170208,recovery
2024-10-30,RVNL,10.0,ENTERPRISE-Dryup,6.14,139.0,0.0,-0.09638176789117914,-0.09638176789117914,recovery
2024-10-30,NSLNISP,14.0,GOLD,2.43,151.0,0.0,-0.24674576989222075,-0.24674576989222075,continuation
2024-10-30,ARE&M,8.0,GOLD,1.44,280.0,0.0,-1.6176503696931832,-1.6176503696931832,continuation
2024-10-30,GPIL,4.0,ENTERPRISE-Dryup,9.6,464.0,0.08491429235976868,-28.611309101305814,-28.18673763950697,recovery
2024-10-31,BHEL,4.0,GOLD,1.06,112.0,0.0,-0.2028610532635648,-0.2028610532635648,continuation
2024-10-31,TECHNOE,13.0,ENTERPRISE-Dryup,2.46,142.0,0.0,-0.6318226330297441,-0.6318226330297441,dryup_compression
2024-10-31,HUDCO,8.0,GOLD,0.13,202.0,0.0,-1.315749891790496,-1.315749891790496,continuation
2024-10-31,INDIANB,5.0,GOLD-baseline,2.2,445.0,0.0,-4.699025995094284,-4.699025995094284,continuation
2024-10-31,GRAVITA,6.0,PREMIUM-Compression,5.91,461.0,0.04157208454746701,-12.79236147113631,-12.584501048398975,pullback_reversal
2024-11-01,BHEL,2.0,GOLD,0.8,5.0,0.570947527676159,59.11075263978129,61.965490278162086,continuation
2024-11-01,NBCC,8.0,GOLD,2.45,8.0,0.4075286698310311,53.416074721108515,55.45371807026367,continuation
2024-11-01,IFCI,3.0,GOLD,0.91,10.0,0.39657403758281484,48.77118416236286,50.75405435027693,continuation
2024-11-01,RVNL,15.0,GOLD,0.57,11.0,0.2977370943880874,36.61482624477375,38.10351171671419,continuation
2024-11-01,BRIGADE,12.0,ENTERPRISE-Dryup,0.08,98.0,0.0,-0.24437513421316182,-0.24437513421316182,pullback_reversal
2024-11-01,CEMPRO,9.0,ENTERPRISE-Dryup,0.63,245.0,0.0,-2.057213115494005,-2.057213115494005,continuation
2024-11-01,DATAPATTNS,6.0,GOLD,0.81,311.0,0.0,-2.7515624506167997,-2.7515624506167997,continuation
2024-11-01,JUBLINGREA,13.0,ENTERPRISE-Dryup,0.33,334.0,0.0,-3.034219917857227,-3.034219917857227,continuation
2024-11-04,GRSE,15.0,PREMIUM-Compression,0.51,100.0,0.0,-0.057520182518631474,-0.057520182518631474,dryup_compression
2024-11-05,SUPREMEIND,1.0,ENTERPRISE-Dryup,3.93,60.0,0.0,1.0126471285293885,1.0126471285293885,pullback_reversal
2024-11-05,ITI,5.0,ENTERPRISE-Dryup,0.97,83.0,0.0,0.3451723324132612,0.3451723324132612,dryup_compression
2024-11-05,GLAND,3.0,ENTERPRISE-Dryup,13.68,107.0,0.0,-0.13725582123803237,-0.13725582123803237,dryup_compression
2024-11-05,VOLTAS,6.0,ENTERPRISE-Dryup,1.71,213.0,0.0,-1.3937660586378946,-1.3937660586378946,continuation
2024-11-05,INDHOTEL,10.0,ENTERPRISE-Dryup,0.32,219.0,0.0,-1.4366073423358057,-1.4366073423358057,pullback_reversal
2024-11-05,VIJAYA,13.0,ENTERPRISE-Dryup,1.28,257.0,0.0,-1.8294344215055305,-1.8294344215055305,continuation
2024-11-05,COROMANDEL,9.0,GOLD-baseline,2.37,294.0,0.0,-2.198488424618694,-2.198488424618694,pullback_reversal
2024-11-05,BEL,15.0,ENTERPRISE-Dryup,1.08,366.0,0.0,-3.1528661131061324,-3.1528661131061324,continuation
2024-11-05,PGEL,11.0,GOLD-baseline,1.59,420.0,0.0,-4.098280923038957,-4.098280923038957,pullback_reversal
2024-11-05,PAYTM,12.0,ENTERPRISE-Dryup,1.28,438.0,0.0,-4.534814750495317,-4.534814750495317,dryup_compression
2024-11-06,ITI,8.0,ENTERPRISE-Dryup,3.65,3.0,0.2996794871794871,51.523940167992855,53.02233760389029,continuation
2024-11-06,VOLTAS,12.0,ENTERPRISE-Dryup,2.35,4.0,0.3013602251407129,50.043353324089956,51.550154449793524,continuation
2024-11-06,INDHOTEL,7.0,ENTERPRISE-Dryup,2.69,9.0,0.14821763602251406,25.035523769901157,25.776611950013727,pullback_reversal
2024-11-06,PGEL,11.0,ENTERPRISE-Dryup,5.79,12.0,0.14833489681050657,21.28720843967925,22.028882923731786,continuation
2024-11-06,BEL,14.0,ENTERPRISE-Dryup,5.04,43.0,0.02767354596622886,1.8691202199158745,2.007487949747019,continuation
2024-11-06,JSWENERGY,10.0,ENTERPRISE-Dryup,3.63,55.0,0.0,1.172218215566886,1.172218215566886,pullback_reversal
2024-11-06,DIXON,9.0,ENTERPRISE-Dryup,7.79,287.0,0.0,-2.058466086012947,-2.058466086012947,pullback_reversal
2024-11-06,ECLERX,15.0,ENTERPRISE-Dryup,3.4,411.0,0.0,-3.721866950596184,-3.721866950596184,continuation
2024-11-06,CARTRADE,13.0,GOLD-baseline,6.34,443.0,0.0,-4.587867202026024,-4.587867202026024,continuation
2024-11-06,DCMSHRIRAM,6.0,ENTERPRISE-Dryup,6.56,462.0,0.03166041275797373,-16.55878495797006,-16.400482894180193,continuation
2024-11-06,MAPMYINDIA,1.0,ENTERPRISE-Dryup,4.45,463.0,0.042213883677298315,-17.71310931103757,-17.50203989265108,pullback_reversal
2024-11-06,LATENTVIEW,5.0,ENTERPRISE-Dryup,2.65,464.0,0.049249530956848024,-22.36378965979475,-22.11754200501051,dryup_compression
2024-11-08,INDHOTEL,3.0,GOLD,1.77,5.0,0.31968723437798335,60.82047227528159,62.4189084471715,continuation
2024-11-08,PGEL,12.0,GOLD,2.74,9.0,0.24096103396729468,45.62842839293043,46.83323356276691,continuation
2024-11-08,CARTRADE,8.0,GOLD,3.57,18.0,0.15132107680185328,14.267171545633998,15.023776929643264,fresh_breakout
2024-11-08,PAYTM,9.0,ENTERPRISE-Dryup,3.18,24.0,0.0,9.134855073213684,9.134855073213684,continuation
2024-11-11,GLAND,3.0,GOLD,2.55,3.0,0.0,61.616586288953684,61.616586288953684,continuation
2024-11-11,SUPREMEIND,1.0,PREMIUM-Compression,1.73,10.0,0.0,28.675395502564985,28.675395502564985,continuation
2024-11-11,JSWENERGY,8.0,GOLD,4.25,12.0,0.0,21.90636335823311,21.90636335823311,continuation
2024-11-11,KALYANKJIL,14.0,GOLD-baseline,1.85,375.0,0.0,-3.22642640000399,-3.22642640000399,continuation
2024-11-12,UNOMINDA,11.0,ENTERPRISE-Dryup,4.48,75.0,0.0,0.6312982571740694,0.6312982571740694,pullback_reversal
2024-11-12,AEGISLOG,8.0,ENTERPRISE-Dryup,1.91,188.0,0.0,-0.612273475677791,-0.612273475677791,pullback_reversal
2024-11-12,NEULANDLAB,2.0,ENTERPRISE-Dryup,10.7,257.0,0.0,-1.5149324907729655,-1.5149324907729655,pullback_reversal
2024-11-12,RAINBOW,13.0,ENTERPRISE-Dryup,3.53,281.0,0.0,-1.8341005650421343,-1.8341005650421343,pullback_reversal
2024-11-13,AEGISLOG,8.0,ENTERPRISE-Dryup,1.39,6.0,0.27065868263473053,39.181339210406485,40.53463262358014,dryup_compression
2024-11-13,ETERNAL,4.0,ENTERPRISE-Dryup,0.28,402.0,0.0,-3.2945764594691047,-3.2945764594691047,continuation
2024-11-13,EICHERMOT,7.0,ENTERPRISE-Dryup,0.03,464.0,0.034644995722840036,-16.157396651520948,-15.984171672906747,continuation
2024-11-14,NEULANDLAB,2.0,GOLD-baseline,5.89,1.0,0.9556690371764801,116.54604236890506,121.32438755478746,continuation
2024-11-14,AEGISLOG,9.0,GOLD,2.36,2.0,0.657083373772664,75.22608409836539,78.51150096722871,continuation
2024-11-14,ETERNAL,3.0,ENTERPRISE-Dryup,3.19,5.0,0.5078683390660451,52.298371420345504,54.837713115675726,continuation
2024-11-14,EICHERMOT,7.0,ENTERPRISE-Dryup,3.5,8.0,0.39884713751214773,26.146152509007358,28.140388196568097,continuation
2024-11-14,RAINBOW,11.0,ENTERPRISE-Dryup,1.88,15.0,0.11686303581212819,11.23141063422893,11.81572581328957,continuation
2024-11-14,ZYDUSWELL,12.0,GOLD,4.67,309.0,0.0,-1.9894439432129853,-1.9894439432129853,continuation
2024-11-14,MEDANTA,15.0,ENTERPRISE-Dryup,3.68,451.0,0.0036787944117144195,-4.177644303116949,-4.159250331058377,continuation
2024-11-14,POLICYBZR,13.0,ENTERPRISE-Dryup,5.74,462.0,0.04504171063248936,-15.957195280207642,-15.731986727045197,continuation
2024-11-14,NUVAMA,10.0,ENTERPRISE-Dryup,5.72,463.0,0.05846460605304455,-17.39195182135337,-17.099628791088147,pullback_reversal
2024-11-14,POLYMED,8.0,ENTERPRISE-Dryup,1.49,465.0,0.06820870706188531,-22.422529521672626,-22.081485986363198,pullback_reversal
2024-11-14,DCMSHRIRAM,5.0,ENTERPRISE-Dryup,8.24,466.0,0.101119804500122,-25.595524567740025,-25.089925545239414,pullback_reversal
2024-11-14,DEEPAKNTR,6.0,GOLD-baseline,7.42,467.0,0.10350631668553391,-30.09875757774705,-29.581225994319382,pullback_reversal
2024-11-14,SAREGAMA,4.0,ENTERPRISE-Dryup,1.42,468.0,0.13880392630918253,-41.20084925989052,-40.506829628344605,continuation
2024-11-19,UNOMINDA,12.0,GOLD,2.9,16.0,0.0,12.162913082373286,12.162913082373286,continuation
2024-11-19,PAYTM,15.0,ENTERPRISE-Dryup,3.12,20.0,0.0,6.905148463152891,6.905148463152891,continuation
2024-11-19,VIJAYA,13.0,ENTERPRISE-Dryup,6.18,64.0,0.0,0.8542678732912158,0.8542678732912158,pullback_reversal
2024-11-19,CRAFTSMAN,7.0,ENTERPRISE-Dryup,7.58,96.0,0.0,0.21519832275147088,0.21519832275147088,recovery
2024-11-19,NLCINDIA,9.0,GOLD,0.6,195.0,0.0,-1.0968869346379695,-1.0968869346379695,continuation
2024-11-19,PTCIL,3.0,GOLD-baseline,3.79,202.0,0.0,-1.1798900269663568,-1.1798900269663568,continuation
2024-11-19,EIDPARRY,10.0,GOLD,4.5,258.0,0.0,-1.7749774715765259,-1.7749774715765259,pullback_reversal
2024-11-19,KFINTECH,14.0,ENTERPRISE-Dryup,3.1,334.0,0.0,-2.5162239358614813,-2.5162239358614813,dryup_compression
2024-11-21,NLCINDIA,11.0,ENTERPRISE-Dryup,0.21,7.0,0.1888447798013404,39.08172913592611,40.02595303493281,continuation
2024-11-21,PHOENIXLTD,8.0,ENTERPRISE-Dryup,0.6,303.0,0.0,-2.2424854556763707,-2.2424854556763707,continuation
2024-11-21,FORTIS,9.0,GOLD,3.31,462.0,0.0,-4.943289362143338,-4.943289362143338,continuation
2024-11-21,CONCORDBIO,4.0,ENTERPRISE-Dryup,1.77,469.0,0.04414553294057308,-26.30817560676936,-26.087447942066493,pullback_reversal
2024-11-22,CRAFTSMAN,6.0,GOLD-baseline,4.09,3.0,0.0,73.99204285720899,73.99204285720899,continuation
2024-11-22,EIDPARRY,12.0,GOLD-baseline,0.84,9.0,0.0,36.41442003178585,36.41442003178585,continuation
2024-11-22,OIL,15.0,ENTERPRISE-Dryup,4.21,287.0,0.0,-2.1933846488513176,-2.1933846488513176,continuation
2024-11-22,CCL,8.0,ENTERPRISE-Dryup,3.58,449.0,0.0,-4.388257586059932,-4.388257586059932,continuation
2024-11-22,MRPL,13.0,ENTERPRISE-Dryup,8.22,468.0,0.03639183958275801,-21.295930220857375,-21.113971022943584,dryup_compression
2024-11-22,SWANCORP,1.0,GOLD,10.89,469.0,0.09097959895689502,-37.1400736236394,-36.68517562885493,continuation
2024-11-25,UNOMINDA,4.0,GOLD,1.3,13.0,0.0,14.114327886461417,14.114327886461417,continuation
2024-11-25,GVT&D,6.0,GOLD-baseline,0.31,469.0,0.0,-11.785909776675055,-11.785909776675055,continuation
2024-11-26,RPOWER,4.0,ENTERPRISE-Dryup,1.1,32.0,0.0,1.9889995517582386,1.9889995517582386,pullback_reversal
2024-11-26,PCBL,3.0,ENTERPRISE-Dryup,0.38,70.0,0.0,0.8184388165408634,0.8184388165408634,pullback_reversal
2024-11-26,SONATSOFTW,5.0,GOLD,1.69,98.0,0.0,0.42861733574563843,0.42861733574563843,pullback_reversal
2024-11-26,FACT,1.0,ENTERPRISE-Dryup,2.68,102.0,0.0,0.37937722336182084,0.37937722336182084,dryup_compression
2024-11-26,HBLENGINE,12.0,GOLD,1.33,259.0,0.0,-1.591214299537526,-1.591214299537526,pullback_reversal
2024-11-27,ADANIPOWER,14.0,GOLD-baseline,20.26,36.0,0.0,1.6333061185754152,1.6333061185754152,pullback_reversal
2024-11-27,HONASA,5.0,GOLD,0.81,102.0,0.006065306597126328,0.09654468252194692,0.12687121550757857,pullback_reversal
2024-11-27,GALLANTT,6.0,ENTERPRISE-Dryup,2.14,162.0,0.0,-0.6023949220650264,-0.6023949220650264,pullback_reversal
2024-11-27,ATGL,13.0,GOLD,19.87,303.0,0.012130613194252666,-2.240726714030358,-2.1800736480590945,pullback_reversal
2024-11-27,ADANIENT,8.0,GOLD-baseline,10.13,465.0,0.03032653298563167,-8.137484959406967,-7.985852294478809,pullback_reversal
2024-11-27,ADANIENSOL,10.0,PREMIUM-Pullback,9.93,466.0,0.03639183958275801,-9.59276733159,-9.41080813367621,pullback_reversal
2024-11-27,ADANIGREEN,9.0,PREMIUM-Pullback,11.06,467.0,0.042457146179884345,-11.342282473138003,-11.12999674223858,pullback_reversal
2024-11-28,FACT,9.0,ENTERPRISE-Dryup,3.76,2.0,0.5321989248946866,76.14384575097834,78.80484037545178,continuation
2024-11-29,PPLPHARMA,15.0,ENTERPRISE-Dryup,9.51,42.0,0.0,1.266920392862366,1.266920392862366,pullback_reversal
2024-11-29,HSCL,1.0,GOLD,0.27,228.0,0.0,-1.5823113185773865,-1.5823113185773865,continuation
2024-11-29,KFINTECH,10.0,GOLD-baseline,0.57,292.0,0.0,-2.290835047467753,-2.290835047467753,continuation
2024-11-29,MAZDOCK,6.0,GOLD-baseline,1.64,462.0,0.0,-5.261462634064703,-5.261462634064703,continuation
2024-11-29,BALRAMCHIN,11.0,GOLD,4.34,470.0,0.07278367916551602,-23.478177558449737,-23.114259162622158,continuation
2024-12-02,SONATSOFTW,15.0,GOLD,1.9,11.0,0.0,37.87357595074464,37.87357595074464,continuation
2024-12-02,GRSE,10.0,GOLD,0.8,402.0,0.0,-3.6362974606933802,-3.6362974606933802,continuation
2024-12-02,BDL,4.0,GOLD,1.32,425.0,0.0,-4.09185995559112,-4.09185995559112,continuation
2024-12-02,COCHINSHIP,11.0,GOLD,1.51,437.0,0.0,-4.36089550822633,-4.36089550822633,continuation
2024-12-02,CAMS,6.0,GOLD-baseline,2.31,449.0,0.0,-4.69050396819508,-4.69050396819508,continuation
2024-12-03,GRSE,1.0,GOLD,1.95,4.0,0.2749605657363938,48.45353282070394,49.82833564938591,pullback_reversal
2024-12-03,HSCL,11.0,GOLD,0.71,13.0,0.07884898576264235,27.832336957530703,28.226581886343915,continuation
2024-12-03,KPITTECH,5.0,GOLD,4.01,48.0,0.0,1.0531006745976728,1.0531006745976728,pullback_reversal
2024-12-03,KPIL,2.0,GOLD-baseline,0.54,87.0,0.0,0.23371702625661162,0.23371702625661162,pullback_reversal
2024-12-03,UCOBANK,10.0,PREMIUM-Compression,1.42,113.0,0.0,-0.24412225789709208,-0.24412225789709208,pullback_reversal
2024-12-03,TATAELXSI,12.0,ENTERPRISE-Dryup,5.04,167.0,0.0,-0.8768867712156948,-0.8768867712156948,dryup_compression
2024-12-03,BLS,9.0,ENTERPRISE-Dryup,5.03,253.0,0.0,-1.9225123303396527,-1.9225123303396527,dryup_compression
2024-12-03,ANGELONE,13.0,ENTERPRISE-Dryup,4.56,395.0,0.0,-3.46089282538192,-3.46089282538192,continuation
2024-12-03,ZEEL,7.0,PREMIUM-Compression,5.15,406.0,0.0,-3.6154218546947017,-3.6154218546947017,continuation
2024-12-04,HSCL,9.0,ENTERPRISE-Dryup,0.33,8.0,0.2739254788340525,39.01793974294361,40.38756713711388,continuation
2024-12-04,BLUESTARCO,15.0,ENTERPRISE-Dryup,0.73,282.0,0.0,-2.2362832167233306,-2.2362832167233306,continuation
2024-12-04,FINCABLES,1.0,GOLD-baseline,3.41,469.0,0.06065306597126334,-17.145830127642327,-16.84256479778601,pullback_reversal
2024-12-04,PNBHOUSING,2.0,ENTERPRISE-Dryup,1.06,470.0,0.07884898576264235,-21.308638529166263,-20.91439360035305,dryup_compression
2024-12-05,KPIL,2.0,GOLD-baseline,4.81,9.0,0.4531050039143897,36.79768133549776,39.0632063550697,continuation
2024-12-05,ANGELONE,15.0,GOLD-baseline,5.75,15.0,0.1294935632923477,15.93382258702087,16.58129040348261,continuation
2024-12-05,CASTROLIND,8.0,GOLD,4.86,221.0,0.0,-1.633980996562133,-1.633980996562133,continuation
2024-12-05,IGL,14.0,GOLD,2.46,240.0,0.0,-1.784533799819772,-1.784533799819772,continuation
2024-12-05,CESC,12.0,GOLD-baseline,3.58,380.0,0.0,-3.248697332952161,-3.248697332952161,continuation
2024-12-05,FLUOROCHEM,13.0,PREMIUM-Compression,4.0,469.0,0.054587759374137006,-17.62381647219491,-17.350877675324224,continuation
2024-12-06,GRSE,1.0,GOLD,0.17,2.0,0.0,70.33260240971285,70.33260240971285,pullback_reversal
2024-12-06,ZEEL,5.0,GOLD,0.64,8.0,0.0,39.25633023192748,39.25633023192748,continuation
2024-12-06,MAZDOCK,10.0,GOLD,0.18,19.0,0.0,10.693033423968314,10.693033423968314,continuation
2024-12-06,GABRIEL,13.0,GOLD,9.0,72.0,0.0,0.5314274493292295,0.5314274493292295,pullback_reversal
2024-12-06,IREDA,7.0,GOLD,0.36,447.0,0.0,-4.295505061890085,-4.295505061890085,continuation
2024-12-06,MMTC,2.0,ENTERPRISE-Dryup,3.8,469.0,0.06853712492749983,-23.248709904690692,-22.90602428005319,pullback_reversal
2024-12-06,INOXWIND,4.0,GOLD,1.51,470.0,0.08520768748283246,-24.919789022909203,-24.49375058549504,continuation
2024-12-09,CASTROLIND,10.0,GOLD,0.07,6.0,0.0,37.622634323158245,37.622634323158245,continuation
2024-12-09,INOXWIND,1.0,ENTERPRISE-Dryup,0.02,7.0,0.0,37.42865837697181,37.42865837697181,continuation
2024-12-09,MAXHEALTH,12.0,GOLD,5.41,434.0,0.0,-4.040121748525972,-4.040121748525972,continuation
2024-12-10,CLEAN,1.0,PREMIUM-Compression,7.58,134.0,0.0,-0.3181185417713587,-0.3181185417713587,recovery
2024-12-10,SYRMA,10.0,ENTERPRISE-Dryup,4.0,168.0,0.0,-0.7381854885501402,-0.7381854885501402,dryup_compression
2024-12-10,CRISIL,12.0,ENTERPRISE-Dryup,3.06,191.0,0.0,-1.1285243567448229,-1.1285243567448229,pullback_reversal
2024-12-10,RPOWER,8.0,GOLD,0.25,356.0,0.0,-2.8158174870731534,-2.8158174870731534,pullback_reversal
2024-12-10,KPRMILL,9.0,GOLD-baseline,1.39,386.0,0.0,-3.161874332400747,-3.161874332400747,continuation
2024-12-10,TARIL,15.0,GOLD,0.78,429.0,0.0,-3.689270826107737,-3.689270826107737,continuation
2024-12-11,MAXHEALTH,10.0,ENTERPRISE-Dryup,1.35,21.0,0.17566057589241327,7.891177624000673,8.76948050346274,continuation
2024-12-11,POWERINDIA,4.0,ENTERPRISE-Dryup,0.03,236.0,0.0,-1.5720896880706285,-1.5720896880706285,continuation
2024-12-11,CHALET,7.0,GOLD-baseline,0.8,335.0,0.0,-2.6398631200306997,-2.6398631200306997,continuation
2024-12-11,TITAGARH,12.0,GOLD,6.53,348.0,0.0,-2.790236985175607,-2.790236985175607,continuation
2024-12-12,POWERINDIA,3.0,ENTERPRISE-Dryup,3.06,3.0,0.4876506504089572,63.333759744549,65.77201299659379,continuation
2024-12-12,CHALET,5.0,GOLD-baseline,7.86,4.0,0.41244084860459074,50.697587490838174,52.75979173386113,continuation
2024-12-12,MAXHEALTH,12.0,GOLD-baseline,3.38,5.0,0.33030917296462026,43.34722265980436,44.99876852462746,fresh_breakout
2024-12-12,CRISIL,10.0,GOLD,1.47,13.0,0.14813278831170076,22.071278945919836,22.81194288747834,continuation
2024-12-12,BLS,9.0,GOLD,6.03,22.0,0.0,8.886398410242862,8.886398410242862,continuation
2024-12-12,MANAPPURAM,15.0,ENTERPRISE-Dryup,0.25,441.0,0.0,-4.295726419512824,-4.295726419512824,continuation
2024-12-12,PGEL,1.0,GOLD-baseline,0.94,470.0,0.07884898576264235,-28.52843551535455,-28.134190586541337,continuation
2024-12-13,PGEL,1.0,ENTERPRISE-Dryup,9.2,5.0,0.5865418215981594,46.171059921663165,49.10376902965396,continuation
2024-12-13,CRISIL,14.0,GOLD,5.89,8.0,0.23641774718236197,38.87104643710297,40.05313517301478,continuation
2024-12-13,SYRMA,15.0,GOLD-baseline,1.42,13.0,0.0,19.176112268753627,19.176112268753627,continuation
2024-12-13,GODFRYPHLP,9.0,GOLD,1.36,217.0,0.0,-1.151469952174771,-1.151469952174771,continuation
2024-12-13,DELHIVERY,12.0,GOLD-baseline,2.37,435.0,0.0,-3.8704879549571474,-3.8704879549571474,continuation
2024-12-13,KPRMILL,10.0,GOLD,6.48,468.0,0.08864164056260164,-10.604155991354192,-10.160947788541185,continuation
2024-12-13,JBMA,5.0,GOLD,3.88,470.0,0.06646282049303347,-21.84817056964403,-21.51585646717886,continuation
2024-12-16,POWERINDIA,10.0,ENTERPRISE-Dryup,1.38,3.0,0.0,74.22399041791893,74.22399041791893,continuation
2024-12-16,BLS,6.0,GOLD-baseline,0.13,7.0,0.0,34.68724794741439,34.68724794741439,continuation
2024-12-16,MAXHEALTH,13.0,GOLD-baseline,0.08,9.0,0.0,30.836694697177336,30.836694697177336,fresh_breakout
2024-12-16,MANAPPURAM,4.0,GOLD-baseline,1.87,291.0,0.0,-2.09335611777722,-2.09335611777722,continuation
2024-12-16,TITAGARH,5.0,GOLD,2.17,334.0,0.0,-2.4941002882642387,-2.4941002882642387,continuation
2024-12-16,TARIL,3.0,GOLD-baseline,1.05,344.0,0.0,-2.588037812092535,-2.588037812092535,continuation
2024-12-17,AEGISLOG,4.0,ENTERPRISE-Dryup,0.03,82.0,0.0,0.322034816690839,0.322034816690839,pullback_reversal
2024-12-18,KPRMILL,11.0,GOLD-baseline,0.88,15.0,0.006065306597126328,15.99479863829519,16.025125171280823,continuation
2024-12-18,HONASA,12.0,ENTERPRISE-Dryup,0.12,29.0,0.0,1.866562153799598,1.866562153799598,recovery
2024-12-18,GICRE,8.0,GOLD,2.94,443.0,0.0,-4.429736091256369,-4.429736091256369,continuation
2024-12-18,KFINTECH,5.0,ENTERPRISE-Dryup,1.65,467.0,0.03032653298563167,-10.447530127254188,-10.29589746232603,dryup_compression
2024-12-18,CARTRADE,9.0,ENTERPRISE-Dryup,1.79,469.0,0.054587759374137006,-20.15159835729924,-19.878659560428552,continuation
2024-12-19,POWERINDIA,15.0,ENTERPRISE-Dryup,5.65,3.0,0.02555350861480785,61.931980650289645,62.05974819336368,continuation
2024-12-19,CARTRADE,9.0,ENTERPRISE-Dryup,5.0,12.0,0.4005993371957621,31.094858840967067,33.09785552694588,pullback_reversal
2024-12-19,GVT&D,11.0,ENTERPRISE-Dryup,4.06,393.0,0.0,-3.402923283390172,-3.402923283390172,continuation
2024-12-19,NEWGEN,6.0,GOLD-baseline,4.02,443.0,0.0,-4.430411882270421,-4.430411882270421,continuation
2024-12-19,ANANTRAJ,8.0,GOLD-baseline,7.44,445.0,0.0,-4.449698577517313,-4.449698577517313,continuation
2024-12-19,FIVESTAR,3.0,GOLD-baseline,5.15,456.0,0.0,-4.985177762929698,-4.985177762929698,continuation
2024-12-19,ZENTEC,5.0,GOLD-baseline,5.1,459.0,0.0,-5.095232202730795,-5.095232202730795,continuation
2024-12-20,FIVESTAR,4.0,GOLD-baseline,0.41,1.0,0.9768513236149581,88.85118645315147,93.73544307122626,continuation
2024-12-20,ZENTEC,7.0,GOLD-baseline,5.06,2.0,0.8228599283434727,73.63685239407782,77.75115203579519,continuation
2024-12-20,NEWGEN,9.0,GOLD-baseline,2.55,5.0,0.6752708011467319,60.20068731230799,63.57704131804165,continuation
2024-12-20,GICRE,5.0,GOLD,16.35,9.0,0.2923415292509061,34.97230997798492,36.43401762423945,continuation
2024-12-20,AEGISLOG,2.0,ENTERPRISE-Dryup,9.47,33.0,0.11802344206519849,1.6395114804831357,2.229628690809128,pullback_reversal
2024-12-20,TECHNOE,3.0,GOLD,6.17,473.0,0.05150312176400192,-20.550147015633982,-20.29263140681397,continuation
2024-12-23,ANANTRAJ,6.0,GOLD-baseline,0.41,8.0,0.0,30.920400258265182,30.920400258265182,fresh_breakout
2024-12-23,ACE,1.0,GOLD-baseline,0.01,474.0,0.0,-19.83038293546612,-19.83038293546612,continuation
2024-12-24,SOLARINDS,13.0,ENTERPRISE-Dryup,4.49,78.0,0.0,0.6252130832627647,0.6252130832627647,pullback_reversal
2024-12-24,SIGNATURE,14.0,ENTERPRISE-Dryup,3.62,234.0,0.0,-1.5473809486812788,-1.5473809486812788,continuation
2024-12-24,HSCL,11.0,GOLD,0.49,247.0,0.0,-1.7106462081617595,-1.7106462081617595,continuation
2024-12-24,ELECON,12.0,ENTERPRISE-Dryup,3.38,282.0,0.0,-2.0172365018037737,-2.0172365018037737,pullback_reversal
2024-12-24,ACUTAAS,8.0,ENTERPRISE-Dryup,7.07,431.0,0.0,-3.7997441860631613,-3.7997441860631613,continuation
2024-12-26,INTELLECT,6.0,GOLD-baseline,10.56,449.0,0.0,-4.39166073827614,-4.39166073827614,continuation
2024-12-26,AWL,12.0,GOLD,0.42,451.0,0.0,-4.409159803965548,-4.409159803965548,continuation
2024-12-26,DEVYANI,7.0,GOLD-baseline,1.1,455.0,0.0,-4.698991191887026,-4.698991191887026,continuation
2024-12-27,DEVYANI,5.0,GOLD-baseline,5.84,3.0,0.38586956521739135,51.3665054651411,53.295853291228056,continuation
2024-12-27,DCMSHRIRAM,15.0,GOLD,0.22,357.0,0.0,-2.4381039874230113,-2.4381039874230113,continuation
2024-12-27,CEATLTD,13.0,ENTERPRISE-Dryup,3.5,408.0,0.0,-3.263830121467484,-3.263830121467484,continuation
2024-12-27,PGEL,4.0,ENTERPRISE-Dryup,1.74,470.0,0.05978260869565218,-7.650574577896919,-7.351661534418659,continuation
2024-12-27,CAPLIPOINT,9.0,ENTERPRISE-Dryup,9.17,471.0,0.038043478260869575,-17.063019163743036,-16.872801772438688,continuation
2024-12-27,PTCIL,3.0,GOLD-baseline,11.27,472.0,0.07065217391304349,-28.226306704709806,-27.873045835144588,continuation
2024-12-27,GRSE,1.0,ENTERPRISE-Dryup,7.81,473.0,0.07608695652173914,-42.061435393732886,-41.68100061112419,pullback_reversal
2024-12-27,AJANTPHARM,2.0,PREMIUM-Compression,8.04,474.0,0.0815217391304348,-48.66271167402307,-48.2551029783709,pullback_reversal
2024-12-30,INTELLECT,7.0,GOLD-baseline,1.9,5.0,0.0,63.9485791871305,63.9485791871305,continuation
2024-12-31,TARIL,14.0,GOLD,6.02,33.0,0.0,1.4467079192961192,1.4467079192961192,continuation
2024-12-31,SHYAMMETL,6.0,ENTERPRISE-Dryup,1.5,49.0,0.0,1.0869781394800064,1.0869781394800064,pullback_reversal
2024-12-31,MAHABANK,1.0,ENTERPRISE-Dryup,1.76,60.0,0.0,0.9651283051423182,0.9651283051423182,pullback_reversal
2024-12-31,HUDCO,13.0,ENTERPRISE-Dryup,3.5,86.0,0.0,0.48749944623214836,0.48749944623214836,dryup_compression
2024-12-31,SAREGAMA,7.0,GOLD-baseline,0.55,89.0,0.0,0.4292285036248944,0.4292285036248944,recovery
2024-12-31,RAILTEL,5.0,ENTERPRISE-Dryup,3.45,98.0,0.0,0.3121134244647267,0.3121134244647267,dryup_compression
2024-12-31,SAMMAANCAP,4.0,ENTERPRISE-Dryup,0.91,131.0,0.0,-0.2172364639846312,-0.2172364639846312,pullback_reversal
2024-12-31,OIL,8.0,GOLD,2.41,149.0,0.0,-0.44784442445130607,-0.44784442445130607,continuation
2024-12-31,DMART,2.0,GOLD-baseline,0.13,345.0,0.0,-2.550181156935014,-2.550181156935014,continuation
2024-12-31,LATENTVIEW,9.0,ENTERPRISE-Dryup,5.2,394.0,0.0,-3.2459894495046946,-3.2459894495046946,pullback_reversal
2025-01-01,DMART,5.0,PREMIUM-Compression,0.06,4.0,0.5783606801837579,61.70863384834825,64.60043724926703,continuation
2025-01-01,SAMMAANCAP,7.0,PREMIUM-Compression,1.13,5.0,0.5588169144819063,59.31123031145131,62.10531488386084,dryup_compression
2025-01-01,SHYAMMETL,3.0,GOLD,1.54,6.0,0.5054422164271944,52.87028241897283,55.3974935011088,recovery
2025-01-01,SAREGAMA,6.0,GOLD,4.3,11.0,0.3972775821117749,42.78343937196008,44.76982728251895,recovery
2025-01-01,PTCIL,12.0,GOLD-baseline,0.61,12.0,0.03032653298563167,43.685200366863505,43.83683303179166,pullback_reversal
2025-01-01,AWL,9.0,PREMIUM-Pullback,6.4,25.0,0.0,6.061594948708337,6.061594948708337,pullback_reversal
2025-01-01,POLYMED,11.0,GOLD-baseline,2.24,335.0,0.0,-2.7965657121921863,-2.7965657121921863,continuation
2025-01-01,VIJAYA,14.0,ENTERPRISE-Dryup,0.95,350.0,0.006065306597126328,-3.0051672686671544,-2.9748407356815227,pullback_reversal
2025-01-02,DMART,4.0,PREMIUM-Compression,1.41,3.0,0.8000305268641925,80.58713418287579,84.58728681719676,continuation
2025-01-02,MAHABANK,15.0,PREMIUM-Compression,0.21,5.0,0.4757907439150655,53.40338857549578,55.78234229507111,dryup_compression
2025-01-02,OIL,3.0,GOLD,6.51,12.0,0.27501032002238485,28.908858313763712,30.283909913875636,continuation
2025-01-02,HUDCO,7.0,GOLD,1.95,18.0,0.11649515637095675,10.178788352141039,10.761264133995823,continuation
2025-01-02,CARTRADE,12.0,ENTERPRISE-Dryup,5.56,28.0,0.0,3.1088529187323024,3.1088529187323024,pullback_reversal
2025-01-02,FORCEMOT,2.0,ENTERPRISE-Dryup,7.21,284.0,0.0,-2.1802938654593125,-2.1802938654593125,continuation
2025-01-02,IGL,14.0,PREMIUM-Compression,4.62,345.0,0.0,-2.767835775456247,-2.767835775456247,continuation
2025-01-02,EICHERMOT,10.0,ENTERPRISE-Dryup,8.56,428.0,0.0,-3.815729126575321,-3.815729126575321,continuation
2025-01-02,SUNDARMFIN,6.0,ENTERPRISE-Dryup,14.55,473.0,0.05846460605304455,-12.30754580053581,-12.015222770270586,pullback_reversal
2025-01-02,CHOLAHLDNG,5.0,PREMIUM-Compression,7.01,474.0,0.1327386197120562,-31.134921583502997,-30.471228484942717,pullback_reversal
2025-01-03,DMART,1.0,ENTERPRISE-Dryup,4.5,1.0,0.6195721194652388,92.95182433374016,96.04968493106635,continuation
2025-01-03,SHYAMMETL,6.0,GOLD,5.41,5.0,0.2847661819749868,58.521133767547866,59.9449646774228,continuation
2025-01-03,SAREGAMA,2.0,GOLD,11.36,6.0,0.29923400064704797,53.52705880102578,55.023228804261024,continuation
2025-01-03,HUDCO,14.0,GOLD,2.14,9.0,0.3427130115593036,37.559777208224986,39.2733422660215,continuation
2025-01-03,MAHABANK,12.0,ENTERPRISE-Dryup,1.06,10.0,0.02974490289005273,37.72075063608235,37.869475150532615,pullback_reversal
2025-01-03,ITI,11.0,GOLD-baseline,18.57,358.0,0.0,-3.1252271743968008,-3.1252271743968008,pullback_reversal
2025-01-03,IREDA,7.0,GOLD,3.62,391.0,0.0,-3.4765489701035097,-3.4765489701035097,continuation
2025-01-06,AWL,10.0,PREMIUM-Compression,0.15,14.0,0.0,18.904611913877687,18.904611913877687,pullback_reversal
2025-01-07,SHYAMMETL,2.0,GOLD,3.25,3.0,0.0,74.92225275927875,74.92225275927875,continuation
2025-01-07,JSWDULUX,3.0,ENTERPRISE-Dryup,5.71,212.0,0.0,-1.2488029674370853,-1.2488029674370853,continuation
2025-01-07,ANANDRATHI,4.0,ENTERPRISE-Dryup,0.3,218.0,0.0,-1.2881971922195816,-1.2881971922195816,dryup_compression
2025-01-07,VIJAYA,7.0,GOLD-baseline,3.64,258.0,0.0,-1.7109281524565583,-1.7109281524565583,continuation
2025-01-07,RKFORGE,10.0,GOLD,0.84,352.0,0.0,-2.7742706206279792,-2.7742706206279792,continuation
2025-01-07,BDL,8.0,ENTERPRISE-Dryup,6.22,357.0,0.0,-2.7958247884383,-2.7958247884383,continuation
2025-01-07,SRF,1.0,PREMIUM-Compression,1.45,409.0,0.0,-3.515192165111783,-3.515192165111783,continuation
2025-01-07,NAVINFLUOR,12.0,ENTERPRISE-Dryup,3.88,411.0,0.0,-3.5881518222932742,-3.5881518222932742,continuation
2025-01-07,UBL,14.0,GOLD,0.97,439.0,0.0,-4.081826311411465,-4.081826311411465,continuation
2025-01-07,LLOYDSME,6.0,GOLD-baseline,0.83,469.0,0.0,-5.426226761633888,-5.426226761633888,continuation
2025-01-08,SRF,1.0,GOLD,0.95,5.0,0.7340865795178348,55.42441822127415,59.094851118863325,continuation
2025-01-09,SRF,2.0,GOLD-baseline,6.52,1.0,1.0,109.80870042210137,114.80870042210137,continuation
2025-01-09,SHYAMMETL,1.0,GOLD,1.22,2.0,0.4565820565648385,101.08454887702234,103.36745915984653,continuation
2025-01-09,JSWDULUX,3.0,GOLD-baseline,3.17,3.0,0.5367219032499257,63.274735776597794,65.95834529284743,continuation
2025-01-09,BDL,11.0,ENTERPRISE-Dryup,1.19,6.0,0.34467538107937157,39.160273723698474,40.88365062909533,continuation
2025-01-09,VIJAYA,7.0,GOLD-baseline,0.76,7.0,0.3058923492476093,35.78957379392643,37.31903554016448,continuation
2025-01-09,LLOYDSME,8.0,GOLD-baseline,0.49,8.0,0.24080737037357897,28.16693815120991,29.370975003077803,continuation
2025-01-09,NAVINFLUOR,12.0,GOLD,6.47,17.0,0.1393368561810225,13.487300298796688,14.1839845797018,continuation
2025-01-09,PTCIL,6.0,GOLD-baseline,0.31,27.0,0.0,6.183050654693734,6.183050654693734,fresh_breakout
2025-01-09,UBL,9.0,GOLD-baseline,0.55,51.0,0.0648436335861443,0.6800636345259029,1.0042818024566245,pullback_reversal
2025-01-09,MARICO,13.0,GOLD,4.37,426.0,0.003173157149871462,-3.898137684604165,-3.8822718988548077,continuation
2025-01-09,AARTIIND,5.0,GOLD,4.05,474.0,0.06929696524350576,-19.72698881529302,-19.38050398907549,pullback_reversal
2025-01-10,PTCIL,6.0,GOLD-baseline,0.36,10.0,0.26455822701325304,28.053279522389985,29.37607065745625,continuation
2025-01-10,RKFORGE,10.0,GOLD,0.62,151.0,0.03408393768152068,-0.5341865663753094,-0.36376687796770596,continuation
2025-01-13,SRF,2.0,GOLD-baseline,0.61,1.0,0.0,127.71865673365198,127.71865673365198,continuation
2025-01-13,VIJAYA,7.0,GOLD-baseline,1.4,7.0,0.0,34.35833078480635,34.35833078480635,continuation
2025-01-14,HUDCO,15.0,PREMIUM-Pullback,1.0,15.0,0.0,9.24661625803933,9.24661625803933,pullback_reversal
2025-01-14,ADANIGREEN,6.0,PREMIUM-Pullback,3.56,40.0,0.0,1.6554467659266034,1.6554467659266034,dryup_compression
2025-01-14,SWANCORP,13.0,PREMIUM-Pullback,1.42,53.0,0.0,1.3788050609020246,1.3788050609020246,pullback_reversal
2025-01-14,RVNL,5.0,PREMIUM-Pullback,1.47,57.0,0.0,1.2343280167836452,1.2343280167836452,pullback_reversal
2025-01-14,IRCON,9.0,PREMIUM-Pullback,0.57,59.0,0.0,1.2246601428007842,1.2246601428007842,pullback_reversal
2025-01-14,ADANIENSOL,14.0,PREMIUM-Pullback,2.19,85.0,0.0,0.6825987264948005,0.6825987264948005,pullback_reversal
2025-01-14,NBCC,4.0,PREMIUM-Pullback,0.36,107.0,0.0,0.31967259233014467,0.31967259233014467,pullback_reversal
2025-01-14,GMDCLTD,8.0,PREMIUM-Pullback,0.16,116.0,0.0,0.22187694609512487,0.22187694609512487,pullback_reversal
2025-01-14,IDEA,1.0,GOLD,2.18,405.0,0.0,-3.0763026645216343,-3.0763026645216343,continuation
2025-01-16,RVNL,7.0,GOLD,5.14,5.0,0.33587392978952685,57.068204122079216,58.74757377102685,pullback_reversal
2025-01-16,GMDCLTD,2.0,GOLD,9.81,7.0,0.20143443178809642,35.58965913118601,36.596831290126495,dryup_compression
2025-01-16,SWANCORP,12.0,ENTERPRISE-Dryup,2.38,15.0,0.09098884844973673,13.301521681242455,13.75646592349114,recovery
2025-01-16,HUDCO,8.0,GOLD,3.44,17.0,0.028612845424445487,10.06698305489684,10.210047282019067,pullback_reversal
2025-01-16,SAMMAANCAP,14.0,GOLD,7.4,23.0,0.0,7.237431418021489,7.237431418021489,pullback_reversal
2025-01-16,JWL,6.0,GOLD,12.25,61.0,0.0,1.0579837321859138,1.0579837321859138,pullback_reversal
2025-01-16,BDL,9.0,ENTERPRISE-Dryup,5.43,131.0,0.03310914970542981,-0.48189747573165764,-0.3163517272045086,pullback_reversal
2025-01-16,IDBI,11.0,GOLD-baseline,6.67,351.0,0.0,-2.6945530815218213,-2.6945530815218213,continuation
2025-01-16,RAILTEL,1.0,ENTERPRISE-Dryup,6.68,473.0,0.05150312176400192,-17.593981921400825,-17.336466312580814,dryup_compression
2025-01-16,RPOWER,5.0,GOLD,2.87,474.0,0.047824327352287505,-20.967734070241807,-20.728612433480368,recovery
2025-01-21,NAVA,15.0,GOLD,0.58,158.0,0.0,-0.28878800195909016,-0.28878800195909016,pullback_reversal
2025-01-21,MPHASIS,8.0,ENTERPRISE-Dryup,1.05,181.0,0.0,-0.6192743982492184,-0.6192743982492184,pullback_reversal
2025-01-21,ULTRACEMCO,7.0,PREMIUM-Compression,0.88,219.0,0.0,-0.9794425698559762,-0.9794425698559762,continuation
2025-01-21,CGCL,2.0,GOLD,0.7,262.0,0.0,-1.5121340638920746,-1.5121340638920746,continuation
2025-01-22,MPHASIS,8.0,ENTERPRISE-Dryup,0.51,4.0,0.38009254675325027,57.90146339737066,59.801926131136916,dryup_compression
2025-01-22,PERSISTENT,1.0,ENTERPRISE-Dryup,0.1,181.0,0.0,-0.5846497901168143,-0.5846497901168143,pullback_reversal
2025-01-22,KEI,12.0,ENTERPRISE-Dryup,0.37,461.0,0.012130613194252666,-6.095662191684459,-6.035009125713196,pullback_reversal
2025-01-23,MPHASIS,8.0,ENTERPRISE-Dryup,3.63,1.0,0.5815168582211477,95.70157670041135,98.60916099151709,continuation
2025-01-23,PERSISTENT,3.0,PREMIUM-Pullback,8.29,2.0,0.6166395040411773,93.36970859992569,96.45290612013157,pullback_reversal
2025-01-23,CGCL,1.0,GOLD,1.01,4.0,0.46832642104733857,44.91491340576725,47.25654551100394,continuation
2025-01-23,ULTRACEMCO,10.0,PREMIUM-Compression,6.71,7.0,0.28949289510871035,35.1134802119344,36.56094468747796,continuation
2025-01-23,NAVA,15.0,ENTERPRISE-Dryup,4.62,216.0,0.045091994490357765,-0.79926937584699,-0.5738094033952011,pullback_reversal
2025-01-23,KFINTECH,12.0,ENTERPRISE-Dryup,1.67,460.0,0.023166996429395938,-7.141501774115177,-7.025666791968198,pullback_reversal
2025-01-23,LAURUSLABS,11.0,ENTERPRISE-Dryup,2.62,465.0,0.03032653298563167,-13.864700525675339,-13.71306786074718,continuation
2025-01-23,AMBER,5.0,PREMIUM-Pullback,6.9,467.0,0.06671837256838968,-22.179681461029308,-21.84608959818736,pullback_reversal
2025-01-23,POLICYBZR,9.0,PREMIUM-Pullback,4.51,469.0,0.06452991265017088,-24.38524877691518,-24.062599213664324,pullback_reversal
2025-01-23,WOCKPHARMA,6.0,PREMIUM-Pullback,10.26,470.0,0.08033932025613796,-31.47233858948372,-31.07064198820303,pullback_reversal
2025-01-23,COFORGE,2.0,PREMIUM-Pullback,5.34,473.0,0.12299451870321543,-48.5496157795082,-47.93464318599212,pullback_reversal
2025-01-23,ZENSARTECH,4.0,ENTERPRISE-Dryup,11.92,474.0,0.12060800651780353,-51.12299690603986,-50.519956873450845,continuation
2025-01-24,CGCL,1.0,GOLD,4.84,4.0,0.46749877389169503,70.76675186559045,73.10424573504892,continuation
2025-01-24,FIVESTAR,4.0,ENTERPRISE-Dryup,5.58,474.0,0.02262540410452083,-17.963189680983213,-17.85006266046061,continuation
2025-01-27,COFORGE,5.0,GOLD-baseline,0.16,8.0,0.0,38.865491659294186,38.865491659294186,continuation
2025-01-27,POLICYBZR,7.0,GOLD,1.01,11.0,0.0,17.047298546573575,17.047298546573575,continuation
2025-01-28,SYRMA,15.0,PREMIUM-Pullback,0.73,61.0,0.0,1.0659691318132025,1.0659691318132025,pullback_reversal
2025-01-28,JMFINANCIL,6.0,PREMIUM-Pullback,0.42,120.0,0.0,-0.0349135758339591,-0.0349135758339591,recovery
2025-01-28,GRAVITA,3.0,GOLD-baseline,1.5,144.0,0.0,-0.3587436803795141,-0.3587436803795141,pullback_reversal
2025-01-28,BRIGADE,11.0,GOLD-baseline,0.63,163.0,0.0,-0.5971463523088929,-0.5971463523088929,continuation
2025-01-28,OLECTRA,12.0,PREMIUM-Pullback,0.24,214.0,0.0,-1.2915185197703254,-1.2915185197703254,pullback_reversal
2025-01-28,KPITTECH,4.0,GOLD-baseline,1.04,344.0,0.0,-2.4709165307400847,-2.4709165307400847,continuation
2025-01-29,GRAVITA,9.0,PREMIUM-Pullback,11.7,2.0,0.6570748813553529,79.59081375981403,82.8761881665908,pullback_reversal
2025-01-29,KPITTECH,5.0,GOLD,9.03,4.0,0.569330112583592,69.15945643933149,72.00610700224945,pullback_reversal
2025-01-29,JMFINANCIL,3.0,GOLD,6.93,6.0,0.4326585372616785,54.20326440216712,56.36655708847552,continuation
2025-01-29,SYRMA,6.0,PREMIUM-Pullback,11.01,20.0,0.0453550148874002,7.469502421130178,7.6962774955671795,pullback_reversal
2025-01-29,NEWGEN,12.0,PREMIUM-Pullback,8.89,36.0,0.0,1.9189376612649254,1.9189376612649254,pullback_reversal
2025-01-29,JUBLPHARMA,15.0,GOLD,5.55,156.0,0.0,-0.585062648427195,-0.585062648427195,pullback_reversal
2025-01-29,NETWEB,10.0,PREMIUM-Pullback,6.4,403.0,0.018195919791379005,-3.391811822911314,-3.3008322239544188,pullback_reversal
2025-01-29,GODFRYPHLP,7.0,GOLD,3.09,466.0,0.012130613194252666,-5.869367637658594,-5.8087145716873305,continuation
2025-01-29,KALYANKJIL,14.0,GOLD-baseline,2.24,468.0,0.03639183958275801,-10.061662191565855,-9.879702993652066,recovery
2025-01-29,PGEL,2.0,PREMIUM-Pullback,13.67,470.0,0.04852245277701067,-13.192704520233457,-12.950092256348404,pullback_reversal
2025-01-29,TRENT,13.0,GOLD-baseline,2.11,471.0,0.042457146179884345,-14.003959078770054,-13.791673347870631,continuation
2025-01-29,ZENTEC,1.0,PREMIUM-Pullback,6.4,474.0,0.08491429235976868,-24.02406049754901,-23.599489035750164,pullback_reversal
2025-01-31,PGEL,5.0,GOLD,7.87,1.0,1.0,90.28814635833017,95.28814635833017,pullback_reversal
2025-01-31,JMFINANCIL,11.0,GOLD,3.04,3.0,0.648111496860378,82.93040226900015,86.17095975330204,pullback_reversal
2025-01-31,GRAVITA,3.0,GOLD,3.44,4.0,0.4499237417386885,81.94007085273057,84.18968956142402,pullback_reversal
2025-01-31,ZENTEC,4.0,GOLD,4.12,6.0,0.6754303144745443,64.32927412765711,67.70642570002984,pullback_reversal
2025-01-31,GODFRYPHLP,15.0,ENTERPRISE-Dryup,0.6,9.0,0.29708039799549724,30.872738309165175,32.35814029914266,continuation
2025-01-31,TRENT,8.0,ENTERPRISE-Dryup,3.52,24.0,0.0883506427482025,4.40997575052567,4.851728964266683,recovery
2025-01-31,KALYANKJIL,12.0,GOLD-baseline,9.34,25.0,0.05984457840075531,3.467902848980292,3.7671257409840684,pullback_reversal
2025-01-31,PNBHOUSING,14.0,GOLD,2.18,334.0,0.0,-2.6201867304638964,-2.6201867304638964,pullback_reversal
2025-01-31,PCBL,2.0,ENTERPRISE-Dryup,2.98,474.0,0.0,-9.735204392034374,-9.735204392034374,recovery
2025-01-31,JUBLFOOD,9.0,PREMIUM-Compression,1.91,475.0,0.0,-10.47545745948638,-10.47545745948638,continuation
2025-01-31,POLYMED,7.0,GOLD,0.31,476.0,0.05388369321047699,-25.17349201135224,-24.904073545299855,recovery
2025-02-01,PNBHOUSING,9.0,ENTERPRISE-Dryup,0.24,22.0,0.10722946844071572,4.069672561190223,4.605819903393802,continuation
2025-02-01,GPIL,14.0,ENTERPRISE-Dryup,1.45,194.0,0.0,-1.2460858383050242,-1.2460858383050242,continuation
2025-02-03,LTFOODS,12.0,ENTERPRISE-Dryup,0.66,234.0,0.0,-1.5091170737556567,-1.5091170737556567,pullback_reversal
2025-02-03,HSCL,5.0,ENTERPRISE-Dryup,0.04,475.0,0.01471517764685769,-5.942057995638341,-5.868482107404052,dryup_compression
2025-02-04,KFINTECH,3.0,ENTERPRISE-Dryup,2.8,33.0,0.0,2.206492452910496,2.206492452910496,pullback_reversal
2025-02-04,ABB,12.0,PREMIUM-Pullback,6.71,56.0,0.0,1.1339117466367128,1.1339117466367128,pullback_reversal
2025-02-04,GICRE,14.0,PREMIUM-Pullback,2.7,143.0,0.0,-0.5026625966016439,-0.5026625966016439,pullback_reversal
2025-02-04,JYOTICNC,5.0,PREMIUM-Pullback,4.08,156.0,0.0,-0.6358687838568075,-0.6358687838568075,pullback_reversal
2025-02-04,AEGISLOG,7.0,ENTERPRISE-Dryup,11.45,187.0,0.0,-1.0243400159563076,-1.0243400159563076,continuation
2025-02-04,NATCOPHARM,2.0,ENTERPRISE-Dryup,5.72,191.0,0.0,-1.0828989090478784,-1.0828989090478784,continuation
2025-02-04,ABBOTINDIA,15.0,PREMIUM-Compression,0.43,237.0,0.0,-1.59211784271409,-1.59211784271409,continuation
2025-02-04,SPLPETRO,11.0,GOLD-baseline,2.56,313.0,0.0,-2.3666515491932665,-2.3666515491932665,continuation
2025-02-05,ABBOTINDIA,2.0,PREMIUM-Compression,5.7,33.0,0.03918820087762064,2.5024252936042144,2.6983662979923175,continuation
2025-02-05,REDINGTON,15.0,ENTERPRISE-Dryup,5.11,94.0,0.0,0.27888319381056653,0.27888319381056653,pullback_reversal
2025-02-05,MEDANTA,13.0,ENTERPRISE-Dryup,8.26,150.0,0.0,-0.5911768641537493,-0.5911768641537493,pullback_reversal
2025-02-05,PAYTM,4.0,ENTERPRISE-Dryup,2.72,244.0,0.0,-1.837939225960574,-1.837939225960574,dryup_compression
2025-02-05,ERIS,7.0,GOLD-baseline,11.95,474.0,0.038395904436860084,-12.616391383786956,-12.424411861602655,continuation
2025-02-05,TARIL,1.0,PREMIUM-Pullback,1.61,476.0,0.08227693807898588,-18.545479101514662,-18.134094411119733,pullback_reversal
2025-02-06,POWERINDIA,4.0,GOLD,1.72,138.0,0.0,-0.6288592718208913,-0.6288592718208913,pullback_reversal
2025-02-06,GLAXO,13.0,GOLD-baseline,0.25,180.0,0.0,-1.3217251519650601,-1.3217251519650601,continuation
2025-02-07,PAYTM,3.0,ENTERPRISE-Dryup,1.41,6.0,0.42772116360199697,52.73709399909878,54.87569981710877,continuation
2025-02-07,KFINTECH,5.0,GOLD-baseline,3.81,9.0,0.0,47.2855931739169,47.2855931739169,continuation
2025-02-07,JYOTICNC,7.0,GOLD-baseline,1.32,10.0,0.0,43.930398630796454,43.930398630796454,continuation
2025-02-07,JMFINANCIL,14.0,ENTERPRISE-Dryup,5.86,13.0,0.0,32.175264122323625,32.175264122323625,continuation
2025-02-07,CAPLIPOINT,10.0,GOLD,1.28,394.0,0.0,-3.4428188066571908,-3.4428188066571908,continuation
2025-02-07,GABRIEL,13.0,PREMIUM-Compression,2.51,442.0,0.0,-4.225411774563672,-4.225411774563672,continuation
2025-02-07,CHAMBLFERT,4.0,GOLD-baseline,6.99,475.0,0.054587759374137006,-17.86003098542903,-17.587092188558344,continuation
2025-02-07,GODFRYPHLP,1.0,GOLD,15.81,476.0,0.12538103088862734,-37.89539210374075,-37.26848694929761,pullback_reversal
2025-02-10,AEGISLOG,11.0,GOLD-baseline,1.24,10.0,0.0,34.683500324653366,34.683500324653366,continuation
2025-02-10,JSWENERGY,8.0,GOLD,0.05,473.0,0.0,-7.026697987394342,-7.026697987394342,recovery
2025-02-10,CASTROLIND,12.0,GOLD-baseline,1.82,475.0,0.0,-10.879828329204052,-10.879828329204052,continuation
2025-02-11,CHOLAHLDNG,11.0,GOLD,1.08,190.0,0.0,-1.2871744834612873,-1.2871744834612873,pullback_reversal
2025-02-11,DCMSHRIRAM,15.0,ENTERPRISE-Dryup,0.01,238.0,0.0,-1.7632155318672311,-1.7632155318672311,recovery
2025-02-12,SUNDARMFIN,14.0,ENTERPRISE-Dryup,0.71,251.0,0.0,-1.5287405707384571,-1.5287405707384571,pullback_reversal
2025-02-12,HONASA,3.0,PREMIUM-Pullback,2.6,474.0,0.08491429235976868,-30.920582532336695,-30.49601107053785,recovery
2025-02-13,HONASA,3.0,ENTERPRISE-Dryup,7.95,1.0,0.8049489857181399,90.39608250398473,94.42082743257544,recovery
2025-02-13,CHOLAHLDNG,11.0,GOLD,2.52,11.0,0.1446992468607673,29.031925254558747,29.755421488862584,continuation
2025-02-13,DCMSHRIRAM,14.0,ENTERPRISE-Dryup,0.86,36.0,0.024566171571559624,3.1410698273574593,3.2639006852152574,continuation
2025-02-13,SARDAEN,15.0,GOLD-baseline,4.59,278.0,0.0,-1.5258338173642243,-1.5258338173642243,pullback_reversal
2025-02-13,JUBLFOOD,13.0,ENTERPRISE-Dryup,3.59,464.0,0.029232303026522275,-7.975436473177002,-7.82927495804439,pullback_reversal
2025-02-13,REDINGTON,12.0,GOLD-baseline,7.29,467.0,0.03032653298563167,-12.782164711671614,-12.630532046743456,continuation
2025-02-13,CRISIL,5.0,GOLD-baseline,0.71,470.0,0.04414553294057308,-25.48306676391056,-25.262339099207693,pullback_reversal
2025-02-13,PARADEEP,6.0,ENTERPRISE-Dryup,3.59,472.0,0.09008342126497873,-37.60672936260835,-37.15631225628346,pullback_reversal
2025-02-13,JBCHEPHARM,1.0,GOLD-baseline,3.19,476.0,0.14009620853548502,-64.72289491722069,-64.02241387454326,continuation
2025-02-14,ASHOKLEY,10.0,GOLD-baseline,0.32,474.0,0.017526964644237846,-24.632717184350128,-24.545082361128937,continuation
2025-02-17,REDINGTON,9.0,GOLD-baseline,0.57,7.0,0.0,25.76154200632095,25.76154200632095,continuation
2025-02-17,GESHIP,15.0,GOLD,0.46,463.0,0.0,-4.036448781481485,-4.036448781481485,continuation
2025-02-18,AEGISLOG,2.0,PREMIUM-Pullback,1.05,6.0,0.0,31.046592862319336,31.046592862319336,pullback_reversal
2025-02-18,NETWEB,3.0,PREMIUM-Pullback,1.1,32.0,0.0,3.7529686845252117,3.7529686845252117,pullback_reversal
2025-02-18,JSWINFRA,9.0,PREMIUM-Pullback,0.2,80.0,0.0,1.4696780166684342,1.4696780166684342,pullback_reversal
2025-02-19,AEGISLOG,6.0,PREMIUM-Pullback,12.54,1.0,0.6651619568181879,129.59812559553788,132.92393537962883,pullback_reversal
2025-02-19,NETWEB,2.0,ENTERPRISE-Dryup,11.72,2.0,0.6220308876830675,106.46991286320429,109.58006730161962,pullback_reversal
2025-02-19,JSWINFRA,8.0,GOLD,0.8,5.0,0.2924825625725366,51.07430876422875,52.536721577091434,recovery
2025-02-19,PGEL,4.0,ENTERPRISE-Dryup,9.99,15.0,0.0,8.57291366692335,8.57291366692335,pullback_reversal
2025-02-19,DEEPAKFERT,7.0,ENTERPRISE-Dryup,6.76,133.0,0.0,0.5062113538984797,0.5062113538984797,recovery
2025-02-19,BALRAMCHIN,11.0,ENTERPRISE-Dryup,3.86,206.0,0.0,-0.5779830224208646,-0.5779830224208646,continuation
2025-02-19,CESC,10.0,GOLD,3.58,262.0,0.0,-1.1424395249251715,-1.1424395249251715,continuation
2025-02-19,BIKAJI,14.0,GOLD,11.04,460.0,0.012130613194252666,-3.780916183428733,-3.7202631174574696,pullback_reversal
2025-02-19,TECHNOE,15.0,ENTERPRISE-Dryup,8.96,464.0,0.018195919791379005,-6.277832906868349,-6.186853307911455,pullback_reversal
2025-02-19,KAYNES,9.0,ENTERPRISE-Dryup,6.42,467.0,0.024261226388505332,-9.46382307656587,-9.342516944623343,recovery
2025-02-19,AMBER,12.0,PREMIUM-Pullback,1.26,470.0,0.04852245277701067,-17.49993578793222,-17.257323524047166,pullback_reversal
2025-02-19,DEVYANI,5.0,ENTERPRISE-Dryup,5.17,473.0,0.06671837256838968,-28.299345475298693,-27.965753612456744,continuation
2025-02-19,VIJAYA,1.0,GOLD,4.67,474.0,0.09097959895689502,-36.749757841124804,-36.29485984634033,dryup_compression
2025-02-20,JSWINFRA,5.0,GOLD,0.94,6.0,0.26548277517011304,42.32159826416052,43.64901214001109,pullback_reversal
2025-02-21,AEGISLOG,2.0,GOLD-baseline,2.25,2.0,0.7473395678813287,105.1905867201874,108.92728455959404,pullback_reversal
2025-02-21,VIJAYA,1.0,ENTERPRISE-Dryup,7.43,5.0,0.6451547887778137,51.22048116898089,54.446255112869956,recovery
2025-02-21,KAYNES,10.0,ENTERPRISE-Dryup,3.56,8.0,0.35045146726862314,29.536154900037282,31.2884122363804,continuation
2025-02-21,HSCL,12.0,GOLD,1.92,158.0,0.0,-0.4553525079122458,-0.4553525079122458,continuation
2025-02-24,BSE,13.0,GOLD-baseline,0.21,456.0,0.0,-4.02664758642434,-4.02664758642434,continuation
2025-02-25,PGEL,10.0,ENTERPRISE-Dryup,1.17,5.0,0.0,51.38770779417469,51.38770779417469,pullback_reversal
2025-02-25,CHOLAHLDNG,5.0,ENTERPRISE-Dryup,3.8,110.0,0.0,0.41710318412911174,0.41710318412911174,continuation
2025-02-25,CRAFTSMAN,3.0,ENTERPRISE-Dryup,1.82,280.0,0.0,-1.5872187828873507,-1.5872187828873507,continuation
2025-02-25,PATANJALI,1.0,PREMIUM-Compression,0.23,416.0,0.0,-3.227010847337935,-3.227010847337935,dryup_compression
2025-02-25,FIVESTAR,4.0,ENTERPRISE-Dryup,1.84,423.0,0.0,-3.310274790477151,-3.310274790477151,continuation
2025-02-27,CRAFTSMAN,2.0,ENTERPRISE-Dryup,0.53,4.0,0.41554026654987586,69.16022490592572,71.2379262386751,continuation
2025-02-27,FIVESTAR,4.0,GOLD,3.3,7.0,0.38455664250454774,63.079464841911225,65.00224805443396,continuation
2025-02-27,SHRIRAMFIN,15.0,GOLD,2.8,466.0,0.0036787944117144195,-5.245323998410848,-5.226930026352276,continuation
2025-02-27,AUBANK,12.0,ENTERPRISE-Dryup,1.79,470.0,0.018393972058572114,-9.195673879457303,-9.103704019164443,continuation
2025-02-27,HOMEFIRST,3.0,PREMIUM-Pullback,1.69,477.0,0.05150312176400192,-20.765039177734728,-20.507523568914717,pullback_reversal
2025-02-28,PGEL,9.0,ENTERPRISE-Dryup,0.6,7.0,0.03639183958275801,34.672076804243396,34.85403600215719,pullback_reversal
2025-02-28,HEG,12.0,ENTERPRISE-Dryup,0.07,472.0,0.03032653298563167,-11.067498608295645,-10.915865943367487,continuation
2025-02-28,COHANCE,7.0,ENTERPRISE-Dryup,0.21,477.0,0.04852245277701067,-23.383661269530936,-23.141049005645883,pullback_reversal
2025-03-04,VIJAYA,7.0,GOLD-baseline,4.86,4.0,0.0,50.6793267580946,50.6793267580946,continuation
2025-03-04,DEEPAKFERT,6.0,PREMIUM-Pullback,5.52,16.0,0.0,8.004239319491102,8.004239319491102,pullback_reversal
2025-03-04,JYOTICNC,8.0,GOLD-baseline,12.81,23.0,0.0,2.905243645859052,2.905243645859052,pullback_reversal
2025-03-04,CAPLIPOINT,4.0,PREMIUM-Pullback,12.66,30.0,0.0,2.5430838893410095,2.5430838893410095,pullback_reversal
2025-03-04,JUBLINGREA,10.0,PREMIUM-Pullback,5.16,48.0,0.0,2.074914971345517,2.074914971345517,pullback_reversal
2025-03-04,DCMSHRIRAM,3.0,GOLD,7.62,74.0,0.0,1.6047483384967132,1.6047483384967132,pullback_reversal
2025-03-04,WELCORP,13.0,PREMIUM-Pullback,3.5,111.0,0.0,0.7755397665562995,0.7755397665562995,pullback_reversal
2025-03-04,TARIL,12.0,PREMIUM-Pullback,8.2,113.0,0.0,0.7685446523848548,0.7685446523848548,pullback_reversal
2025-03-04,JINDALSAW,11.0,GOLD,1.44,118.0,0.0,0.5885316642514338,0.5885316642514338,pullback_reversal
2025-03-04,NAVA,2.0,PREMIUM-Pullback,0.45,155.0,0.0,0.04206043583967532,0.04206043583967532,pullback_reversal
2025-03-04,NEULANDLAB,5.0,GOLD-baseline,11.37,170.0,0.0,-0.22032525237488176,-0.22032525237488176,pullback_reversal
2025-03-04,SAREGAMA,14.0,PREMIUM-Pullback,4.45,210.0,0.0,-0.670176917624306,-0.670176917624306,pullback_reversal
2025-03-04,ACUTAAS,15.0,GOLD-baseline,7.08,285.0,0.0,-1.326249558414199,-1.326249558414199,pullback_reversal
2025-03-04,SHYAMMETL,1.0,GOLD,3.54,321.0,0.0,-1.6802086551768394,-1.6802086551768394,continuation
2025-03-04,INDIACEM,9.0,ENTERPRISE-Dryup,15.63,472.0,0.0,-11.903492518078316,-11.903492518078316,continuation
2025-03-05,NAVA,1.0,ENTERPRISE-Dryup,7.33,9.0,0.40326902465166126,47.18439987094374,49.20074499420205,pullback_reversal
2025-03-05,LLOYDSME,10.0,GOLD,5.54,37.0,0.0,1.5668949720393317,1.5668949720393317,pullback_reversal
2025-03-05,DATAPATTNS,11.0,GOLD-baseline,0.26,43.0,0.0,1.2780106775539486,1.2780106775539486,pullback_reversal
2025-03-05,TRITURBINE,7.0,ENTERPRISE-Dryup,3.58,103.0,0.0,0.03452397406146879,0.03452397406146879,recovery
2025-03-05,PCBL,8.0,GOLD,4.73,314.0,0.0,-2.3633297620005003,-2.3633297620005003,continuation
2025-03-06,JYOTICNC,4.0,GOLD-baseline,9.97,6.0,0.3583182887654612,49.99152789337591,51.78311933720322,pullback_reversal
2025-03-07,NEULANDLAB,8.0,GOLD,2.14,4.0,0.0,53.96977892140447,53.96977892140447,continuation
2025-03-07,PCBL,14.0,ENTERPRISE-Dryup,1.56,11.0,0.27167914751478,29.97393912245341,31.33233486002731,continuation
2025-03-07,DATAPATTNS,9.0,GOLD,15.54,17.0,0.1272407099196693,8.508661174156298,9.144864723754644,pullback_reversal
2025-03-07,SAREGAMA,13.0,ENTERPRISE-Dryup,2.74,24.0,0.0,4.409821410590255,4.409821410590255,dryup_compression
2025-03-07,ANANTRAJ,7.0,ENTERPRISE-Dryup,8.79,39.0,0.0,1.7663310869134483,1.7663310869134483,pullback_reversal
2025-03-07,TITAGARH,11.0,GOLD,5.42,93.0,0.0,0.21862683195959143,0.21862683195959143,dryup_compression
2025-03-07,PARADEEP,6.0,GOLD,0.96,160.0,0.0,-0.8002213441134058,-0.8002213441134058,continuation
2025-03-07,RPOWER,15.0,GOLD-baseline,2.21,205.0,0.0,-1.1944881236205225,-1.1944881236205225,continuation
2025-03-10,JINDALSAW,12.0,GOLD,0.78,24.0,0.0,7.178758432131599,7.178758432131599,continuation
2025-03-10,HBLENGINE,9.0,ENTERPRISE-Dryup,0.04,123.0,0.0,-0.47590066542141385,-0.47590066542141385,recovery
2025-03-10,LTFOODS,6.0,GOLD,1.62,185.0,0.0,-1.2616974606535685,-1.2616974606535685,pullback_reversal
2025-03-10,GRAVITA,1.0,GOLD,2.26,202.0,0.0,-1.3915300539967685,-1.3915300539967685,continuation
2025-03-10,HSCL,10.0,GOLD,0.21,475.0,0.0,-7.303130857968046,-7.303130857968046,continuation
2025-03-11,JYOTICNC,7.0,GOLD-baseline,1.28,2.0,0.0,86.8003108131002,86.8003108131002,continuation
2025-03-11,KALYANKJIL,11.0,GOLD-baseline,4.3,34.0,0.0,2.2418615731404348,2.2418615731404348,pullback_reversal
2025-03-11,MCX,12.0,ENTERPRISE-Dryup,5.73,50.0,0.0,1.143667863520251,1.143667863520251,pullback_reversal
2025-03-11,GODFRYPHLP,1.0,PREMIUM-Pullback,5.02,98.0,0.0,-0.11174981513503035,-0.11174981513503035,pullback_reversal
2025-03-11,ADANIGREEN,6.0,GOLD-baseline,1.7,141.0,0.0,-0.7788088272418995,-0.7788088272418995,continuation
2025-03-11,GRAPHITE,8.0,GOLD,7.39,181.0,0.0,-1.2828373058780869,-1.2828373058780869,continuation
2025-03-11,TATACOMM,9.0,ENTERPRISE-Dryup,8.93,203.0,0.0,-1.4975115624714797,-1.4975115624714797,continuation
2025-03-11,KIMS,2.0,GOLD-baseline,2.34,209.0,0.0,-1.5749003739346472,-1.5749003739346472,continuation
2025-03-11,MRPL,10.0,GOLD,3.52,243.0,0.0,-1.9817664665980657,-1.9817664665980657,continuation
2025-03-11,TIINDIA,13.0,GOLD-baseline,6.89,355.0,0.0,-3.078700499971707,-3.078700499971707,continuation
2025-03-11,CHENNPETRO,5.0,GOLD,9.65,391.0,0.0,-3.492349282179177,-3.492349282179177,continuation
2025-03-11,ZFCVINDIA,14.0,ENTERPRISE-Dryup,0.26,414.0,0.0,-3.8157646629704765,-3.8157646629704765,dryup_compression
2025-03-12,ZFCVINDIA,15.0,ENTERPRISE-Dryup,0.48,38.0,0.07272727272727272,3.222230876303332,3.5858672399396956,dryup_compression
2025-03-12,DOMS,14.0,GOLD-baseline,3.19,441.0,0.0,-4.511671037398895,-4.511671037398895,continuation
2025-03-12,AAVAS,6.0,GOLD-baseline,1.16,454.0,0.0,-4.793145013628886,-4.793145013628886,continuation
2025-03-18,DCMSHRIRAM,15.0,GOLD,1.52,14.0,0.0,21.85630539878128,21.85630539878128,continuation
2025-03-18,RPOWER,10.0,ENTERPRISE-Dryup,4.45,38.0,0.0,2.911370027505858,2.911370027505858,pullback_reversal
2025-03-18,TEJASNET,8.0,GOLD-baseline,1.89,48.0,0.0,1.4526457356004694,1.4526457356004694,pullback_reversal
2025-03-18,JPPOWER,7.0,GOLD,2.05,77.0,0.0,0.7202943273963177,0.7202943273963177,pullback_reversal
2025-03-18,JWL,13.0,ENTERPRISE-Dryup,4.28,83.0,0.0,0.5900424608934711,0.5900424608934711,pullback_reversal
2025-03-18,NIACL,9.0,ENTERPRISE-Dryup,2.37,90.0,0.0,0.5255890809279752,0.5255890809279752,pullback_reversal
2025-03-18,RHIM,12.0,ENTERPRISE-Dryup,2.83,94.0,0.0,0.4140517409804995,0.4140517409804995,pullback_reversal
2025-03-18,SYRMA,11.0,ENTERPRISE-Dryup,4.85,113.0,0.0,0.05844668487481014,0.05844668487481014,dryup_compression
2025-03-18,UTIAMC,14.0,ENTERPRISE-Dryup,2.25,118.0,0.0,-0.050110331855227785,-0.050110331855227785,pullback_reversal
2025-03-18,BSE,2.0,GOLD-baseline,3.56,123.0,0.0,-0.18086868861950173,-0.18086868861950173,recovery
2025-03-18,KFINTECH,4.0,ENTERPRISE-Dryup,1.51,220.0,0.0,-1.8488926317619767,-1.8488926317619767,recovery
2025-03-18,MAXHEALTH,6.0,ENTERPRISE-Dryup,1.55,400.0,0.0,-3.4873710386343197,-3.4873710386343197,continuation
2025-03-20,MANKIND,6.0,GOLD-baseline,1.27,70.0,0.0,0.7604897406086217,0.7604897406086217,pullback_reversal
2025-03-20,MRPL,5.0,GOLD,0.58,127.0,0.0,-0.45088814127625876,-0.45088814127625876,pullback_reversal
2025-03-20,BLS,3.0,GOLD-baseline,0.67,213.0,0.0,-1.4663455488470234,-1.4663455488470234,continuation
2025-03-21,BSE,6.0,GOLD-baseline,7.08,2.0,0.0,86.87979534068951,86.87979534068951,continuation
2025-03-21,TEJASNET,2.0,GOLD-baseline,11.73,8.0,0.0,43.09451883945997,43.09451883945997,recovery
2025-03-21,RPOWER,5.0,GOLD,3.84,9.0,0.0,40.54238864041497,40.54238864041497,continuation
2025-03-21,NIACL,11.0,GOLD,8.22,10.0,0.0,38.66173958177398,38.66173958177398,continuation
2025-03-21,JWL,14.0,ENTERPRISE-Dryup,10.59,14.0,0.0,19.03516130036584,19.03516130036584,continuation
2025-03-21,PCBL,3.0,GOLD,7.97,37.0,0.0,2.6570076272265206,2.6570076272265206,continuation
2025-03-21,NETWEB,15.0,GOLD,7.03,60.0,0.0,1.011518670494401,1.011518670494401,pullback_reversal
2025-03-21,JMFINANCIL,1.0,GOLD,5.91,110.0,0.0,-0.26221001712457936,-0.26221001712457936,recovery
2025-03-21,ELECON,9.0,GOLD,3.72,149.0,0.0,-0.8307106180132278,-0.8307106180132278,continuation
2025-03-21,RAILTEL,4.0,GOLD,4.05,159.0,0.0,-0.9627794466374935,-0.9627794466374935,pullback_reversal
2025-03-21,GICRE,12.0,GOLD,8.59,324.0,0.0,-2.6697427556141613,-2.6697427556141613,continuation
2025-03-21,MANAPPURAM,13.0,GOLD-baseline,3.32,373.0,0.0,-3.1321383751478855,-3.1321383751478855,fresh_breakout
2025-03-24,LODHA,4.0,GOLD-baseline,2.44,258.0,0.0,-1.808675758399825,-1.808675758399825,continuation
2025-03-25,ADANIENSOL,10.0,ENTERPRISE-Dryup,0.19,170.0,0.0,-0.9811819409125959,-0.9811819409125959,pullback_reversal
2025-03-25,ASTERDM,2.0,GOLD,0.26,207.0,0.0,-1.2791997631764944,-1.2791997631764944,pullback_reversal
2025-03-25,HEG,13.0,ENTERPRISE-Dryup,9.38,266.0,0.0,-1.990462532329171,-1.990462532329171,dryup_compression
2025-03-26,RPOWER,1.0,GOLD,7.49,11.0,0.07884898576264235,28.12568949150878,28.51993442032199,continuation
2025-03-26,BEML,4.0,GOLD,0.47,251.0,0.0,-1.8328079135505728,-1.8328079135505728,continuation
2025-03-26,NAVA,8.0,GOLD,3.59,475.0,0.054587759374137006,-16.810656294981275,-16.537717498110588,pullback_reversal
2025-03-26,CUB,5.0,GOLD,1.33,476.0,0.06671837256838968,-23.54552528016543,-23.21193341732348,dryup_compression
2025-03-26,ZFCVINDIA,6.0,GOLD,5.01,477.0,0.07278367916551602,-25.941702762564883,-25.577784366737305,dryup_compression
2025-03-27,BEML,3.0,GOLD,17.8,3.0,0.3706914836830579,55.07375193990937,56.92720935832466,continuation
2025-03-27,ASTERDM,2.0,GOLD,3.94,10.0,0.3139530890956919,28.18031645559438,29.75008190107284,continuation
2025-03-27,ADANIENSOL,12.0,ENTERPRISE-Dryup,8.34,15.0,0.12474097245956889,15.017044949406428,15.640749811704271,pullback_reversal
2025-03-27,BSE,1.0,ENTERPRISE-Dryup,0.94,22.0,0.09495586020210804,9.695497391041387,10.170276692051928,pullback_reversal
2025-03-27,GODFRYPHLP,15.0,ENTERPRISE-Dryup,6.0,48.0,0.004297041928319832,1.4405580796498643,1.4620432892914634,dryup_compression
2025-03-27,TARIL,13.0,GOLD-baseline,6.91,473.0,0.012891125784959512,-7.035090149777482,-6.970634520852685,continuation
2025-03-27,ERIS,10.0,ENTERPRISE-Dryup,5.36,475.0,0.026697784992792534,-10.540085146824566,-10.406596221860603,pullback_reversal
2025-03-27,FORTIS,8.0,ENTERPRISE-Dryup,3.98,476.0,0.03007929349823886,-13.867010583595963,-13.716614116104768,continuation
2025-03-27,JSWDULUX,9.0,GOLD-baseline,7.97,477.0,0.04909852805726524,-21.492101694359032,-21.246609054072707,continuation
2025-03-28,ZFCVINDIA,11.0,GOLD-baseline,1.72,7.0,0.2086251009922672,30.07762676390687,31.120752268868205,continuation
2025-03-28,NAVA,6.0,GOLD-baseline,1.44,14.0,0.14537436646799945,21.214195994406996,21.941067826746995,continuation
2025-03-28,CUB,3.0,GOLD-baseline,1.56,16.0,0.18371200585762806,13.55411983441547,14.472679863703611,pullback_reversal
2025-03-28,HEG,15.0,GOLD-baseline,0.01,19.0,0.0,10.19651159181744,10.19651159181744,continuation
2025-03-28,GALLANTT,8.0,GOLD-baseline,7.12,245.0,0.0,-1.7078925943875432,-1.7078925943875432,pullback_reversal
2025-04-01,RPOWER,5.0,GOLD-baseline,0.6,2.0,0.0,72.3846375293673,72.3846375293673,continuation
2025-04-01,ADANIENSOL,12.0,GOLD-baseline,1.8,10.0,0.0,27.413305042117816,27.413305042117816,continuation
2025-04-01,ERIS,4.0,ENTERPRISE-Dryup,0.31,16.0,0.0,18.686454652478105,18.686454652478105,continuation
2025-04-01,HONAUT,15.0,GOLD,0.66,476.0,0.0,-7.33376997505654,-7.33376997505654,recovery
2025-04-02,BDL,4.0,ENTERPRISE-Dryup,5.61,81.0,0.0,0.5727077621819888,0.5727077621819888,pullback_reversal
2025-04-02,TATACONSUM,7.0,GOLD,4.2,334.0,0.0,-2.5500007521463104,-2.5500007521463104,continuation
2025-04-02,CREDITACC,15.0,ENTERPRISE-Dryup,0.33,342.0,0.0,-2.606461464120159,-2.606461464120159,continuation
2025-04-02,VTL,1.0,GOLD,0.47,357.0,0.0,-2.7551932388090137,-2.7551932388090137,continuation
2025-04-02,PNBHOUSING,5.0,GOLD,5.44,404.0,0.0,-3.291416031822997,-3.291416031822997,pullback_reversal
2025-04-02,SBFC,13.0,ENTERPRISE-Dryup,1.87,419.0,0.0,-3.4685518013036347,-3.4685518013036347,continuation
2025-04-03,VTL,1.0,ENTERPRISE-Dryup,21.21,4.0,0.6540422280567897,72.09634507696651,75.36655621725046,continuation
2025-04-03,CUB,15.0,GOLD,3.13,10.0,0.0,29.334914803360736,29.334914803360736,continuation
2025-04-03,TEJASNET,12.0,GOLD,11.36,16.0,0.0,14.014445521558077,14.014445521558077,continuation
2025-04-03,CREDITACC,14.0,ENTERPRISE-Dryup,4.01,30.0,0.04265932306645517,2.272566097401663,2.485862712733939,continuation
2025-04-03,TRIDENT,6.0,GOLD,7.62,154.0,0.0,-0.7948945419357692,-0.7948945419357692,continuation
2025-04-03,WHIRLPOOL,10.0,GOLD-baseline,1.62,424.0,0.0,-3.702230223213247,-3.702230223213247,continuation
2025-04-03,GMRAIRPORT,11.0,GOLD,5.7,441.0,0.0,-4.089287623709149,-4.089287623709149,continuation
2025-04-03,PARADEEP,4.0,GOLD-baseline,6.37,465.0,0.0,-4.720252322125971,-4.720252322125971,continuation
2025-04-03,LINDEINDIA,5.0,ENTERPRISE-Dryup,1.14,476.0,0.024261226388505332,-7.668618535063395,-7.547312403120868,pullback_reversal
2025-04-04,TATACONSUM,8.0,GOLD,0.13,9.0,0.14892994315955432,30.4578461198484,31.20249583564617,continuation
2025-04-07,VTL,2.0,GOLD-baseline,3.41,1.0,0.0,148.72573441919093,148.72573441919093,continuation
2025-04-07,PARADEEP,3.0,GOLD-baseline,9.22,2.0,0.0,60.451969329320995,60.451969329320995,continuation
2025-04-07,TATACONSUM,8.0,GOLD-baseline,2.85,3.0,0.0,58.92987245936153,58.92987245936153,fresh_breakout
2025-04-07,TRIDENT,7.0,GOLD-baseline,10.57,4.0,0.0,56.91598852664036,56.91598852664036,continuation
2025-04-07,BDL,4.0,GOLD-baseline,9.79,5.0,0.0,46.12801614498412,46.12801614498412,continuation
2025-04-07,PNBHOUSING,5.0,GOLD-baseline,4.76,7.0,0.0,41.03628327415629,41.03628327415629,continuation
2025-04-07,TEJASNET,10.0,GOLD-baseline,10.1,8.0,0.0,34.91678217958746,34.91678217958746,continuation
2025-04-07,GMRAIRPORT,12.0,GOLD-baseline,6.77,11.0,0.0,22.593812049526328,22.593812049526328,continuation
2025-04-07,LINDEINDIA,11.0,ENTERPRISE-Dryup,7.06,12.0,0.0,20.1031450531531,20.1031450531531,pullback_reversal
2025-04-07,WHIRLPOOL,9.0,ENTERPRISE-Dryup,8.04,17.0,0.0,10.396482360805411,10.396482360805411,continuation
2025-04-07,SBFC,15.0,ENTERPRISE-Dryup,9.76,27.0,0.0,2.556322166517627,2.556322166517627,continuation
2025-04-07,GALLANTT,6.0,GOLD-baseline,10.93,321.0,0.0,-2.424083090740698,-2.424083090740698,continuation
2025-04-07,LEMONTREE,14.0,GOLD,10.73,335.0,0.0,-2.552502053404516,-2.552502053404516,continuation
2025-04-07,ADANIPOWER,13.0,GOLD-baseline,10.77,422.0,0.0,-3.615005953141966,-3.615005953141966,continuation
2025-04-07,GPIL,1.0,GOLD,7.51,456.0,0.0,-4.0523964250156075,-4.0523964250156075,continuation
2025-04-08,LTFOODS,6.0,PREMIUM-Pullback,1.47,163.0,0.0,-0.7971101114228926,-0.7971101114228926,continuation
2025-04-08,FSL,1.0,PREMIUM-Pullback,1.27,228.0,0.0,-1.5207883590853228,-1.5207883590853228,continuation
2025-04-08,CRAFTSMAN,8.0,PREMIUM-Pullback,0.73,290.0,0.0,-2.2152263369220835,-2.2152263369220835,continuation
2025-04-08,MCX,11.0,PREMIUM-Pullback,1.08,320.0,0.0,-2.515589543595573,-2.515589543595573,continuation
2025-04-08,PIIND,10.0,PREMIUM-Pullback,0.63,363.0,0.0,-2.860630200857762,-2.860630200857762,continuation
2025-04-09,SUZLON,15.0,GOLD,0.11,192.0,0.0,-1.1746151912381324,-1.1746151912381324,dryup_compression
2025-04-09,ATUL,11.0,ENTERPRISE-Dryup,1.14,433.0,0.024261226388505332,-3.989409859901274,-3.868103727958747,pullback_reversal
2025-04-11,FSL,4.0,ENTERPRISE-Dryup,0.35,8.0,0.0,46.317339262662784,46.317339262662784,dryup_compression
2025-04-11,FLUOROCHEM,14.0,ENTERPRISE-Dryup,0.4,336.0,0.0,-2.6831687999356406,-2.6831687999356406,continuation
2025-04-11,JUBLINGREA,1.0,ENTERPRISE-Dryup,1.04,477.0,0.02207276647028654,-19.53519789553276,-19.42483406318133,continuation
2025-04-15,BLUESTARCO,14.0,ENTERPRISE-Dryup,1.64,256.0,0.0,-1.676770030688992,-1.676770030688992,pullback_reversal
2025-04-15,RKFORGE,13.0,GOLD,0.73,266.0,0.0,-1.8132733597346131,-1.8132733597346131,continuation
2025-04-15,CRAFTSMAN,11.0,GOLD,4.14,350.0,0.0,-2.6748576341256847,-2.6748576341256847,dryup_compression
2025-04-16,KFINTECH,1.0,ENTERPRISE-Dryup,3.72,50.0,0.0,1.2648719650509246,1.2648719650509246,pullback_reversal
2025-04-16,DOMS,3.0,GOLD-baseline,7.25,126.0,0.0,-0.3806931858145678,-0.3806931858145678,pullback_reversal
2025-04-16,JBMA,2.0,ENTERPRISE-Dryup,9.31,219.0,0.0,-1.3366696681304153,-1.3366696681304153,pullback_reversal
2025-04-16,NBCC,15.0,GOLD,6.75,341.0,0.0,-2.644803953277207,-2.644803953277207,pullback_reversal
2025-04-17,DELHIVERY,1.0,ENTERPRISE-Dryup,6.79,181.0,0.0,-0.7422838564707903,-0.7422838564707903,recovery
2025-04-17,FACT,5.0,GOLD,13.43,284.0,0.0,-1.7399944218376766,-1.7399944218376766,continuation
2025-04-17,BLUEJET,12.0,GOLD-baseline,1.69,298.0,0.0,-1.859420969185192,-1.859420969185192,continuation
2025-04-21,DOMS,8.0,GOLD-baseline,0.31,4.0,0.0,75.94694719121007,75.94694719121007,continuation
2025-04-21,PARADEEP,11.0,GOLD-baseline,0.51,8.0,0.0,17.25193042457175,17.25193042457175,continuation
2025-04-21,INDUSINDBK,9.0,GOLD-baseline,0.04,448.0,0.0,-3.984008915857275,-3.984008915857275,continuation
2025-04-22,APARINDS,1.0,ENTERPRISE-Dryup,5.07,74.0,0.0,0.749097039964596,0.749097039964596,recovery
2025-04-22,LALPATHLAB,7.0,PREMIUM-Compression,0.88,203.0,0.0,-0.7797672774914101,-0.7797672774914101,dryup_compression
2025-04-22,PERSISTENT,9.0,ENTERPRISE-Dryup,2.12,207.0,0.0,-0.8379186822842114,-0.8379186822842114,recovery
2025-04-23,PERSISTENT,10.0,ENTERPRISE-Dryup,2.18,6.0,0.3423065341764528,49.88859548541613,51.600128156298396,recovery
2025-04-23,REDINGTON,4.0,ENTERPRISE-Dryup,5.75,43.0,0.0,1.7470336140779505,1.7470336140779505,pullback_reversal
2025-04-23,HCLTECH,12.0,ENTERPRISE-Dryup,2.53,182.0,0.0,-0.6239112791443167,-0.6239112791443167,continuation
2025-04-23,COFORGE,14.0,GOLD,2.74,220.0,0.0,-1.0242769537879157,-1.0242769537879157,continuation
2025-04-23,TECHM,15.0,GOLD,1.63,224.0,0.0,-1.0689200258251195,-1.0689200258251195,continuation
2025-04-23,SPLPETRO,7.0,ENTERPRISE-Dryup,3.93,293.0,0.010840108401084007,-1.7668774526825086,-1.7126769106770885,pullback_reversal
2025-04-23,MPHASIS,11.0,GOLD,2.52,343.0,0.0,-2.233912652372926,-2.233912652372926,continuation
2025-04-23,AUBANK,2.0,GOLD-baseline,6.89,355.0,0.0,-2.3671428031398607,-2.3671428031398607,continuation
2025-04-23,ATUL,3.0,GOLD-baseline,2.57,401.0,0.0,-2.9419969161959028,-2.9419969161959028,continuation
2025-04-23,CHOICEIN,8.0,GOLD-baseline,3.08,415.0,0.0,-3.130156902558981,-3.130156902558981,fresh_breakout
2025-04-23,GODFRYPHLP,5.0,GOLD,4.22,477.0,0.07046070460704607,-28.20855569056928,-27.85625216753405,pullback_reversal
2025-04-24,APARINDS,1.0,GOLD,1.8,3.0,0.5580982824187234,79.00375915753347,81.79425056962708,continuation
2025-04-24,LALPATHLAB,6.0,PREMIUM-Compression,0.04,13.0,0.2430254818209369,20.926920909849645,22.14204831895433,dryup_compression
2025-04-25,ATUL,3.0,PREMIUM-Compression,0.58,5.0,0.4553938726767821,51.01528628035333,53.29225564373724,continuation
2025-04-25,MPHASIS,6.0,GOLD,0.36,13.0,0.1741296021544827,18.8612803956438,19.731928406416213,continuation
2025-04-25,M&M,15.0,GOLD,0.5,414.0,0.0,-3.443637439048639,-3.443637439048639,continuation
2025-04-28,REDINGTON,12.0,GOLD-baseline,0.05,5.0,0.0,55.02178018494048,55.02178018494048,continuation
2025-04-28,GODFRYPHLP,2.0,GOLD,1.09,7.0,0.0,32.77651165893408,32.77651165893408,continuation
2025-04-29,ATUL,15.0,GOLD-baseline,3.8,2.0,0.0,85.54538493061142,85.54538493061142,continuation
2025-04-29,HONASA,9.0,GOLD,7.33,206.0,0.0,-0.9771690288391837,-0.9771690288391837,dryup_compression
2025-04-29,INDIACEM,5.0,GOLD,6.56,256.0,0.0,-1.426473237427113,-1.426473237427113,pullback_reversal
2025-04-29,CEATLTD,4.0,ENTERPRISE-Dryup,0.49,412.0,0.0,-2.984664960503468,-2.984664960503468,continuation
2025-04-30,MARUTI,5.0,PREMIUM-Compression,0.33,472.0,0.04852245277701067,-17.60576677426795,-17.363154510382895,continuation
2025-05-02,INDIACEM,6.0,GOLD,0.07,1.0,0.0,99.17828349845996,99.17828349845996,continuation
2025-05-02,HONASA,14.0,GOLD,0.09,3.0,0.0,65.97186653347909,65.97186653347909,continuation
2025-05-02,CREDITACC,11.0,ENTERPRISE-Dryup,2.83,233.0,0.0,-0.895239035169092,-0.895239035169092,pullback_reversal
2025-05-02,ELECON,3.0,GOLD-baseline,1.35,461.0,0.0,-4.05739752437612,-4.05739752437612,continuation
2025-05-02,POWERINDIA,13.0,GOLD-baseline,1.3,465.0,0.0,-4.710919275628371,-4.710919275628371,continuation
2025-05-02,FORCEMOT,2.0,GOLD-baseline,0.86,476.0,0.05150312176400192,-54.80719744287238,-54.54968183405237,pullback_reversal
2025-05-05,CEATLTD,3.0,GOLD-baseline,2.21,12.0,0.0,18.532855332883365,18.532855332883365,fresh_breakout
2025-05-05,GRSE,9.0,GOLD-baseline,1.41,407.0,0.0,-2.853150236170781,-2.853150236170781,continuation
2025-05-05,TIINDIA,1.0,GOLD,2.4,457.0,0.0,-3.8162975019506837,-3.8162975019506837,continuation
2025-05-05,MAZDOCK,10.0,GOLD-baseline,2.55,470.0,0.0,-11.709731895512917,-11.709731895512917,continuation
2025-05-05,IGL,7.0,GOLD,6.29,473.0,0.0,-14.361443449095265,-14.361443449095265,continuation
2025-05-06,SPLPETRO,8.0,ENTERPRISE-Dryup,1.07,20.0,0.0,5.0125283452406775,5.0125283452406775,pullback_reversal
2025-05-06,WELSPUNLIV,1.0,ENTERPRISE-Dryup,0.27,51.0,0.0,1.467676007128429,1.467676007128429,dryup_compression
2025-05-06,KAJARIACER,11.0,ENTERPRISE-Dryup,0.23,230.0,0.0,-1.2310965079854417,-1.2310965079854417,continuation
2025-05-07,WELSPUNLIV,1.0,ENTERPRISE-Dryup,9.66,1.0,0.6338245393997018,92.05375654352133,95.22287924051984,dryup_compression
2025-05-07,SPLPETRO,8.0,PREMIUM-Compression,2.66,5.0,0.38117082348162823,55.30707606889777,57.21293018630591,continuation
2025-05-07,KAJARIACER,14.0,GOLD-baseline,7.9,10.0,0.20992700055609476,28.884449497616018,29.93408450039649,continuation
2025-05-07,APARINDS,6.0,ENTERPRISE-Dryup,5.43,18.0,0.0,9.835335501199303,9.835335501199303,continuation
2025-05-07,CEMPRO,10.0,GOLD,6.06,161.0,0.0,-0.2726889067519318,-0.2726889067519318,continuation
2025-05-07,ZEEL,12.0,ENTERPRISE-Dryup,4.59,195.0,0.0,-0.583161477707254,-0.583161477707254,dryup_compression
2025-05-07,GVT&D,13.0,ENTERPRISE-Dryup,8.67,329.0,0.0,-2.056063977871857,-2.056063977871857,pullback_reversal
2025-05-07,TMPV,11.0,ENTERPRISE-Dryup,6.18,465.0,0.012130613194252666,-5.3300931521086214,-5.269440086137358,continuation
2025-05-07,IIFL,7.0,ENTERPRISE-Dryup,9.79,471.0,0.042457146179884345,-14.515049208637828,-14.302763477738406,pullback_reversal
2025-05-07,YESBANK,2.0,GOLD-baseline,2.69,473.0,0.06671837256838968,-23.47627392102187,-23.142682058179922,continuation
2025-05-07,CONCORDBIO,5.0,PREMIUM-Pullback,0.35,475.0,0.07884898576264235,-24.958966392599265,-24.564721463786054,pullback_reversal
2025-05-07,ENDURANCE,4.0,PREMIUM-Compression,8.23,476.0,0.07278367916551602,-26.096152549485577,-25.732234153658,continuation
2025-05-07,KPRMILL,3.0,ENTERPRISE-Dryup,4.53,477.0,0.08491429235976868,-30.978607923549507,-30.554036461750663,continuation
2025-05-07,TIMKEN,9.0,GOLD-baseline,5.18,478.0,0.03639183958275801,-45.18645909861805,-45.00449990070426,continuation
2025-05-08,CONCORDBIO,1.0,GOLD-baseline,0.14,12.0,0.2635654569133912,25.41210694777151,26.729934232338465,pullback_reversal
2025-05-09,ENDURANCE,5.0,GOLD-baseline,3.89,3.0,0.6979899263826167,58.28572850678668,61.77567813869977,continuation
2025-05-09,IIFL,9.0,GOLD,6.85,4.0,0.5808816376097075,51.06724558809603,53.971653776144564,continuation
2025-05-09,SPLPETRO,4.0,ENTERPRISE-Dryup,7.91,7.0,0.33777317808922064,41.21787797866626,42.90674386911236,continuation
2025-05-09,YESBANK,2.0,GOLD,12.75,10.0,0.5761402392395053,27.598893783857196,30.479594980054724,continuation
2025-05-09,TMPV,15.0,GOLD-baseline,6.19,13.0,0.248931755192676,21.4201890194033,22.66484779536668,continuation
2025-05-09,KAJARIACER,6.0,GOLD-baseline,5.04,14.0,0.11363387182851215,21.71097561357542,22.279144972717983,continuation
2025-05-09,ELECON,11.0,GOLD-baseline,3.97,20.0,0.0,12.173275922037309,12.173275922037309,continuation
2025-05-09,UNIONBANK,14.0,GOLD,6.87,47.0,0.0,1.2781774367373289,1.2781774367373289,pullback_reversal
2025-05-09,RRKABEL,13.0,GOLD-baseline,4.44,474.0,0.012130613194252666,-6.6023173058862445,-6.541664239914981,continuation
2025-05-09,CRAFTSMAN,10.0,GOLD,10.41,477.0,0.04613594059159876,-12.17296603227466,-11.942286329316666,continuation
2025-05-12,ENDURANCE,7.0,GOLD,0.4,4.0,0.0,75.40200332958533,75.40200332958533,continuation
2025-05-12,ELECON,9.0,GOLD-baseline,0.22,10.0,0.0,25.086725841842643,25.086725841842643,continuation
2025-05-12,CCL,15.0,GOLD-baseline,0.26,478.0,0.0,-8.336160496536142,-8.336160496536142,continuation
2025-05-13,GRSE,13.0,ENTERPRISE-Dryup,0.52,16.0,0.0,9.226859142115087,9.226859142115087,pullback_reversal
2025-05-14,IRFC,11.0,GOLD,4.08,113.0,0.0,-0.1955479034600176,-0.1955479034600176,continuation
2025-05-14,GESHIP,15.0,GOLD,1.71,143.0,0.0,-0.4836666347783376,-0.4836666347783376,continuation
2025-05-14,RVNL,4.0,GOLD,3.83,196.0,0.0,-0.9148694066516702,-0.9148694066516702,continuation
2025-05-14,BAJAJHLDNG,9.0,ENTERPRISE-Dryup,0.83,210.0,0.0,-1.0391749534831503,-1.0391749534831503,dryup_compression
2025-05-14,PTCIL,3.0,GOLD-baseline,8.94,218.0,0.0,-1.1024295015965277,-1.1024295015965277,pullback_reversal
2025-05-14,TITAGARH,5.0,GOLD,7.51,225.0,0.0,-1.1636768858881326,-1.1636768858881326,continuation
2025-05-14,IRCON,2.0,GOLD,8.04,230.0,0.0,-1.2118847626316152,-1.2118847626316152,continuation
2025-05-14,IFCI,8.0,GOLD,0.68,231.0,0.0,-1.2252428754766265,-1.2252428754766265,continuation
2025-05-14,RITES,14.0,GOLD,4.36,288.0,0.0,-1.852707442098491,-1.852707442098491,continuation
2025-05-14,HBLENGINE,7.0,ENTERPRISE-Dryup,10.94,314.0,0.0,-2.0431554699612025,-2.0431554699612025,continuation
2025-05-15,BAJAJHLDNG,2.0,ENTERPRISE-Dryup,4.48,13.0,0.24323361823361828,24.911412575142805,26.127580666310898,dryup_compression
2025-05-15,ANANTRAJ,9.0,PREMIUM-Compression,2.4,88.0,0.0,0.21291590639835,0.21291590639835,pullback_reversal
2025-05-15,KEC,10.0,ENTERPRISE-Dryup,7.48,194.0,0.0,-1.252987433490565,-1.252987433490565,pullback_reversal
2025-05-15,KPIL,3.0,GOLD,0.57,367.0,0.0,-2.9476769746842555,-2.9476769746842555,continuation
2025-05-15,ECLERX,11.0,GOLD,9.41,438.0,0.0,-4.108192251324075,-4.108192251324075,continuation
2025-05-16,TITAGARH,2.0,GOLD,12.32,4.0,0.5129605557065191,58.390309746735866,60.95511252526846,continuation
2025-05-16,RVNL,6.0,GOLD,7.96,6.0,0.40716524561699075,48.513779558523126,50.54960578660808,continuation
2025-05-16,IFCI,1.0,GOLD,14.86,15.0,0.18446007736327555,22.98148337258044,23.903783759396816,continuation
2025-05-16,IRFC,7.0,PREMIUM-Compression,6.11,17.0,0.17396683942943655,20.21332482089949,21.083159018046672,continuation
2025-05-16,RITES,15.0,GOLD,14.35,26.0,0.07151970065432388,5.689557561057225,6.047156064328845,continuation
2025-05-16,GESHIP,13.0,GOLD,6.66,29.0,0.026612784365098296,2.5050161667226885,2.63808008854818,continuation
2025-05-16,JWL,3.0,GOLD,7.35,355.0,0.0,-2.8563814533155827,-2.8563814533155827,continuation
2025-05-16,GRANULES,5.0,GOLD,0.1,415.0,0.0,-3.7215292294178295,-3.7215292294178295,continuation
2025-05-16,SCI,10.0,GOLD,7.99,478.0,0.08010133891682229,-20.10713783528102,-19.706631140696906,pullback_reversal
2025-05-19,GRANULES,2.0,GOLD,1.58,11.0,0.0,22.93588082152997,22.93588082152997,continuation
2025-05-19,HFCL,1.0,GOLD,0.89,196.0,0.0,-1.2757623353987284,-1.2757623353987284,continuation
2025-05-20,ERIS,10.0,GOLD-baseline,0.56,139.0,0.0,-0.5985141070029845,-0.5985141070029845,pullback_reversal
2025-05-20,CLEAN,11.0,ENTERPRISE-Dryup,0.16,283.0,0.0,-2.104167100361807,-2.104167100361807,pullback_reversal
2025-05-20,JUBLPHARMA,5.0,GOLD-baseline,1.02,380.0,0.0,-2.9454186112648637,-2.9454186112648637,continuation
2025-05-20,PFIZER,9.0,PREMIUM-Compression,6.6,384.0,0.0,-3.0019828501911077,-3.0019828501911077,continuation
2025-05-21,ERIS,10.0,ENTERPRISE-Dryup,2.5,12.0,0.2652560751809917,24.56571679081308,25.89199716671804,continuation
2025-05-21,CLEAN,11.0,GOLD,0.41,14.0,0.20756827021276786,19.941654733450257,20.979496084514096,dryup_compression
2025-05-21,PTCIL,13.0,GOLD-baseline,1.62,19.0,0.05369158168222072,15.942824870151997,16.2112827785631,continuation
2025-05-21,SCI,9.0,GOLD,0.91,21.0,0.006065306597126328,12.863379389721793,12.893705922707424,pullback_reversal
2025-05-21,KIMS,14.0,ENTERPRISE-Dryup,3.11,133.0,0.0,-0.5542351798979066,-0.5542351798979066,dryup_compression
2025-05-21,LTFOODS,6.0,GOLD,5.07,286.0,0.0,-2.170149270123025,-2.170149270123025,continuation
2025-05-21,PARADEEP,12.0,GOLD-baseline,1.9,424.0,0.0,-3.7452692579991957,-3.7452692579991957,continuation
2025-05-21,BDL,15.0,GOLD-baseline,5.2,473.0,0.02207276647028654,-10.632834833820324,-10.52247100146889,pullback_reversal
2025-05-21,GRSE,7.0,GOLD-baseline,5.0,474.0,0.04852245277701067,-10.788152408020878,-10.545540144135824,pullback_reversal
2025-05-21,RPOWER,2.0,GOLD-baseline,0.29,475.0,0.06065306597126334,-16.92511673634426,-16.621851406487945,pullback_reversal
2025-05-21,TTML,1.0,GOLD,20.01,476.0,0.08491429235976868,-19.946862963578518,-19.522291501779673,pullback_reversal
2025-05-21,JKTYRE,5.0,ENTERPRISE-Dryup,12.96,477.0,0.07884898576264235,-22.252967644201743,-21.85872271538853,continuation
2025-05-21,SOLARINDS,4.0,GOLD-baseline,5.18,478.0,0.09097959895689502,-24.5329052428248,-24.078007248040326,pullback_reversal
2025-05-22,SCI,8.0,ENTERPRISE-Dryup,8.36,13.0,0.151610249706641,32.45793453319302,33.215985781726225,pullback_reversal
2025-05-22,JUBLPHARMA,7.0,GOLD-baseline,5.92,14.0,0.14516478319789455,29.65148405553985,30.377307971529323,continuation
2025-05-22,CLEAN,10.0,PREMIUM-Compression,3.48,15.0,0.15723650144864054,29.024991631739343,29.811174138982548,dryup_compression
2025-05-22,PTCIL,4.0,GOLD-baseline,6.45,20.0,0.07762004993579358,19.951969383512058,20.340069633191025,continuation
2025-05-22,HONASA,3.0,ENTERPRISE-Dryup,1.77,478.0,0.03626307057802142,-17.662885258100964,-17.481569905210858,continuation
2025-05-23,LTFOODS,9.0,GOLD-baseline,2.23,8.0,0.3514285714285715,37.709613668961616,39.466756526104476,continuation
2025-05-23,HONASA,2.0,ENTERPRISE-Dryup,15.86,9.0,0.5658328112806982,33.78632971849855,36.61549377490204,fresh_breakout
2025-05-23,IFCI,11.0,ENTERPRISE-Dryup,10.0,12.0,0.00942126440400073,34.954918184505495,35.0020245065255,pullback_reversal
2025-05-23,RPOWER,3.0,ENTERPRISE-Dryup,15.47,22.0,0.3455044063835606,12.570975042258652,14.298497074176456,pullback_reversal
2025-05-23,PARADEEP,7.0,GOLD,0.2,29.0,0.11915998912546176,4.312518494226808,4.908318439854116,continuation
2025-05-23,TBOTEK,1.0,ENTERPRISE-Dryup,7.52,121.0,0.0,-0.6740253500616593,-0.6740253500616593,pullback_reversal
2025-05-26,JUBLPHARMA,14.0,GOLD-baseline,3.75,9.0,0.0,43.76275055701876,43.76275055701876,continuation
2025-05-26,PARADEEP,10.0,GOLD,0.32,13.0,0.0,24.165543844304587,24.165543844304587,continuation
2025-05-26,ERIS,5.0,GOLD,2.76,23.0,0.0,10.196020105287031,10.196020105287031,continuation
2025-05-26,BDL,9.0,ENTERPRISE-Dryup,0.05,447.0,0.0,-4.253591836712162,-4.253591836712162,pullback_reversal
2025-05-27,TEGA,9.0,ENTERPRISE-Dryup,7.65,163.0,0.0,-1.1073518121710912,-1.1073518121710912,pullback_reversal
2025-05-27,ELGIEQUIP,12.0,ENTERPRISE-Dryup,2.99,228.0,0.0,-1.6466796803901564,-1.6466796803901564,continuation
2025-05-27,WELCORP,5.0,ENTERPRISE-Dryup,1.33,229.0,0.0,-1.6509437253508206,-1.6509437253508206,continuation
2025-05-27,ITI,2.0,PREMIUM-Compression,9.31,242.0,0.0,-1.8028717634963098,-1.8028717634963098,continuation
2025-05-27,POWERINDIA,4.0,PREMIUM-Pullback,4.81,268.0,0.0,-2.203109370096854,-2.203109370096854,pullback_reversal
2025-05-27,GLAXO,15.0,ENTERPRISE-Dryup,4.7,272.0,0.0,-2.2492813537616527,-2.2492813537616527,pullback_reversal
2025-05-27,ZENTEC,6.0,ENTERPRISE-Dryup,1.39,274.0,0.0,-2.278042655014046,-2.278042655014046,pullback_reversal
2025-05-27,ENGINERSIN,7.0,ENTERPRISE-Dryup,1.3,303.0,0.0,-2.547517129643045,-2.547517129643045,continuation
2025-05-28,DEEPAKFERT,7.0,GOLD,0.92,243.0,0.0,-1.9352955403533223,-1.9352955403533223,pullback_reversal
2025-05-28,MMTC,3.0,PREMIUM-Compression,0.61,477.0,0.05458617150321919,-18.64267823816146,-18.369747380645364,continuation
2025-05-29,BAYERCROP,14.0,GOLD-baseline,1.52,461.0,0.0,-4.810533142035321,-4.810533142035321,continuation
2025-05-30,TEGA,10.0,GOLD,0.92,7.0,0.0,42.535735300690625,42.535735300690625,continuation
2025-05-30,NBCC,15.0,PREMIUM-Compression,4.67,415.0,0.0,-3.607347127256039,-3.607347127256039,continuation
2025-05-30,CONCORDBIO,1.0,GOLD-baseline,0.34,479.0,0.05518191617571635,-43.69513812034533,-43.419228539466744,continuation
