date,pnl_rs,ym,year
2024-05-13,-1748.1,2024-05,2024
2024-05-14,751.9,2024-05,2024
2024-05-15,755.6999999999999,2024-05,2024
2024-05-16,-500.0,2024-05,2024
2024-05-17,-1751.9,2024-05,2024
2024-05-21,748.1,2024-05,2024
2024-05-22,-500.0,2024-05,2024
2024-05-23,-1751.9,2024-05,2024
2024-05-24,751.9,2024-05,2024
2024-05-27,744.3000000000001,2024-05,2024
2024-05-28,-496.20000000000005,2024-05,2024
2024-05-29,-496.20000000000005,2024-05,2024
2024-05-30,751.9,2024-05,2024
2024-05-31,1996.2,2024-05,2024
2024-06-03,-1751.9,2024-06,2024
2024-06-04,2007.6,2024-06,2024
2024-06-05,-503.79999999999995,2024-06,2024
2024-06-06,748.1,2024-06,2024
2024-06-07,-3000.0,2024-06,2024
2024-06-10,-1148.1,2024-06,2024
2024-06-11,1996.2,2024-06,2024
2024-06-12,-496.20000000000005,2024-06,2024
2024-06-13,-3000.0,2024-06,2024
2024-06-14,748.1,2024-06,2024
2024-06-18,755.6999999999999,2024-06,2024
2024-06-19,-1751.9,2024-06,2024
2024-06-20,751.9,2024-06,2024
2024-06-21,-496.20000000000005,2024-06,2024
2024-06-24,2003.8,2024-06,2024
2024-06-25,2000.0,2024-06,2024
2024-06-26,-503.79999999999995,2024-06,2024
2024-06-27,-1748.1,2024-06,2024
2024-06-28,-1748.1,2024-06,2024
2024-07-01,-496.20000000000005,2024-07,2024
2024-07-02,2000.0,2024-07,2024
2024-07-03,748.1,2024-07,2024
2024-07-04,2000.0,2024-07,2024
2024-07-05,744.3000000000001,2024-07,2024
2024-07-08,748.1,2024-07,2024
2024-07-09,755.6999999999999,2024-07,2024
2024-07-10,2007.6,2024-07,2024
2024-07-11,751.9,2024-07,2024
2024-07-12,-503.79999999999995,2024-07,2024
2024-07-15,1992.4,2024-07,2024
2024-07-16,-1748.1,2024-07,2024
2024-07-18,1992.4,2024-07,2024
2024-07-19,2007.6,2024-07,2024
2024-07-22,755.6999999999999,2024-07,2024
2024-07-23,-500.0,2024-07,2024
2024-07-24,-1748.1,2024-07,2024
2024-07-25,-3000.0,2024-07,2024
2024-07-26,751.9,2024-07,2024
2024-07-29,-500.0,2024-07,2024
2024-07-30,-496.20000000000005,2024-07,2024
2024-07-31,-3000.0,2024-07,2024
2024-08-01,-1126.5,2024-08,2024
2024-08-02,748.1,2024-08,2024
2024-08-05,-1748.1,2024-08,2024
2024-08-06,755.6999999999999,2024-08,2024
2024-08-07,748.1,2024-08,2024
2024-08-08,751.9,2024-08,2024
2024-08-09,-1751.9,2024-08,2024
2024-08-12,1992.4,2024-08,2024
2024-08-13,-500.0,2024-08,2024
2024-08-14,-500.0,2024-08,2024
2024-08-16,-496.20000000000005,2024-08,2024
2024-08-19,-496.20000000000005,2024-08,2024
2024-08-20,748.1,2024-08,2024
2024-08-21,751.9,2024-08,2024
2024-08-22,-500.0,2024-08,2024
2024-08-23,751.9,2024-08,2024
2024-08-26,755.6999999999999,2024-08,2024
2024-08-27,-500.0,2024-08,2024
2024-08-28,2003.8,2024-08,2024
2024-08-29,-503.79999999999995,2024-08,2024
2024-08-30,-503.79999999999995,2024-08,2024
2024-09-02,751.9,2024-09,2024
2024-09-03,748.1,2024-09,2024
2024-09-04,751.9,2024-09,2024
2024-09-05,755.6999999999999,2024-09,2024
2024-09-06,755.6999999999999,2024-09,2024
2024-09-09,755.6999999999999,2024-09,2024
2024-09-10,-503.79999999999995,2024-09,2024
2024-09-11,-500.0,2024-09,2024
2024-09-12,-500.0,2024-09,2024
2024-09-13,751.9,2024-09,2024
2024-09-16,-496.20000000000005,2024-09,2024
2024-09-17,2000.0,2024-09,2024
2024-09-18,751.9,2024-09,2024
2024-09-19,-1748.1,2024-09,2024
2024-09-20,-500.0,2024-09,2024
2024-09-23,-500.0,2024-09,2024
2024-09-24,2003.8,2024-09,2024
2024-09-25,-1748.1,2024-09,2024
2024-09-26,748.1,2024-09,2024
2024-09-27,748.1,2024-09,2024
2024-09-30,-3000.0,2024-09,2024
2024-10-01,-503.79999999999995,2024-10,2024
2024-10-03,-1751.9,2024-10,2024
2024-10-04,-496.20000000000005,2024-10,2024
2024-10-07,2003.8,2024-10,2024
2024-10-08,751.9,2024-10,2024
2024-10-09,-3000.0,2024-10,2024
2024-10-10,755.6999999999999,2024-10,2024
2024-10-11,-1748.1,2024-10,2024
2024-10-14,-1748.1,2024-10,2024
2024-10-15,-503.79999999999995,2024-10,2024
2024-10-16,748.1,2024-10,2024
2024-10-17,-1751.9,2024-10,2024
2024-10-18,751.9,2024-10,2024
2024-10-21,-1751.9,2024-10,2024
2024-10-22,-500.0,2024-10,2024
2024-10-23,1992.4,2024-10,2024
2024-10-24,755.6999999999999,2024-10,2024
2024-10-25,755.6999999999999,2024-10,2024
2024-10-28,-1748.1,2024-10,2024
2024-10-29,751.9,2024-10,2024
2024-10-30,-500.0,2024-10,2024
2024-10-31,-1748.1,2024-10,2024
2024-11-04,751.9,2024-11,2024
2024-11-05,-1751.9,2024-11,2024
2024-11-06,755.6999999999999,2024-11,2024
2024-11-07,-500.0,2024-11,2024
2024-11-08,2000.0,2024-11,2024
2024-11-11,-500.0,2024-11,2024
2024-11-12,-3000.0,2024-11,2024
2024-11-13,755.6999999999999,2024-11,2024
2024-11-14,-503.79999999999995,2024-11,2024
2024-11-18,-1751.9,2024-11,2024
2024-11-19,1351.9,2024-11,2024
2024-11-21,-500.0,2024-11,2024
2024-11-22,755.6999999999999,2024-11,2024
2024-11-25,-500.0,2024-11,2024
2024-11-26,-503.79999999999995,2024-11,2024
2024-11-27,-503.79999999999995,2024-11,2024
2024-11-28,-496.20000000000005,2024-11,2024
2024-11-29,-496.20000000000005,2024-11,2024
2024-12-02,-1748.1,2024-12,2024
2024-12-03,2003.8,2024-12,2024
2024-12-04,-496.20000000000005,2024-12,2024
2024-12-05,1992.4,2024-12,2024
2024-12-06,-500.0,2024-12,2024
2024-12-09,-1751.9,2024-12,2024
2024-12-10,2007.6,2024-12,2024
2024-12-11,-1748.1,2024-12,2024
2024-12-12,748.1,2024-12,2024
2024-12-13,755.6999999999999,2024-12,2024
2024-12-16,744.3000000000001,2024-12,2024
2024-12-17,-500.0,2024-12,2024
2024-12-18,-503.79999999999995,2024-12,2024
2024-12-19,-496.20000000000005,2024-12,2024
2024-12-20,751.9,2024-12,2024
2024-12-23,-500.0,2024-12,2024
2024-12-24,-500.0,2024-12,2024
2024-12-26,755.6999999999999,2024-12,2024
2024-12-27,3251.9,2024-12,2024
2024-12-30,-3000.0,2024-12,2024
2024-12-31,2007.6,2024-12,2024
2025-01-01,751.9,2025-01,2025
2025-01-02,3248.1,2025-01,2025
2025-01-03,1996.2,2025-01,2025
2025-01-06,-3000.0,2025-01,2025
2025-01-07,-1748.1,2025-01,2025
2025-01-08,-500.0,2025-01,2025
2025-01-09,-1748.1,2025-01,2025
2025-01-10,3251.9,2025-01,2025
2025-01-13,-496.20000000000005,2025-01,2025
2025-01-14,-1751.9,2025-01,2025
2025-01-15,-496.20000000000005,2025-01,2025
2025-01-16,-1751.9,2025-01,2025
2025-01-17,-3000.0,2025-01,2025
2025-01-20,-1748.1,2025-01,2025
2025-01-21,-1748.1,2025-01,2025
2025-01-22,751.9,2025-01,2025
2025-01-23,-1748.1,2025-01,2025
2025-01-24,-503.79999999999995,2025-01,2025
2025-01-27,2000.0,2025-01,2025
2025-01-28,1992.4,2025-01,2025
2025-01-29,-3000.0,2025-01,2025
2025-01-30,2007.6,2025-01,2025
2025-01-31,-496.20000000000005,2025-01,2025
2025-02-01,751.9,2025-02,2025
2025-02-03,-503.79999999999995,2025-02,2025
2025-02-04,755.6999999999999,2025-02,2025
2025-02-05,744.3000000000001,2025-02,2025
2025-02-06,-1751.9,2025-02,2025
2025-02-07,-496.20000000000005,2025-02,2025
2025-02-10,3251.9,2025-02,2025
2025-02-11,1996.2,2025-02,2025
2025-02-12,748.1,2025-02,2025
2025-02-13,744.3000000000001,2025-02,2025
2025-02-14,-719.5,2025-02,2025
2025-02-17,3259.5,2025-02,2025
2025-02-18,751.9,2025-02,2025
2025-02-19,-1748.1,2025-02,2025
2025-02-20,-500.0,2025-02,2025
2025-02-21,-496.20000000000005,2025-02,2025
2025-02-24,-496.20000000000005,2025-02,2025
2025-02-25,2007.6,2025-02,2025
2025-02-27,-1748.1,2025-02,2025
2025-02-28,-1751.9,2025-02,2025
2025-03-03,-1748.1,2025-03,2025
2025-03-04,-496.20000000000005,2025-03,2025
2025-03-05,748.1,2025-03,2025
2025-03-06,751.9,2025-03,2025
2025-03-07,-1751.9,2025-03,2025
2025-03-10,-1748.1,2025-03,2025
2025-03-11,-1748.1,2025-03,2025
2025-03-12,-1748.1,2025-03,2025
2025-03-13,-815.2,2025-03,2025
2025-03-17,744.3000000000001,2025-03,2025
2025-03-18,1996.2,2025-03,2025
2025-03-19,-1748.1,2025-03,2025
2025-03-20,-1748.1,2025-03,2025
2025-03-21,-1748.1,2025-03,2025
2025-03-24,-1751.9,2025-03,2025
2025-03-25,2007.6,2025-03,2025
2025-03-26,-500.0,2025-03,2025
2025-03-27,748.1,2025-03,2025
2025-03-28,3259.5,2025-03,2025
2025-04-01,-1748.1,2025-04,2025
2025-04-02,-1101.1,2025-04,2025
2025-04-03,-3000.0,2025-04,2025
2025-04-04,-496.20000000000005,2025-04,2025
2025-04-07,-1751.9,2025-04,2025
2025-04-08,-503.79999999999995,2025-04,2025
2025-04-09,-1751.9,2025-04,2025
2025-04-11,-1751.9,2025-04,2025
2025-04-15,-889.9000000000001,2025-04,2025
2025-04-16,755.6999999999999,2025-04,2025
2025-04-17,2000.0,2025-04,2025
2025-04-21,-503.79999999999995,2025-04,2025
2025-04-22,-500.0,2025-04,2025
2025-04-23,-1748.1,2025-04,2025
2025-04-24,748.1,2025-04,2025
2025-04-25,2007.6,2025-04,2025
2025-04-28,-503.79999999999995,2025-04,2025
2025-04-29,-1748.1,2025-04,2025
2025-04-30,-496.20000000000005,2025-04,2025
2025-05-02,3244.3,2025-05,2025
2025-05-05,-1748.1,2025-05,2025
2025-05-06,-1748.1,2025-05,2025
2025-05-07,3259.5,2025-05,2025
2025-05-08,-1751.9,2025-05,2025
2025-05-09,755.6999999999999,2025-05,2025
2025-05-12,-500.0,2025-05,2025
2025-05-13,1992.4,2025-05,2025
2025-05-14,744.3000000000001,2025-05,2025
2025-05-15,-1748.1,2025-05,2025
2025-05-16,-503.79999999999995,2025-05,2025
2025-05-19,-3000.0,2025-05,2025
2025-05-20,2000.0,2025-05,2025
2025-05-21,1992.4,2025-05,2025
2025-05-22,751.9,2025-05,2025
2025-05-23,1996.2,2025-05,2025
2025-05-26,-496.20000000000005,2025-05,2025
2025-05-27,751.9,2025-05,2025
2025-05-28,744.3000000000001,2025-05,2025
2025-05-29,-1178.3,2025-05,2025
2025-05-30,-496.20000000000005,2025-05,2025
2025-06-02,751.9,2025-06,2025
2025-06-03,751.9,2025-06,2025
2025-06-04,751.9,2025-06,2025
2025-06-05,-500.0,2025-06,2025
2025-06-06,3251.9,2025-06,2025
2025-06-09,-496.20000000000005,2025-06,2025
2025-06-10,751.9,2025-06,2025
2025-06-11,2000.0,2025-06,2025
2025-06-12,-1751.9,2025-06,2025
2025-06-13,-1751.9,2025-06,2025
2025-06-16,1992.4,2025-06,2025
2025-06-17,-500.0,2025-06,2025
2025-06-18,-3000.0,2025-06,2025
2025-06-19,3251.9,2025-06,2025
2025-06-20,744.3000000000001,2025-06,2025
2025-06-23,-1751.9,2025-06,2025
2025-06-24,-500.0,2025-06,2025
2025-06-25,-500.0,2025-06,2025
2025-06-26,755.6999999999999,2025-06,2025
2025-06-27,-1751.9,2025-06,2025
2025-06-30,3251.9,2025-06,2025
2025-07-01,-496.20000000000005,2025-07,2025
2025-07-02,-1748.1,2025-07,2025
2025-07-03,-503.79999999999995,2025-07,2025
2025-07-04,751.9,2025-07,2025
2025-07-07,-1751.9,2025-07,2025
2025-07-08,751.9,2025-07,2025
2025-07-09,751.9,2025-07,2025
2025-07-10,751.9,2025-07,2025
2025-07-11,-496.20000000000005,2025-07,2025
2025-07-14,-1751.9,2025-07,2025
2025-07-15,-500.0,2025-07,2025
2025-07-16,-1748.1,2025-07,2025
2025-07-17,-496.20000000000005,2025-07,2025
2025-07-18,748.1,2025-07,2025
2025-07-21,-3000.0,2025-07,2025
2025-07-22,-3000.0,2025-07,2025
2025-07-23,2003.8,2025-07,2025
2025-07-24,755.6999999999999,2025-07,2025
2025-07-25,-496.20000000000005,2025-07,2025
2025-07-28,744.3000000000001,2025-07,2025
2025-07-29,-496.20000000000005,2025-07,2025
2025-07-30,751.9,2025-07,2025
2025-07-31,751.9,2025-07,2025
2025-08-01,-503.79999999999995,2025-08,2025
2025-08-04,-500.0,2025-08,2025
2025-08-05,-1751.9,2025-08,2025
2025-08-06,-1748.1,2025-08,2025
2025-08-07,748.1,2025-08,2025
2025-08-08,-1751.9,2025-08,2025
2025-08-11,-503.79999999999995,2025-08,2025
2025-08-12,-500.0,2025-08,2025
2025-08-13,2003.8,2025-08,2025
2025-08-14,-1748.1,2025-08,2025
2025-08-18,-1751.9,2025-08,2025
2025-08-19,744.3000000000001,2025-08,2025
2025-08-20,-3000.0,2025-08,2025
2025-08-21,-503.79999999999995,2025-08,2025
2025-08-22,-500.0,2025-08,2025
2025-08-25,-3000.0,2025-08,2025
2025-08-26,-500.0,2025-08,2025
2025-08-28,751.9,2025-08,2025
2025-08-29,-500.0,2025-08,2025
2025-09-01,2000.0,2025-09,2025
2025-09-02,-503.79999999999995,2025-09,2025
2025-09-03,-500.0,2025-09,2025
2025-09-04,755.6999999999999,2025-09,2025
2025-09-05,-500.0,2025-09,2025
2025-09-08,3248.1,2025-09,2025
2025-09-09,751.9,2025-09,2025
2025-09-10,-503.79999999999995,2025-09,2025
2025-09-11,-496.20000000000005,2025-09,2025
2025-09-12,751.9,2025-09,2025
2025-09-15,-1751.9,2025-09,2025
2025-09-16,-496.20000000000005,2025-09,2025
2025-09-17,-500.0,2025-09,2025
2025-09-18,2003.8,2025-09,2025
2025-09-19,-500.0,2025-09,2025
2025-09-22,-1748.1,2025-09,2025
2025-09-23,-503.79999999999995,2025-09,2025
2025-09-24,-1748.1,2025-09,2025
2025-09-25,-496.20000000000005,2025-09,2025
2025-09-26,-496.20000000000005,2025-09,2025
2025-09-29,751.9,2025-09,2025
2025-09-30,-1751.9,2025-09,2025
2025-10-01,-496.20000000000005,2025-10,2025
2025-10-03,755.6999999999999,2025-10,2025
2025-10-06,748.1,2025-10,2025
2025-10-07,-496.20000000000005,2025-10,2025
2025-10-08,3259.5,2025-10,2025
2025-10-09,-1751.9,2025-10,2025
2025-10-10,-1748.1,2025-10,2025
2025-10-13,751.9,2025-10,2025
2025-10-14,-496.20000000000005,2025-10,2025
2025-10-15,2000.0,2025-10,2025
2025-10-16,-1751.9,2025-10,2025
2025-10-17,3244.3,2025-10,2025
2025-10-20,-1748.1,2025-10,2025
2025-10-23,2007.6,2025-10,2025
2025-10-24,748.1,2025-10,2025
2025-10-27,-1751.9,2025-10,2025
2025-10-28,-496.20000000000005,2025-10,2025
2025-10-29,-503.79999999999995,2025-10,2025
2025-10-30,-1748.1,2025-10,2025
2025-10-31,755.6999999999999,2025-10,2025
2025-11-03,-1751.9,2025-11,2025
2025-11-04,751.9,2025-11,2025
2025-11-06,-1748.1,2025-11,2025
2025-11-07,744.3000000000001,2025-11,2025
2025-11-10,-1748.1,2025-11,2025
2025-11-11,-3000.0,2025-11,2025
2025-11-12,751.9,2025-11,2025
2025-11-13,-1751.9,2025-11,2025
2025-11-14,-496.20000000000005,2025-11,2025
2025-11-17,1996.2,2025-11,2025
2025-11-18,-3000.0,2025-11,2025
2025-11-19,-1748.1,2025-11,2025
2025-11-20,-1751.9,2025-11,2025
2025-11-21,-1748.1,2025-11,2025
2025-11-24,-3000.0,2025-11,2025
2025-11-25,-141.69999999999993,2025-11,2025
2025-11-26,-217.89999999999998,2025-11,2025
2025-11-27,-1748.1,2025-11,2025
2025-11-28,-503.79999999999995,2025-11,2025
2025-12-01,-1748.1,2025-12,2025
2025-12-02,748.1,2025-12,2025
2025-12-03,-496.20000000000005,2025-12,2025
2025-12-04,606.2,2025-12,2025
2025-12-05,2000.0,2025-12,2025
2025-12-08,-496.20000000000005,2025-12,2025
2025-12-09,-1751.9,2025-12,2025
2025-12-10,751.9,2025-12,2025
2025-12-11,-1751.9,2025-12,2025
2025-12-12,-1748.1,2025-12,2025
2025-12-15,-500.0,2025-12,2025
2025-12-16,2007.6,2025-12,2025
2025-12-17,2578.5,2025-12,2025
2025-12-18,751.9,2025-12,2025
2025-12-19,-1748.1,2025-12,2025
2025-12-22,2000.0,2025-12,2025
2025-12-23,748.1,2025-12,2025
2025-12-24,-500.0,2025-12,2025
2025-12-26,-3000.0,2025-12,2025
2025-12-29,2007.6,2025-12,2025
2025-12-30,-1751.9,2025-12,2025
2025-12-31,-1748.1,2025-12,2025
2026-01-01,-500.0,2026-01,2026
2026-01-02,748.1,2026-01,2026
2026-01-05,-1751.9,2026-01,2026
2026-01-06,755.6999999999999,2026-01,2026
2026-01-07,751.9,2026-01,2026
2026-01-08,2007.6,2026-01,2026
2026-01-09,755.6999999999999,2026-01,2026
2026-01-12,-496.20000000000005,2026-01,2026
2026-01-13,-503.79999999999995,2026-01,2026
2026-01-14,755.6999999999999,2026-01,2026
2026-01-16,-3000.0,2026-01,2026
2026-01-19,-500.0,2026-01,2026
2026-01-20,744.3000000000001,2026-01,2026
2026-01-21,-1748.1,2026-01,2026
2026-01-22,755.6999999999999,2026-01,2026
2026-01-23,-496.20000000000005,2026-01,2026
2026-01-27,744.3000000000001,2026-01,2026
2026-01-28,755.6999999999999,2026-01,2026
2026-01-29,-496.20000000000005,2026-01,2026
2026-01-30,1996.2,2026-01,2026
2026-02-01,-1751.9,2026-02,2026
2026-02-02,-3000.0,2026-02,2026
2026-02-03,744.3000000000001,2026-02,2026
2026-02-04,-2079.0,2026-02,2026
2026-02-05,-1751.9,2026-02,2026
2026-02-06,-496.20000000000005,2026-02,2026
2026-02-09,-500.0,2026-02,2026
2026-02-10,-500.0,2026-02,2026
2026-02-11,-496.20000000000005,2026-02,2026
2026-02-12,-1748.1,2026-02,2026
2026-02-13,744.3000000000001,2026-02,2026
2026-02-16,-1751.9,2026-02,2026
2026-02-17,2003.8,2026-02,2026
2026-02-18,-503.79999999999995,2026-02,2026
2026-02-19,755.6999999999999,2026-02,2026
2026-02-20,755.6999999999999,2026-02,2026
2026-02-23,-500.0,2026-02,2026
2026-02-24,-1748.1,2026-02,2026
2026-02-25,-1748.1,2026-02,2026
2026-02-26,744.3000000000001,2026-02,2026
2026-02-27,-1751.9,2026-02,2026
2026-03-02,755.6999999999999,2026-03,2026
2026-03-04,-503.79999999999995,2026-03,2026
2026-03-05,-500.0,2026-03,2026
2026-03-06,2000.0,2026-03,2026
2026-03-09,-496.20000000000005,2026-03,2026
2026-03-10,744.3000000000001,2026-03,2026
2026-03-11,-1748.1,2026-03,2026
2026-03-12,-3000.0,2026-03,2026
2026-03-13,-1748.1,2026-03,2026
2026-03-16,-496.20000000000005,2026-03,2026
2026-03-17,-1751.9,2026-03,2026
2026-03-18,-1751.9,2026-03,2026
2026-03-19,-3000.0,2026-03,2026
2026-03-20,751.9,2026-03,2026
2026-03-23,-1748.1,2026-03,2026
2026-03-24,3259.5,2026-03,2026
2026-03-25,748.1,2026-03,2026
2026-03-27,-1748.1,2026-03,2026
2026-03-30,755.6999999999999,2026-03,2026
2026-04-01,-496.20000000000005,2026-04,2026
2026-04-02,1996.2,2026-04,2026
2026-04-06,-1751.9,2026-04,2026
2026-04-07,-1751.9,2026-04,2026
2026-04-08,3240.5,2026-04,2026
2026-04-09,3240.5,2026-04,2026
2026-04-10,-1748.1,2026-04,2026
2026-04-13,-503.79999999999995,2026-04,2026
2026-04-15,-1751.9,2026-04,2026
2026-04-16,1996.2,2026-04,2026
2026-04-17,744.3000000000001,2026-04,2026
2026-04-20,744.3000000000001,2026-04,2026
2026-04-21,-1748.1,2026-04,2026
2026-04-22,1996.2,2026-04,2026
2026-04-23,-496.20000000000005,2026-04,2026
2026-04-24,748.1,2026-04,2026
2026-04-27,3244.3,2026-04,2026
2026-04-28,-500.0,2026-04,2026
2026-04-29,748.1,2026-04,2026
2026-04-30,-1748.1,2026-04,2026
2026-05-04,755.6999999999999,2026-05,2026
2026-05-05,-3000.0,2026-05,2026
2026-05-06,-500.0,2026-05,2026
2026-05-07,1996.2,2026-05,2026
2026-05-08,-1751.9,2026-05,2026
2026-05-11,-1751.9,2026-05,2026
2026-05-12,-500.0,2026-05,2026
2026-05-13,-500.0,2026-05,2026
2026-05-14,751.9,2026-05,2026
2026-05-15,-1748.1,2026-05,2026
2026-05-18,-500.0,2026-05,2026
2026-05-19,-500.0,2026-05,2026
2026-05-20,-1748.1,2026-05,2026
2026-05-21,2003.8,2026-05,2026
2026-05-22,748.1,2026-05,2026
2026-05-25,751.9,2026-05,2026
2026-05-26,-500.0,2026-05,2026
2026-05-27,748.1,2026-05,2026
2026-05-29,-500.0,2026-05,2026
2026-06-01,-3000.0,2026-06,2026
2026-06-02,751.9,2026-06,2026
2026-06-03,-503.79999999999995,2026-06,2026
2026-06-04,751.9,2026-06,2026
2026-06-05,-1751.9,2026-06,2026
2026-06-08,-496.20000000000005,2026-06,2026
2026-06-09,-500.0,2026-06,2026
2026-06-10,751.9,2026-06,2026
2026-06-11,1992.4,2026-06,2026
2026-06-12,748.1,2026-06,2026
2026-06-15,3248.1,2026-06,2026
2026-06-16,-1751.9,2026-06,2026
2026-06-17,-500.0,2026-06,2026
2026-06-18,2000.0,2026-06,2026
2026-06-19,-3000.0,2026-06,2026
2026-06-22,751.9,2026-06,2026
2026-06-23,1996.2,2026-06,2026
