tag,entry_date,manual_n,manual_profitable_n,hit_n,profitable_hit_n,coverage_pct,profitable_coverage_pct,picked_symbols,manual_symbols,missed_profitable_symbols
v16_eod_minute,2024-10-14,9,2,8,2,88.88888888888889,100.0,"MAZDOCK,BANDHANBNK,RECLTD,GRSE,TARIL,LAURUSLABS,CEMPRO,BDL,JWL,SWANCORP,FACT,DATAPATTNS,MEDANTA,NAM-INDIA,OLECTRA","LAURUSLABS,DATAPATTNS,MEDANTA,JWL,RECLTD,BEML,FACT,BDL,GRSE",
v16_eod_minute,2024-10-15,9,6,0,0,0.0,0.0,"RECLTD,MAZDOCK,BANDHANBNK,FACT,GRSE,CEMPRO,TARIL,BDL,SWANCORP,NAM-INDIA,JWL,LAURUSLABS,IRCON,OLECTRA,VIJAYA","BEML,TEJASNET,AEGISLOG,PAYTM,ABREL,CEATLTD,ANANDRATHI,GMDCLTD,PGEL","ABREL,AEGISLOG,ANANDRATHI,BEML,GMDCLTD,PAYTM"
v16_eod_minute,2024-10-16,8,1,2,1,25.0,100.0,"AEGISLOG,RECLTD,MAZDOCK,BEML,BANDHANBNK,FACT,TARIL,GRSE,CEMPRO,ABREL,PAYTM,BDL,SWANCORP,JWL,LAURUSLABS","BEML,KARURVYSYA,TEJASNET,PAYTM,CEATLTD,CARTRADE,PGEL,GMDCLTD",
v16_eod_minute,2024-10-17,10,5,1,1,10.0,20.0,"BEML,AEGISLOG,RECLTD,MAZDOCK,BANDHANBNK,FACT,TARIL,CEMPRO,ABREL,GRSE,BDL,SWANCORP,NAM-INDIA,JWL,VIJAYA","TITAGARH,KARURVYSYA,TEJASNET,CEATLTD,PAYTM,AEGISLOG,FIVESTAR,CARTRADE,SUNDARMFIN,PGEL","CARTRADE,FIVESTAR,PGEL,TITAGARH"
v16_eod_minute,2024-10-18,13,2,3,0,23.076923076923077,0.0,"BEML,AEGISLOG,TITAGARH,MAZDOCK,RECLTD,BANDHANBNK,FACT,CEMPRO,TARIL,BDL,GRSE,ABREL,SWANCORP,LAURUSLABS,JWL","BEML,PAYTM,MOTILALOFS,TEJASNET,CEATLTD,FIVESTAR,ABREL,DCMSHRIRAM,HINDPETRO,ANANDRATHI,AEGISLOG,SUNDARMFIN,LTFOODS","ANANDRATHI,FIVESTAR"
v16_eod_minute,2024-10-21,5,1,2,0,40.0,0.0,"BEML,AEGISLOG,TITAGARH,MAZDOCK,RECLTD,FIVESTAR,BANDHANBNK,FACT,CEMPRO,TARIL,GRSE,BDL,ANANDRATHI,SWANCORP,ABREL","AEGISLOG,HINDPETRO,FIVESTAR,GMDCLTD,LTFOODS",HINDPETRO
v16_eod_minute,2024-10-22,14,5,0,0,0.0,0.0,"BEML,TITAGARH,HINDPETRO,AEGISLOG,RECLTD,MAZDOCK,BANDHANBNK,FACT,CEMPRO,FIVESTAR,TARIL,GRSE,BDL,ANANDRATHI,SWANCORP","CUB,SONACOMS,ASTERDM,MFSL,COFORGE,RPOWER,IDBI,DEEPAKFERT,J&KBANK,PERSISTENT,VBL,THERMAX,ZENSARTECH,GESHIP","COFORGE,CUB,DEEPAKFERT,PERSISTENT,SONACOMS"
v16_eod_minute,2024-10-23,13,6,5,3,38.46153846153847,50.0,"CUB,SONACOMS,BEML,COFORGE,DEEPAKFERT,TITAGARH,MAZDOCK,RECLTD,HINDPETRO,BANDHANBNK,CEMPRO,PERSISTENT,FACT,TARIL,AEGISLOG","IDBI,ASTERDM,DEEPAKFERT,RPOWER,J&KBANK,COFORGE,ZENSARTECH,SONACOMS,MFSL,PERSISTENT,THERMAX,PPLPHARMA,AEGISLOG","MFSL,RPOWER,ZENSARTECH"
v16_eod_minute,2024-10-24,7,7,2,2,28.57142857142857,28.57142857142857,"COFORGE,SONACOMS,CUB,PERSISTENT,RPOWER,BEML,RECLTD,MAZDOCK,CEMPRO,HINDPETRO,FACT,ZENSARTECH,BANDHANBNK,TITAGARH,GRSE","ASTERDM,CUB,IDBI,THERMAX,SONACOMS,GESHIP,PPLPHARMA","ASTERDM,GESHIP,IDBI,PPLPHARMA,THERMAX"
v16_eod_minute,2024-10-25,9,1,3,0,33.33333333333333,0.0,"SONACOMS,CUB,COFORGE,ASTERDM,PERSISTENT,IDBI,RPOWER,BEML,RECLTD,CEMPRO,MAZDOCK,FACT,TITAGARH,BANDHANBNK,HINDPETRO","COFORGE,J&KBANK,VBL,CUB,PERSISTENT,MFSL,ZENSARTECH,DEEPAKFERT,AEGISLOG",MFSL
v16_eod_minute,2024-10-28,13,4,8,3,61.53846153846154,75.0,"SONACOMS,CUB,ASTERDM,MFSL,COFORGE,BEML,RPOWER,IDBI,MAZDOCK,PERSISTENT,CEMPRO,RECLTD,BANDHANBNK,FACT,HINDPETRO","IDBI,CUB,ASTERDM,MFSL,ZENSARTECH,RPOWER,PERSISTENT,COFORGE,DEEPAKFERT,VBL,PPLPHARMA,SONACOMS,GESHIP",ZENSARTECH
v16_eod_minute,2024-10-29,5,3,1,0,20.0,0.0,"CUB,COFORGE,SONACOMS,PERSISTENT,ZENSARTECH,BEML,MAZDOCK,CEMPRO,RECLTD,BANDHANBNK,FACT,GRSE,BDL,TARIL,TITAGARH","PHOENIXLTD,GPIL,MAHABANK,ESCORTS,BEML","ESCORTS,MAHABANK,PHOENIXLTD"
v16_eod_minute,2024-10-30,11,10,1,1,9.090909090909092,10.0,"PHOENIXLTD,CUB,MAHABANK,COFORGE,SONACOMS,ZENSARTECH,PERSISTENT,ESCORTS,MAZDOCK,CEMPRO,RECLTD,BANDHANBNK,FACT,BEML,GRSE","EMAMILTD,GPIL,FACT,NBCC,GRAVITA,ARE&M,IFCI,RVNL,JWL,NSLNISP,ACE","ACE,ARE&M,EMAMILTD,GPIL,IFCI,JWL,NBCC,NSLNISP,RVNL"
v16_eod_minute,2024-10-31,5,5,0,0,0.0,0.0,"GPIL,FACT,EMAMILTD,PHOENIXLTD,CUB,NBCC,IFCI,RVNL,MAHABANK,COFORGE,SONACOMS,PERSISTENT,ARE&M,ZENSARTECH,JWL","BHEL,INDIANB,GRAVITA,HUDCO,TECHNOE","BHEL,GRAVITA,HUDCO,INDIANB,TECHNOE"
v16_eod_minute,2024-11-01,11,8,6,4,54.54545454545454,50.0,"GPIL,FACT,PHOENIXLTD,BHEL,NBCC,GRAVITA,EMAMILTD,INDIANB,CUB,IFCI,RVNL,COFORGE,SONACOMS,HUDCO,MAHABANK","INDIANB,BHEL,IFCI,DATAPATTNS,PHOENIXLTD,NBCC,CEMPRO,COCHINSHIP,BRIGADE,JUBLINGREA,RVNL","BRIGADE,CEMPRO,DATAPATTNS,JUBLINGREA"
v16_eod_minute,2024-11-04,10,1,4,0,40.0,0.0,"BHEL,IFCI,NBCC,FACT,GPIL,GRAVITA,CEMPRO,EMAMILTD,CUB,DATAPATTNS,PHOENIXLTD,RVNL,PERSISTENT,SONACOMS,COFORGE","BHEL,RVNL,DATAPATTNS,ENGINERSIN,KEC,SCI,HUDCO,PHOENIXLTD,MANAPPURAM,GRSE",GRSE
v16_eod_minute,2024-11-05,14,10,0,0,0.0,0.0,"IFCI,NBCC,BHEL,FACT,GPIL,EMAMILTD,GRAVITA,CEMPRO,CUB,ZENSARTECH,COFORGE,SONACOMS,PHOENIXLTD,INDIANB,ARE&M","SUPREMEIND,LATENTVIEW,GLAND,MAPMYINDIA,ITI,VOLTAS,DCMSHRIRAM,COROMANDEL,INDHOTEL,PGEL,PAYTM,VIJAYA,GRANULES,BEL","BEL,COROMANDEL,GLAND,INDHOTEL,ITI,PAYTM,PGEL,SUPREMEIND,VIJAYA,VOLTAS"
v16_eod_minute,2024-11-06,12,12,2,2,16.666666666666664,16.666666666666664,"GLAND,SUPREMEIND,IFCI,NBCC,VOLTAS,ITI,BHEL,FACT,COROMANDEL,CEMPRO,EMAMILTD,GPIL,GRAVITA,CUB,SONACOMS","MAPMYINDIA,LATENTVIEW,DCMSHRIRAM,INDHOTEL,ITI,DIXON,JSWENERGY,PGEL,VOLTAS,CARTRADE,BEL,ECLERX","BEL,CARTRADE,DCMSHRIRAM,DIXON,ECLERX,INDHOTEL,JSWENERGY,LATENTVIEW,MAPMYINDIA,PGEL"
v16_eod_minute,2024-11-07,1,0,1,0,100.0,0.0,"GLAND,ITI,SUPREMEIND,MAPMYINDIA,DCMSHRIRAM,INDHOTEL,VOLTAS,DIXON,NBCC,PGEL,BHEL,JSWENERGY,CEMPRO,IFCI,EMAMILTD",GLAND,
v16_eod_minute,2024-11-08,10,4,4,2,40.0,50.0,"GLAND,SUPREMEIND,ITI,MAPMYINDIA,INDHOTEL,VOLTAS,DIXON,PGEL,NBCC,DCMSHRIRAM,IFCI,BHEL,EMAMILTD,CEMPRO,JSWENERGY","SUPREMEIND,VOLTAS,INDHOTEL,BLUEJET,LATENTVIEW,CARTRADE,PAYTM,BEL,PGEL,GRANULES","CARTRADE,PAYTM"
v16_eod_minute,2024-11-11,10,4,5,3,50.0,75.0,"INDHOTEL,GLAND,PGEL,ITI,CARTRADE,MAPMYINDIA,DCMSHRIRAM,DIXON,SUPREMEIND,PAYTM,IFCI,NBCC,BHEL,FACT,JSWENERGY","SUPREMEIND,GLAND,VOLTAS,COROMANDEL,DCMSHRIRAM,JSWENERGY,BLUEJET,TARIL,KALYANKJIL,DIXON",KALYANKJIL
v16_eod_minute,2024-11-12,13,4,0,0,0.0,0.0,"GLAND,SUPREMEIND,INDHOTEL,JSWENERGY,PGEL,CARTRADE,ITI,MAPMYINDIA,NBCC,PAYTM,IFCI,FACT,CEMPRO,BHEL,CUB","NEULANDLAB,SAREGAMA,DCMSHRIRAM,DEEPAKNTR,EICHERMOT,AEGISLOG,POLYMED,NUVAMA,UNOMINDA,POLICYBZR,RAINBOW,BLUESTARCO,MEDANTA","AEGISLOG,NEULANDLAB,RAINBOW,UNOMINDA"
v16_eod_minute,2024-11-13,10,3,1,1,10.0,33.33333333333333,"NEULANDLAB,GLAND,SUPREMEIND,JSWENERGY,INDHOTEL,AEGISLOG,PGEL,ITI,MAPMYINDIA,CARTRADE,UNOMINDA,NBCC,CEMPRO,FACT,BHEL","SAREGAMA,ETERNAL,DEEPAKNTR,DCMSHRIRAM,EICHERMOT,AEGISLOG,POLYMED,NUVAMA,POLICYBZR,COHANCE","EICHERMOT,ETERNAL"
v16_eod_minute,2024-11-14,13,13,3,3,23.076923076923077,23.076923076923077,"NEULANDLAB,GLAND,SUPREMEIND,AEGISLOG,JSWENERGY,ETERNAL,INDHOTEL,MAPMYINDIA,UNOMINDA,PGEL,ITI,FACT,CARTRADE,PAYTM,IFCI","NEULANDLAB,ETERNAL,SAREGAMA,DCMSHRIRAM,DEEPAKNTR,EICHERMOT,POLYMED,AEGISLOG,NUVAMA,RAINBOW,ZYDUSWELL,POLICYBZR,MEDANTA","DCMSHRIRAM,DEEPAKNTR,EICHERMOT,MEDANTA,NUVAMA,POLICYBZR,POLYMED,RAINBOW,SAREGAMA,ZYDUSWELL"
v16_eod_minute,2024-11-18,2,0,0,0,0.0,0.0,"NEULANDLAB,ETERNAL,AEGISLOG,DCMSHRIRAM,EICHERMOT,SUPREMEIND,GLAND,DEEPAKNTR,INDHOTEL,JSWENERGY,RAINBOW,FACT,ITI,SAREGAMA,CARTRADE","POLYMED,COHANCE",
v16_eod_minute,2024-11-19,10,8,0,0,0.0,0.0,"NEULANDLAB,ETERNAL,AEGISLOG,DCMSHRIRAM,GLAND,EICHERMOT,SUPREMEIND,DEEPAKNTR,INDHOTEL,JSWENERGY,NUVAMA,RAINBOW,PGEL,SAREGAMA,ITI","PTCIL,CONCORDBIO,CRAFTSMAN,NLCINDIA,EIDPARRY,MRPL,UNOMINDA,VIJAYA,KFINTECH,PAYTM","CRAFTSMAN,EIDPARRY,KFINTECH,NLCINDIA,PAYTM,PTCIL,UNOMINDA,VIJAYA"
v16_eod_minute,2024-11-21,6,4,1,1,16.666666666666664,25.0,"NEULANDLAB,PTCIL,CRAFTSMAN,AEGISLOG,ETERNAL,EIDPARRY,DCMSHRIRAM,GLAND,NLCINDIA,DEEPAKNTR,UNOMINDA,EICHERMOT,SUPREMEIND,VIJAYA,INDHOTEL","SWANCORP,CONCORDBIO,PHOENIXLTD,FORTIS,MRPL,NLCINDIA","CONCORDBIO,FORTIS,PHOENIXLTD"
v16_eod_minute,2024-11-22,8,6,3,2,37.5,33.33333333333333,"NEULANDLAB,PTCIL,CRAFTSMAN,CONCORDBIO,NLCINDIA,FORTIS,AEGISLOG,PHOENIXLTD,ETERNAL,EIDPARRY,GLAND,DCMSHRIRAM,UNOMINDA,SUPREMEIND,EICHERMOT","SWANCORP,CRAFTSMAN,CCL,PTCIL,GVT&D,EIDPARRY,MRPL,OIL","CCL,MRPL,OIL,SWANCORP"
v16_eod_minute,2024-11-25,8,2,4,0,50.0,0.0,"SWANCORP,CRAFTSMAN,NEULANDLAB,CCL,PTCIL,EIDPARRY,NLCINDIA,AEGISLOG,ETERNAL,FORTIS,CONCORDBIO,PHOENIXLTD,GLAND,DCMSHRIRAM,JSWENERGY","SUZLON,PTCIL,CONCORDBIO,UNOMINDA,GVT&D,EIDPARRY,SAMMAANCAP,FORTIS","GVT&D,UNOMINDA"
v16_eod_minute,2024-11-26,10,5,0,0,0.0,0.0,"SWANCORP,UNOMINDA,CRAFTSMAN,NEULANDLAB,GVT&D,CCL,ETERNAL,NLCINDIA,AEGISLOG,PHOENIXLTD,GLAND,SUPREMEIND,DCMSHRIRAM,EICHERMOT,FORTIS","FACT,PCBL,RPOWER,SONATSOFTW,ADANIGREEN,ADANIENSOL,ADANIENT,HBLENGINE,ATGL,HONASA","FACT,HBLENGINE,PCBL,RPOWER,SONATSOFTW"
v16_eod_minute,2024-11-27,7,7,0,0,0.0,0.0,"FACT,SWANCORP,UNOMINDA,CRAFTSMAN,PCBL,RPOWER,SONATSOFTW,NEULANDLAB,GVT&D,AEGISLOG,ETERNAL,CCL,NLCINDIA,PHOENIXLTD,DCMSHRIRAM","HONASA,GALLANTT,ADANIENT,ADANIGREEN,ADANIENSOL,ATGL,ADANIPOWER","ADANIENSOL,ADANIENT,ADANIGREEN,ADANIPOWER,ATGL,GALLANTT,HONASA"
v16_eod_minute,2024-11-28,2,1,1,1,50.0,100.0,"FACT,ADANIENT,UNOMINDA,ADANIGREEN,SWANCORP,GALLANTT,CRAFTSMAN,SONATSOFTW,ADANIENSOL,PCBL,HONASA,RPOWER,NEULANDLAB,ATGL,ETERNAL","BALRAMCHIN,FACT",
v16_eod_minute,2024-11-29,7,5,2,0,28.57142857142857,0.0,"FACT,ADANIENT,UNOMINDA,SWANCORP,ADANIGREEN,CRAFTSMAN,GALLANTT,PCBL,SONATSOFTW,ADANIENSOL,HONASA,RPOWER,NEULANDLAB,ATGL,GVT&D","HSCL,ADANIENT,PCBL,MAZDOCK,KFINTECH,BALRAMCHIN,PPLPHARMA","BALRAMCHIN,HSCL,KFINTECH,MAZDOCK,PPLPHARMA"
v16_eod_minute,2024-12-02,10,5,5,1,50.0,20.0,"FACT,HSCL,MAZDOCK,SWANCORP,UNOMINDA,CRAFTSMAN,ADANIGREEN,GALLANTT,RPOWER,KFINTECH,ADANIENSOL,SONATSOFTW,HONASA,ADANIENT,NEULANDLAB","ADANIPOWER,HSCL,BDL,CAMS,ADANIENT,RPOWER,GRSE,COCHINSHIP,MAZDOCK,SONATSOFTW","BDL,CAMS,COCHINSHIP,GRSE"
v16_eod_minute,2024-12-03,11,9,2,2,18.181818181818183,22.22222222222222,"FACT,BDL,CAMS,MAZDOCK,UNOMINDA,GRSE,CRAFTSMAN,SONATSOFTW,SWANCORP,ADANIGREEN,GALLANTT,HONASA,COCHINSHIP,HSCL,NEULANDLAB","GRSE,KPIL,PNBHOUSING,KPITTECH,FINCABLES,ZEEL,BLS,UCOBANK,HSCL,TATAELXSI,ANGELONE","ANGELONE,BLS,KPIL,KPITTECH,TATAELXSI,UCOBANK,ZEEL"
v16_eod_minute,2024-12-04,8,4,2,1,25.0,25.0,"GRSE,KPITTECH,ZEEL,FACT,KPIL,BDL,HSCL,CAMS,BLS,MAZDOCK,SWANCORP,UNOMINDA,UCOBANK,CRAFTSMAN,TATAELXSI","FINCABLES,PNBHOUSING,KPIL,MMTC,FLUOROCHEM,HSCL,RPOWER,BLUESTARCO","BLUESTARCO,FINCABLES,PNBHOUSING"
v16_eod_minute,2024-12-05,8,6,1,1,12.5,16.666666666666664,"GRSE,FINCABLES,HSCL,KPITTECH,ZEEL,FACT,PNBHOUSING,BDL,BLS,CAMS,KPIL,MAZDOCK,CRAFTSMAN,NEULANDLAB,TATAELXSI","INOXWIND,KPIL,CASTROLIND,MMTC,CESC,FLUOROCHEM,IGL,ANGELONE","ANGELONE,CASTROLIND,CESC,FLUOROCHEM,IGL"
v16_eod_minute,2024-12-06,9,7,3,3,33.33333333333333,42.857142857142854,"KPIL,GRSE,FINCABLES,HSCL,CASTROLIND,KPITTECH,FACT,ZEEL,PNBHOUSING,CAMS,BDL,BLS,CESC,UCOBANK,MAZDOCK","GRSE,MMTC,INOXWIND,ZEEL,J&KBANK,IREDA,MAZDOCK,BANKINDIA,GABRIEL","GABRIEL,INOXWIND,IREDA,MMTC"
v16_eod_minute,2024-12-09,9,3,5,2,55.55555555555556,66.66666666666666,"GRSE,KPIL,ZEEL,MMTC,FINCABLES,HSCL,MAZDOCK,KPITTECH,CASTROLIND,FACT,IREDA,INOXWIND,PNBHOUSING,BDL,CAMS","INOXWIND,ZEEL,IGL,GRSE,J&KBANK,IREDA,BANKINDIA,CASTROLIND,MAXHEALTH",MAXHEALTH
v16_eod_minute,2024-12-10,7,6,1,0,14.285714285714285,0.0,"INOXWIND,GRSE,KPIL,CASTROLIND,MMTC,HSCL,FACT,FINCABLES,ZEEL,KPITTECH,MAZDOCK,PNBHOUSING,MAXHEALTH,BDL,CAMS","CLEAN,MAXHEALTH,RPOWER,KPRMILL,SYRMA,CRISIL,TARIL","CLEAN,CRISIL,KPRMILL,RPOWER,SYRMA,TARIL"
v16_eod_minute,2024-12-11,7,4,2,0,28.57142857142857,0.0,"CLEAN,INOXWIND,GRSE,KPIL,CASTROLIND,RPOWER,MMTC,KPRMILL,SYRMA,ZEEL,HSCL,FINCABLES,MAZDOCK,FACT,KPITTECH","PGEL,POWERINDIA,KPRMILL,CHALET,MAXHEALTH,TITAGARH,RPOWER","CHALET,MAXHEALTH,POWERINDIA,TITAGARH"
v16_eod_minute,2024-12-12,10,7,4,3,40.0,42.857142857142854,"CLEAN,INOXWIND,GRSE,POWERINDIA,KPIL,CHALET,CASTROLIND,MAXHEALTH,SYRMA,TITAGARH,MMTC,FACT,RPOWER,ZEEL,FINCABLES","PGEL,JBMA,POWERINDIA,KPRMILL,CHALET,RPOWER,BLS,CRISIL,MAXHEALTH,MANAPPURAM","BLS,CRISIL,MANAPPURAM,PGEL"
v16_eod_minute,2024-12-13,9,7,4,3,44.44444444444444,42.857142857142854,"CHALET,POWERINDIA,CLEAN,INOXWIND,BLS,MAXHEALTH,PGEL,KPIL,GRSE,CRISIL,CASTROLIND,FACT,TITAGARH,MMTC,SYRMA","PGEL,TITAGARH,JBMA,LATENTVIEW,GODFRYPHLP,KPRMILL,DELHIVERY,CRISIL,SYRMA","DELHIVERY,GODFRYPHLP,JBMA,KPRMILL"
v16_eod_minute,2024-12-16,9,6,4,3,44.44444444444444,50.0,"PGEL,CHALET,POWERINDIA,CLEAN,INOXWIND,GRSE,BLS,CRISIL,JBMA,MAXHEALTH,KPIL,KPRMILL,FACT,GODFRYPHLP,CASTROLIND","LATENTVIEW,TARIL,MANAPPURAM,TITAGARH,BLS,POWERINDIA,MAXHEALTH,CHALET,SYRMA","MANAPPURAM,TARIL,TITAGARH"
v16_eod_minute,2024-12-17,7,1,2,0,28.57142857142857,0.0,"PGEL,POWERINDIA,BLS,CHALET,TARIL,TITAGARH,MANAPPURAM,CLEAN,INOXWIND,CRISIL,GRSE,MAXHEALTH,KPIL,JBMA,KPRMILL","AEGISLOG,CARTRADE,BLUEJET,KFINTECH,MANKIND,POWERINDIA,KPRMILL",AEGISLOG
v16_eod_minute,2024-12-18,8,5,2,0,25.0,0.0,"PGEL,POWERINDIA,BLS,AEGISLOG,CHALET,MANAPPURAM,TARIL,TITAGARH,CLEAN,MAXHEALTH,INOXWIND,CRISIL,JBMA,KPIL,GRSE","TECHNOE,KFINTECH,AEGISLOG,GICRE,CARTRADE,KPRMILL,HONASA,POWERINDIA","CARTRADE,GICRE,HONASA,KFINTECH,KPRMILL"
v16_eod_minute,2024-12-19,8,7,2,1,25.0,14.285714285714285,"PGEL,POWERINDIA,BLS,KFINTECH,GICRE,MANAPPURAM,CHALET,TITAGARH,TARIL,KPRMILL,AEGISLOG,CLEAN,MAXHEALTH,INOXWIND,GRSE","AEGISLOG,FIVESTAR,ZENTEC,NEWGEN,ANANTRAJ,CARTRADE,GVT&D,POWERINDIA","ANANTRAJ,CARTRADE,FIVESTAR,GVT&D,NEWGEN,ZENTEC"
v16_eod_minute,2024-12-20,8,6,5,4,62.5,66.66666666666666,"FIVESTAR,PGEL,ZENTEC,CARTRADE,ANANTRAJ,POWERINDIA,NEWGEN,BLS,CHALET,MANAPPURAM,KFINTECH,GICRE,TITAGARH,TARIL,KPRMILL","ACE,AEGISLOG,TECHNOE,FIVESTAR,GICRE,ZENTEC,NEWGEN,KPRMILL","AEGISLOG,TECHNOE"
v16_eod_minute,2024-12-23,7,2,3,1,42.857142857142854,50.0,"AEGISLOG,GICRE,ZENTEC,FIVESTAR,TECHNOE,NEWGEN,PGEL,POWERINDIA,CARTRADE,ANANTRAJ,BLS,CHALET,MANAPPURAM,KFINTECH,CLEAN","ACE,ANANTRAJ,KFINTECH,POWERINDIA,IPCALAB,KPRMILL,HONASA",ACE
v16_eod_minute,2024-12-24,7,5,1,0,14.285714285714285,0.0,"GICRE,AEGISLOG,ANANTRAJ,FIVESTAR,ZENTEC,NEWGEN,TECHNOE,ACE,PGEL,CARTRADE,POWERINDIA,CHALET,BLS,MANAPPURAM,GRSE","AJANTPHARM,GRSE,ACUTAAS,HSCL,ELECON,SOLARINDS,SIGNATURE","ACUTAAS,ELECON,HSCL,SIGNATURE,SOLARINDS"
v16_eod_minute,2024-12-26,8,3,1,0,12.5,0.0,"AEGISLOG,GICRE,FIVESTAR,ZENTEC,ACUTAAS,ANANTRAJ,NEWGEN,TECHNOE,ACE,PGEL,CARTRADE,HSCL,BLS,CHALET,POWERINDIA","AJANTPHARM,GRSE,PTCIL,PGEL,INTELLECT,DEVYANI,CAPLIPOINT,AWL","AWL,DEVYANI,INTELLECT"
v16_eod_minute,2024-12-27,9,8,2,1,22.22222222222222,12.5,"INTELLECT,AEGISLOG,GICRE,ACUTAAS,ZENTEC,ANANTRAJ,FIVESTAR,DEVYANI,TECHNOE,ACE,NEWGEN,HSCL,CARTRADE,POWERINDIA,CHALET","GRSE,AJANTPHARM,PTCIL,PGEL,DEVYANI,CAPLIPOINT,ACUTAAS,CEATLTD,DCMSHRIRAM","AJANTPHARM,CAPLIPOINT,CEATLTD,DCMSHRIRAM,GRSE,PGEL,PTCIL"
v16_eod_minute,2024-12-30,7,1,1,1,14.285714285714285,100.0,"PTCIL,DEVYANI,GRSE,AJANTPHARM,INTELLECT,PGEL,AEGISLOG,GICRE,FIVESTAR,CAPLIPOINT,ANANTRAJ,ZENTEC,NEWGEN,TECHNOE,ACE","INTELLECT,AMBER,ACUTAAS,SOLARINDS,HSCL,ELECON,KFINTECH",
v16_eod_minute,2024-12-31,14,10,1,0,7.142857142857142,0.0,"INTELLECT,GRSE,DEVYANI,PTCIL,AJANTPHARM,PGEL,AEGISLOG,CAPLIPOINT,GICRE,FIVESTAR,ZENTEC,ANANTRAJ,NEWGEN,TECHNOE,POWERINDIA","MAHABANK,DMART,CHOLAHLDNG,SAMMAANCAP,RAILTEL,SHYAMMETL,SAREGAMA,OIL,LATENTVIEW,SUNDARMFIN,PTCIL,HUDCO,TARIL,VIJAYA","DMART,HUDCO,LATENTVIEW,MAHABANK,OIL,RAILTEL,SAMMAANCAP,SAREGAMA,SHYAMMETL,TARIL"
v16_eod_minute,2025-01-01,10,8,5,5,50.0,62.5,"INTELLECT,MAHABANK,GRSE,DMART,RAILTEL,SAMMAANCAP,DEVYANI,PTCIL,LATENTVIEW,OIL,SHYAMMETL,AJANTPHARM,PGEL,AEGISLOG,SAREGAMA","CHOLAHLDNG,SHYAMMETL,DMART,SAREGAMA,SAMMAANCAP,AWL,SUNDARMFIN,POLYMED,PTCIL,VIJAYA","AWL,POLYMED,VIJAYA"
v16_eod_minute,2025-01-02,10,10,3,3,30.0,30.0,"SHYAMMETL,SAREGAMA,DMART,SAMMAANCAP,MAHABANK,INTELLECT,GRSE,PTCIL,RAILTEL,AWL,DEVYANI,PGEL,OIL,AJANTPHARM,AEGISLOG","FORCEMOT,OIL,DMART,CHOLAHLDNG,SUNDARMFIN,HUDCO,EICHERMOT,CARTRADE,IGL,MAHABANK","CARTRADE,CHOLAHLDNG,EICHERMOT,FORCEMOT,HUDCO,IGL,SUNDARMFIN"
v16_eod_minute,2025-01-03,8,7,5,5,62.5,71.42857142857143,"DMART,OIL,FORCEMOT,SHYAMMETL,SAREGAMA,SUNDARMFIN,SAMMAANCAP,INTELLECT,GRSE,MAHABANK,PTCIL,HUDCO,CHOLAHLDNG,EICHERMOT,RAILTEL","DMART,SAREGAMA,SHYAMMETL,IREDA,RITES,ITI,MAHABANK,HUDCO","IREDA,ITI"
v16_eod_minute,2025-01-06,7,1,3,0,42.857142857142854,0.0,"DMART,SAREGAMA,SHYAMMETL,OIL,FORCEMOT,SUNDARMFIN,MAHABANK,SAMMAANCAP,HUDCO,INTELLECT,GRSE,IREDA,EICHERMOT,PTCIL,CHOLAHLDNG","TARIL,FORCEMOT,SUNDARMFIN,AWL,RITES,CREDITACC,HUDCO",AWL
v16_eod_minute,2025-01-07,12,10,1,1,8.333333333333332,10.0,"DMART,SAREGAMA,SHYAMMETL,OIL,AWL,MAHABANK,HUDCO,SAMMAANCAP,INTELLECT,FORCEMOT,GRSE,SUNDARMFIN,DEVYANI,IREDA,RAILTEL","SRF,SHYAMMETL,JSWDULUX,ANANDRATHI,LLOYDSME,VIJAYA,BDL,AARTIIND,RKFORGE,NAVINFLUOR,UBL,MARICO","ANANDRATHI,BDL,JSWDULUX,LLOYDSME,NAVINFLUOR,RKFORGE,SRF,UBL,VIJAYA"
v16_eod_minute,2025-01-08,6,1,2,1,33.33333333333333,100.0,"SHYAMMETL,SAREGAMA,DMART,JSWDULUX,SRF,OIL,BDL,ANANDRATHI,VIJAYA,AWL,LLOYDSME,SUNDARMFIN,SAMMAANCAP,DEVYANI,FORCEMOT","SRF,ANANDRATHI,AARTIIND,CONCORDBIO,RKFORGE,UBL",
v16_eod_minute,2025-01-09,13,11,5,5,38.46153846153847,45.45454545454545,"SHYAMMETL,SRF,DMART,SAREGAMA,JSWDULUX,BDL,VIJAYA,OIL,AWL,GRSE,INTELLECT,SAMMAANCAP,SUNDARMFIN,FORCEMOT,MAHABANK","SHYAMMETL,SRF,JSWDULUX,ANANDRATHI,AARTIIND,PTCIL,VIJAYA,LLOYDSME,UBL,RKFORGE,BDL,NAVINFLUOR,MARICO","AARTIIND,LLOYDSME,MARICO,NAVINFLUOR,PTCIL,UBL"
v16_eod_minute,2025-01-10,8,2,5,1,62.5,50.0,"SRF,SHYAMMETL,JSWDULUX,VIJAYA,SAREGAMA,DMART,BDL,PTCIL,LLOYDSME,OIL,AARTIIND,GRSE,NAVINFLUOR,INTELLECT,AWL","SHYAMMETL,LLOYDSME,PTCIL,VIJAYA,UBL,RKFORGE,BDL,INDIAMART",RKFORGE
v16_eod_minute,2025-01-13,10,2,7,2,70.0,100.0,"SRF,SHYAMMETL,JSWDULUX,PTCIL,DMART,SAREGAMA,VIJAYA,BDL,NAVINFLUOR,LLOYDSME,AARTIIND,OIL,RKFORGE,GRSE,AWL","SHYAMMETL,SRF,LLOYDSME,JSWDULUX,PTCIL,VIJAYA,UBL,BDL,CONCORDBIO,INDIAMART",
v16_eod_minute,2025-01-14,15,9,1,0,6.666666666666667,0.0,"SRF,VIJAYA,SHYAMMETL,JSWDULUX,SAREGAMA,DMART,PTCIL,NAVINFLUOR,OIL,AARTIIND,RKFORGE,BDL,GRSE,DEVYANI,PGEL","IDEA,RAILTEL,RPOWER,NBCC,RVNL,ADANIGREEN,BDL,GMDCLTD,IRCON,BLS,INOXWIND,MINDACORP,SWANCORP,ADANIENSOL,HUDCO","ADANIENSOL,ADANIGREEN,GMDCLTD,HUDCO,IDEA,IRCON,NBCC,RVNL,SWANCORP"
v16_eod_minute,2025-01-16,11,10,2,2,18.181818181818183,20.0,"SRF,IDEA,SHYAMMETL,VIJAYA,NBCC,ADANIGREEN,RVNL,SAREGAMA,DMART,JSWDULUX,GMDCLTD,PTCIL,IRCON,OIL,MAHABANK","RAILTEL,GMDCLTD,ADANIENSOL,RPOWER,JWL,RVNL,HUDCO,BDL,IDBI,SWANCORP,SAMMAANCAP","BDL,HUDCO,IDBI,JWL,RAILTEL,RPOWER,SAMMAANCAP,SWANCORP"
v16_eod_minute,2025-01-17,2,0,1,0,50.0,0.0,"GMDCLTD,RAILTEL,SRF,JWL,RVNL,HUDCO,IDEA,SHYAMMETL,BDL,VIJAYA,SAREGAMA,NBCC,RPOWER,DMART,IDBI","INOXWIND,NBCC",
v16_eod_minute,2025-01-20,10,0,3,0,30.0,0.0,"GMDCLTD,RAILTEL,SRF,JWL,RVNL,HUDCO,SHYAMMETL,IDEA,VIJAYA,BDL,SAREGAMA,RPOWER,DMART,JSWDULUX,ADANIGREEN","HFCL,INOXWIND,SWANCORP,PAYTM,NIACL,JWL,MINDACORP,ADANIGREEN,RAILTEL,BSE",
v16_eod_minute,2025-01-21,12,4,0,0,0.0,0.0,"GMDCLTD,SRF,RVNL,RAILTEL,JWL,VIJAYA,HUDCO,BDL,SHYAMMETL,IDEA,RPOWER,JSWDULUX,DMART,PTCIL,SAREGAMA","CGCL,ZENSARTECH,COFORGE,FIVESTAR,ULTRACEMCO,MPHASIS,WOCKPHARMA,POLICYBZR,MCX,KFINTECH,KEI,NAVA","CGCL,MPHASIS,NAVA,ULTRACEMCO"
v16_eod_minute,2025-01-22,15,3,3,1,20.0,33.33333333333333,"GMDCLTD,CGCL,SRF,RAILTEL,RVNL,JWL,MPHASIS,ULTRACEMCO,BDL,VIJAYA,HUDCO,SHYAMMETL,IDEA,RPOWER,SAREGAMA","PERSISTENT,CGCL,COFORGE,ZENSARTECH,AMBER,FIVESTAR,WOCKPHARMA,MPHASIS,POLICYBZR,ULTRACEMCO,LAURUSLABS,KEI,NAVA,KFINTECH,MCX","KEI,PERSISTENT"
v16_eod_minute,2025-01-23,12,12,4,4,33.33333333333333,33.33333333333333,"MPHASIS,GMDCLTD,PERSISTENT,SRF,RAILTEL,RVNL,JWL,CGCL,SHYAMMETL,VIJAYA,HUDCO,BDL,ULTRACEMCO,SAREGAMA,DMART","CGCL,COFORGE,PERSISTENT,ZENSARTECH,AMBER,WOCKPHARMA,MPHASIS,POLICYBZR,ULTRACEMCO,LAURUSLABS,KFINTECH,NAVA","AMBER,COFORGE,KFINTECH,LAURUSLABS,NAVA,POLICYBZR,WOCKPHARMA,ZENSARTECH"
v16_eod_minute,2025-01-24,2,2,1,1,50.0,50.0,"PERSISTENT,MPHASIS,CGCL,ZENSARTECH,WOCKPHARMA,ULTRACEMCO,COFORGE,GMDCLTD,AMBER,SRF,RAILTEL,RVNL,JWL,VIJAYA,SHYAMMETL","CGCL,FIVESTAR",FIVESTAR
v16_eod_minute,2025-01-27,9,2,5,1,55.55555555555556,50.0,"CGCL,PERSISTENT,MPHASIS,ZENSARTECH,FIVESTAR,ULTRACEMCO,COFORGE,WOCKPHARMA,AMBER,GMDCLTD,SRF,RAILTEL,SHYAMMETL,VIJAYA,JWL","PERSISTENT,ZENSARTECH,COFORGE,WOCKPHARMA,POLICYBZR,ULTRACEMCO,MCX,NAVA,BBTC",POLICYBZR
v16_eod_minute,2025-01-28,15,6,0,0,0.0,0.0,"CGCL,COFORGE,PERSISTENT,POLICYBZR,MPHASIS,FIVESTAR,AMBER,GMDCLTD,ZENSARTECH,SRF,RAILTEL,SHYAMMETL,JWL,VIJAYA,ULTRACEMCO","POLYMED,ZENTEC,GRAVITA,KPITTECH,PCBL,JMFINANCIL,JUBLFOOD,PGEL,TRENT,KALYANKJIL,BRIGADE,OLECTRA,NETWEB,GODFRYPHLP,SYRMA","BRIGADE,GRAVITA,JMFINANCIL,KPITTECH,OLECTRA,SYRMA"
v16_eod_minute,2025-01-29,12,12,3,3,25.0,25.0,"CGCL,GRAVITA,COFORGE,KPITTECH,POLICYBZR,PERSISTENT,JMFINANCIL,MPHASIS,FIVESTAR,AMBER,GMDCLTD,SHYAMMETL,BRIGADE,JWL,SRF","ZENTEC,PGEL,JMFINANCIL,KPITTECH,SYRMA,GODFRYPHLP,GRAVITA,NETWEB,NEWGEN,TRENT,KALYANKJIL,JUBLPHARMA","GODFRYPHLP,JUBLPHARMA,KALYANKJIL,NETWEB,NEWGEN,PGEL,SYRMA,TRENT,ZENTEC"
v16_eod_minute,2025-01-30,2,0,1,0,50.0,0.0,"KPITTECH,JMFINANCIL,PGEL,GRAVITA,SYRMA,ZENTEC,CGCL,PERSISTENT,COFORGE,GODFRYPHLP,POLICYBZR,NEWGEN,SHYAMMETL,MPHASIS,FIVESTAR","POLYMED,JMFINANCIL",
v16_eod_minute,2025-01-31,12,11,6,5,50.0,45.45454545454545,"KPITTECH,PGEL,JMFINANCIL,GRAVITA,SYRMA,ZENTEC,CGCL,COFORGE,GODFRYPHLP,PERSISTENT,POLICYBZR,NEWGEN,FIVESTAR,NETWEB,GMDCLTD","PCBL,GRAVITA,ZENTEC,PGEL,POLYMED,TRENT,JUBLFOOD,NEWGEN,JMFINANCIL,KALYANKJIL,PNBHOUSING,GODFRYPHLP","JUBLFOOD,KALYANKJIL,PCBL,PNBHOUSING,POLYMED,TRENT"
v16_eod_minute,2025-02-01,6,2,1,0,16.666666666666664,0.0,"PGEL,GRAVITA,ZENTEC,JMFINANCIL,KPITTECH,PCBL,SYRMA,CGCL,TRENT,COFORGE,PERSISTENT,GODFRYPHLP,SRF,KALYANKJIL,MPHASIS","POLYMED,GODFRYPHLP,NEWGEN,PNBHOUSING,HSCL,GPIL","GPIL,PNBHOUSING"
v16_eod_minute,2025-02-03,9,2,3,0,33.33333333333333,0.0,"PGEL,GRAVITA,ZENTEC,JMFINANCIL,KPITTECH,SYRMA,PCBL,CGCL,COFORGE,PNBHOUSING,TRENT,PERSISTENT,MPHASIS,POLICYBZR,KALYANKJIL","HSCL,GRAVITA,CGPOWER,ABSLAMC,KALYANKJIL,NETWEB,SUZLON,LTFOODS,KPITTECH","HSCL,LTFOODS"
v16_eod_minute,2025-02-04,14,8,0,0,0.0,0.0,"PGEL,GRAVITA,ZENTEC,JMFINANCIL,KPITTECH,HSCL,SYRMA,CGCL,PCBL,TRENT,PNBHOUSING,COFORGE,FIVESTAR,POLICYBZR,PERSISTENT","TARIL,NATCOPHARM,KFINTECH,JYOTICNC,CASTROLIND,AEGISLOG,GODFRYPHLP,ERIS,AFFLE,SPLPETRO,ABB,GALLANTT,GICRE,ABBOTINDIA","ABB,ABBOTINDIA,AEGISLOG,GICRE,JYOTICNC,KFINTECH,NATCOPHARM,SPLPETRO"
v16_eod_minute,2025-02-05,7,6,0,0,0.0,0.0,"PGEL,NATCOPHARM,GRAVITA,AEGISLOG,ZENTEC,KFINTECH,JYOTICNC,JMFINANCIL,KPITTECH,HSCL,CGCL,SYRMA,PCBL,PNBHOUSING,ABB","TARIL,ABBOTINDIA,PAYTM,GODFRYPHLP,ERIS,MEDANTA,REDINGTON","ABBOTINDIA,ERIS,MEDANTA,PAYTM,REDINGTON,TARIL"
v16_eod_minute,2025-02-06,6,2,0,0,0.0,0.0,"ABBOTINDIA,PGEL,NATCOPHARM,ERIS,GRAVITA,AEGISLOG,ZENTEC,PAYTM,JMFINANCIL,TARIL,KFINTECH,JYOTICNC,KPITTECH,CGCL,SYRMA","GODFRYPHLP,POWERINDIA,CHAMBLFERT,WELCORP,GLAXO,GICRE","GLAXO,POWERINDIA"
v16_eod_minute,2025-02-07,11,8,4,4,36.36363636363637,50.0,"ABBOTINDIA,PGEL,NATCOPHARM,AEGISLOG,ERIS,ZENTEC,GRAVITA,POWERINDIA,PAYTM,JMFINANCIL,KFINTECH,TARIL,JYOTICNC,KPITTECH,SYRMA","GODFRYPHLP,PAYTM,CHAMBLFERT,KFINTECH,ABB,JYOTICNC,CAPLIPOINT,JSWENERGY,GICRE,GABRIEL,JMFINANCIL","CAPLIPOINT,CHAMBLFERT,GABRIEL,GODFRYPHLP"
v16_eod_minute,2025-02-10,11,3,5,1,45.45454545454545,33.33333333333333,"GODFRYPHLP,KFINTECH,PAYTM,JYOTICNC,PGEL,CHAMBLFERT,ABBOTINDIA,NATCOPHARM,ZENTEC,GRAVITA,ERIS,JMFINANCIL,AEGISLOG,POWERINDIA,TARIL","ABB,POWERINDIA,JYOTICNC,NATCOPHARM,JSWENERGY,GICRE,AEGISLOG,CASTROLIND,PAYTM,NUVAMA,SAREGAMA","CASTROLIND,JSWENERGY"
v16_eod_minute,2025-02-11,12,2,0,0,0.0,0.0,"GODFRYPHLP,KFINTECH,PAYTM,AEGISLOG,CHAMBLFERT,PGEL,ABBOTINDIA,JMFINANCIL,GRAVITA,ZENTEC,ERIS,JYOTICNC,JSWENERGY,TARIL,NATCOPHARM","JBCHEPHARM,HONASA,CRISIL,SBICARD,ASHOKLEY,BLUESTARCO,PARADEEP,TRITURBINE,CHOLAHLDNG,JUBLFOOD,BAJAJFINSV,DCMSHRIRAM","CHOLAHLDNG,DCMSHRIRAM"
v16_eod_minute,2025-02-12,13,2,1,0,7.6923076923076925,0.0,"GODFRYPHLP,KFINTECH,PAYTM,AEGISLOG,PGEL,CHAMBLFERT,ZENTEC,JMFINANCIL,GRAVITA,JYOTICNC,ABBOTINDIA,CHOLAHLDNG,JSWENERGY,ERIS,TARIL","GODFRYPHLP,JBCHEPHARM,HONASA,SBICARD,PARADEEP,BLUESTARCO,ASHOKLEY,TRITURBINE,BAJAJHLDNG,REDINGTON,JUBLFOOD,SUNDARMFIN,GESHIP","HONASA,SUNDARMFIN"
v16_eod_minute,2025-02-13,9,9,1,1,11.11111111111111,11.11111111111111,"KFINTECH,HONASA,PAYTM,AEGISLOG,PGEL,GODFRYPHLP,CHAMBLFERT,GRAVITA,JMFINANCIL,JYOTICNC,ZENTEC,ABBOTINDIA,ERIS,JSWENERGY,HSCL","JBCHEPHARM,HONASA,CRISIL,PARADEEP,CHOLAHLDNG,REDINGTON,JUBLFOOD,DCMSHRIRAM,SARDAEN","CHOLAHLDNG,CRISIL,DCMSHRIRAM,JBCHEPHARM,JUBLFOOD,PARADEEP,REDINGTON,SARDAEN"
v16_eod_minute,2025-02-14,7,1,3,0,42.857142857142854,0.0,"HONASA,JBCHEPHARM,CHOLAHLDNG,KFINTECH,PAYTM,PARADEEP,CRISIL,AEGISLOG,PGEL,GRAVITA,CHAMBLFERT,JMFINANCIL,GODFRYPHLP,JYOTICNC,ZENTEC","GODFRYPHLP,CRISIL,PARADEEP,BLUESTARCO,TRITURBINE,ASHOKLEY,DCMSHRIRAM",ASHOKLEY
v16_eod_minute,2025-02-17,12,2,3,0,25.0,0.0,"HONASA,JBCHEPHARM,KFINTECH,AEGISLOG,PGEL,PAYTM,GRAVITA,CHOLAHLDNG,ZENTEC,JMFINANCIL,CHAMBLFERT,JYOTICNC,ERIS,ABBOTINDIA,HSCL","JBCHEPHARM,CRISIL,HONASA,BLUESTARCO,SBICARD,REDINGTON,ASHOKLEY,BAJAJHLDNG,CHOLAHLDNG,JUBLFOOD,HBLENGINE,GESHIP","GESHIP,REDINGTON"
v16_eod_minute,2025-02-18,11,3,1,1,9.090909090909092,33.33333333333333,"HONASA,REDINGTON,KFINTECH,PAYTM,AEGISLOG,PGEL,JMFINANCIL,CHAMBLFERT,ZENTEC,CHOLAHLDNG,GRAVITA,ERIS,PARADEEP,JYOTICNC,NATCOPHARM","VIJAYA,AEGISLOG,NETWEB,DEVYANI,TARIL,AMBER,JSWINFRA,JSWENERGY,KAYNES,TECHNOE,BIKAJI","JSWINFRA,NETWEB"
v16_eod_minute,2025-02-19,13,13,4,4,30.76923076923077,30.76923076923077,"AEGISLOG,NETWEB,HONASA,REDINGTON,KFINTECH,JSWINFRA,PAYTM,PGEL,JYOTICNC,JMFINANCIL,ZENTEC,GRAVITA,ABBOTINDIA,RAILTEL,GMDCLTD","VIJAYA,NETWEB,PGEL,DEVYANI,AEGISLOG,DEEPAKFERT,JSWINFRA,KAYNES,CESC,BALRAMCHIN,AMBER,BIKAJI,TECHNOE","AMBER,BALRAMCHIN,BIKAJI,CESC,DEEPAKFERT,DEVYANI,KAYNES,TECHNOE,VIJAYA"
v16_eod_minute,2025-02-20,2,1,1,1,50.0,100.0,"NETWEB,AEGISLOG,PGEL,VIJAYA,DEEPAKFERT,DEVYANI,JSWINFRA,HONASA,KAYNES,CESC,REDINGTON,BALRAMCHIN,GRAVITA,JMFINANCIL,KFINTECH","JSWINFRA,AMBER",
v16_eod_minute,2025-02-21,6,4,3,3,50.0,75.0,"AEGISLOG,NETWEB,PGEL,JSWINFRA,VIJAYA,DEEPAKFERT,DEVYANI,HONASA,KAYNES,CESC,BALRAMCHIN,GRAVITA,KFINTECH,JYOTICNC,JMFINANCIL","VIJAYA,AEGISLOG,TECHNOE,KAYNES,HSCL,INDHOTEL",HSCL
v16_eod_minute,2025-02-24,7,1,2,0,28.57142857142857,0.0,"AEGISLOG,VIJAYA,NETWEB,PGEL,JSWINFRA,KAYNES,DEEPAKFERT,DEVYANI,HONASA,HSCL,CESC,GRAVITA,JMFINANCIL,REDINGTON,KFINTECH","NETWEB,DEEPAKFERT,TECHNOE,NHPC,RADICO,BSE,INDHOTEL",BSE
v16_eod_minute,2025-02-25,14,5,1,1,7.142857142857142,20.0,"AEGISLOG,VIJAYA,NETWEB,PGEL,JSWINFRA,KAYNES,DEVYANI,HONASA,HSCL,GRAVITA,DEEPAKFERT,JMFINANCIL,JYOTICNC,CESC,BALRAMCHIN","PATANJALI,HOMEFIRST,CRAFTSMAN,FIVESTAR,CHOLAHLDNG,ABREL,COHANCE,JBCHEPHARM,PGEL,AUBANK,INDIACEM,TECHNOE,HEG,SHRIRAMFIN","CHOLAHLDNG,CRAFTSMAN,FIVESTAR,PATANJALI"
v16_eod_minute,2025-02-27,14,5,4,2,28.57142857142857,40.0,"AEGISLOG,VIJAYA,PGEL,CHOLAHLDNG,FIVESTAR,CRAFTSMAN,NETWEB,PATANJALI,JSWINFRA,KAYNES,DEVYANI,HSCL,GRAVITA,JMFINANCIL,CESC","PATANJALI,CRAFTSMAN,HOMEFIRST,FIVESTAR,CARTRADE,ABREL,COHANCE,JBCHEPHARM,PGEL,HEG,AUBANK,TECHNOE,INDIACEM,SHRIRAMFIN","AUBANK,HOMEFIRST,SHRIRAMFIN"
v16_eod_minute,2025-02-28,10,3,1,1,10.0,33.33333333333333,"FIVESTAR,CRAFTSMAN,AEGISLOG,VIJAYA,PGEL,CHOLAHLDNG,HOMEFIRST,NETWEB,JSWINFRA,KAYNES,JMFINANCIL,DEVYANI,GRAVITA,DEEPAKFERT,HSCL","PATANJALI,CARTRADE,COHANCE,ABREL,PGEL,JBCHEPHARM,TECHNOE,HEG,INDIACEM,TATAINVEST","COHANCE,HEG"
v16_eod_minute,2025-03-03,6,0,2,0,33.33333333333333,0.0,"FIVESTAR,CRAFTSMAN,PGEL,AEGISLOG,VIJAYA,HOMEFIRST,CHOLAHLDNG,NETWEB,JSWINFRA,KAYNES,DEVYANI,DEEPAKFERT,JMFINANCIL,COHANCE,HSCL","PATANJALI,CHOLAHLDNG,ABREL,PGEL,SHRIRAMFIN,TATAINVEST",
v16_eod_minute,2025-03-04,15,15,2,2,13.333333333333334,13.333333333333334,"FIVESTAR,CRAFTSMAN,AEGISLOG,PGEL,VIJAYA,NETWEB,HOMEFIRST,JSWINFRA,KAYNES,DEVYANI,GRAVITA,DEEPAKFERT,CHOLAHLDNG,JMFINANCIL,COHANCE","SHYAMMETL,NAVA,DCMSHRIRAM,CAPLIPOINT,NEULANDLAB,DEEPAKFERT,VIJAYA,JYOTICNC,INDIACEM,JUBLINGREA,JINDALSAW,TARIL,WELCORP,SAREGAMA,ACUTAAS","ACUTAAS,CAPLIPOINT,DCMSHRIRAM,INDIACEM,JINDALSAW,JUBLINGREA,JYOTICNC,NAVA,NEULANDLAB,SAREGAMA,SHYAMMETL,TARIL,WELCORP"
v16_eod_minute,2025-03-05,5,5,1,1,20.0,20.0,"CAPLIPOINT,DCMSHRIRAM,NEULANDLAB,VIJAYA,SHYAMMETL,JYOTICNC,DEEPAKFERT,NAVA,FIVESTAR,INDIACEM,AEGISLOG,CRAFTSMAN,PGEL,JUBLINGREA,NETWEB","NAVA,TRITURBINE,PCBL,LLOYDSME,DATAPATTNS","DATAPATTNS,LLOYDSME,PCBL,TRITURBINE"
v16_eod_minute,2025-03-06,2,1,1,1,50.0,100.0,"NAVA,CAPLIPOINT,DCMSHRIRAM,NEULANDLAB,VIJAYA,JYOTICNC,SHYAMMETL,DEEPAKFERT,PCBL,TRITURBINE,INDIACEM,FIVESTAR,AEGISLOG,PGEL,LLOYDSME","JYOTICNC,DATAPATTNS",
v16_eod_minute,2025-03-07,9,8,2,2,22.22222222222222,25.0,"JYOTICNC,NAVA,CAPLIPOINT,VIJAYA,NEULANDLAB,DCMSHRIRAM,SHYAMMETL,DEEPAKFERT,FIVESTAR,AEGISLOG,PCBL,PGEL,INDIACEM,CRAFTSMAN,LLOYDSME","PARADEEP,ANANTRAJ,NEULANDLAB,DATAPATTNS,HSCL,TITAGARH,SAREGAMA,PCBL,RPOWER","ANANTRAJ,DATAPATTNS,PARADEEP,RPOWER,SAREGAMA,TITAGARH"
v16_eod_minute,2025-03-10,8,5,1,0,12.5,0.0,"JYOTICNC,NAVA,NEULANDLAB,CAPLIPOINT,DATAPATTNS,ANANTRAJ,VIJAYA,DCMSHRIRAM,SHYAMMETL,AEGISLOG,PCBL,PARADEEP,FIVESTAR,DEEPAKFERT,PGEL","GRAVITA,CAPLIPOINT,ECLERX,LTFOODS,HBLENGINE,HSCL,JINDALSAW,SWANCORP","GRAVITA,HBLENGINE,HSCL,JINDALSAW,LTFOODS"
v16_eod_minute,2025-03-11,12,12,1,1,8.333333333333332,8.333333333333332,"JYOTICNC,GRAVITA,NAVA,NEULANDLAB,LTFOODS,DATAPATTNS,ANANTRAJ,VIJAYA,DCMSHRIRAM,SHYAMMETL,PCBL,PARADEEP,CAPLIPOINT,FIVESTAR,AEGISLOG","GODFRYPHLP,KIMS,CHENNPETRO,ADANIGREEN,JYOTICNC,GRAPHITE,TATACOMM,MRPL,KALYANKJIL,MCX,TIINDIA,ZFCVINDIA","ADANIGREEN,CHENNPETRO,GODFRYPHLP,GRAPHITE,KALYANKJIL,KIMS,MCX,MRPL,TATACOMM,TIINDIA,ZFCVINDIA"
v16_eod_minute,2025-03-12,6,3,2,0,33.33333333333333,0.0,"JYOTICNC,GODFRYPHLP,CHENNPETRO,GRAVITA,KIMS,NAVA,GRAPHITE,NEULANDLAB,TATACOMM,ADANIGREEN,LTFOODS,VIJAYA,DATAPATTNS,AEGISLOG,ANANTRAJ","JYOTICNC,AAVAS,ADANIGREEN,MRPL,DOMS,ZFCVINDIA","AAVAS,DOMS,ZFCVINDIA"
v16_eod_minute,2025-03-13,9,0,3,0,33.33333333333333,0.0,"JYOTICNC,CHENNPETRO,GODFRYPHLP,GRAVITA,KIMS,NAVA,NEULANDLAB,GRAPHITE,TATACOMM,AAVAS,VIJAYA,LTFOODS,ANANTRAJ,DATAPATTNS,ADANIGREEN","CHENNPETRO,MRPL,GRAPHITE,TATACOMM,KALYANKJIL,MCX,TIINDIA,ZFCVINDIA,ZENTEC",
v16_eod_minute,2025-03-17,7,0,2,0,28.57142857142857,0.0,"JYOTICNC,GODFRYPHLP,KIMS,GRAVITA,NAVA,CHENNPETRO,NEULANDLAB,GRAPHITE,AAVAS,TATACOMM,LTFOODS,VIJAYA,ANANTRAJ,DATAPATTNS,ADANIGREEN","SARDAEN,TATACOMM,GRAPHITE,KALYANKJIL,MCX,ZENTEC,TIINDIA",
v16_eod_minute,2025-03-18,12,12,1,1,8.333333333333332,8.333333333333332,"JYOTICNC,GODFRYPHLP,GRAVITA,KIMS,CHENNPETRO,NAVA,NEULANDLAB,AAVAS,DCMSHRIRAM,LTFOODS,DATAPATTNS,VIJAYA,ANANTRAJ,ADANIGREEN,PCBL","BSE,KFINTECH,MAXHEALTH,JPPOWER,TEJASNET,NIACL,RPOWER,SYRMA,RHIM,JWL,UTIAMC,DCMSHRIRAM","BSE,JPPOWER,JWL,KFINTECH,MAXHEALTH,NIACL,RHIM,RPOWER,SYRMA,TEJASNET,UTIAMC"
v16_eod_minute,2025-03-20,4,3,1,0,25.0,0.0,"BSE,KFINTECH,JPPOWER,RPOWER,MAXHEALTH,NIACL,TEJASNET,JYOTICNC,GODFRYPHLP,SYRMA,GRAVITA,NEULANDLAB,NAVA,DCMSHRIRAM,KIMS","BLS,MRPL,MANKIND,DCMSHRIRAM","BLS,MANKIND,MRPL"
v16_eod_minute,2025-03-21,12,12,4,4,33.33333333333333,33.33333333333333,"BSE,BLS,MRPL,MANKIND,KFINTECH,JPPOWER,RPOWER,JYOTICNC,MAXHEALTH,NIACL,TEJASNET,SYRMA,GODFRYPHLP,GRAVITA,NEULANDLAB","JMFINANCIL,TEJASNET,PCBL,RAILTEL,RPOWER,BSE,ELECON,NIACL,GICRE,MANAPPURAM,JWL,NETWEB","ELECON,GICRE,JMFINANCIL,JWL,MANAPPURAM,NETWEB,PCBL,RAILTEL"
v16_eod_minute,2025-03-24,1,1,0,0,0.0,0.0,"TEJASNET,BSE,PCBL,JMFINANCIL,RPOWER,RAILTEL,NIACL,BLS,ELECON,MRPL,MANKIND,JPPOWER,GICRE,VIJAYA,KFINTECH",LODHA,LODHA
v16_eod_minute,2025-03-25,11,3,2,0,18.181818181818183,0.0,"TEJASNET,BSE,JMFINANCIL,PCBL,LODHA,RPOWER,RAILTEL,NIACL,MANKIND,BLS,JYOTICNC,ELECON,GRAVITA,MRPL,JPPOWER","BSE,ASTERDM,RPOWER,ZFCVINDIA,CUB,NAVA,ADANIENSOL,HONAUT,JSWDULUX,HEG,ERIS","ADANIENSOL,ASTERDM,HEG"
v16_eod_minute,2025-03-26,13,5,3,1,23.076923076923077,20.0,"TEJASNET,PCBL,JMFINANCIL,LODHA,ASTERDM,BSE,RAILTEL,NIACL,RPOWER,BLS,ELECON,JYOTICNC,MRPL,KFINTECH,VIJAYA","RPOWER,ASTERDM,BSE,BEML,CUB,ZFCVINDIA,JSWDULUX,NAVA,FORTIS,ERIS,ADANIENSOL,TARIL,GODFRYPHLP","BEML,CUB,NAVA,ZFCVINDIA"
v16_eod_minute,2025-03-27,10,9,4,3,40.0,33.33333333333333,"RPOWER,TEJASNET,PCBL,NAVA,JMFINANCIL,BEML,LODHA,ZFCVINDIA,RAILTEL,NIACL,CUB,BSE,ASTERDM,JYOTICNC,MRPL","BSE,ASTERDM,BEML,CUB,FORTIS,JSWDULUX,ERIS,ADANIENSOL,TARIL,GODFRYPHLP","ADANIENSOL,ERIS,FORTIS,GODFRYPHLP,JSWDULUX,TARIL"
v16_eod_minute,2025-03-28,7,5,2,2,28.57142857142857,40.0,"BEML,RPOWER,ASTERDM,BSE,TEJASNET,JMFINANCIL,NAVA,PCBL,ZFCVINDIA,ADANIENSOL,JSWDULUX,RAILTEL,NIACL,LODHA,ERIS","CUB,NAVA,GALLANTT,PTCIL,ZFCVINDIA,HONAUT,HEG","CUB,GALLANTT,HEG"
v16_eod_minute,2025-04-01,6,4,2,2,33.33333333333333,50.0,"BEML,RPOWER,NAVA,ASTERDM,BSE,CUB,GALLANTT,ZFCVINDIA,TEJASNET,ADANIENSOL,JMFINANCIL,PCBL,LODHA,JSWDULUX,FORTIS","ERIS,RPOWER,PTCIL,ADANIENSOL,GODREJCP,HONAUT","ERIS,HONAUT"
v16_eod_minute,2025-04-02,7,6,0,0,0.0,0.0,"RPOWER,BEML,ERIS,ASTERDM,NAVA,CUB,BSE,ADANIENSOL,ZFCVINDIA,TEJASNET,GALLANTT,JMFINANCIL,PCBL,LODHA,RAILTEL","VTL,BDL,PNBHOUSING,TATACONSUM,LINDEINDIA,SBFC,CREDITACC","BDL,CREDITACC,PNBHOUSING,SBFC,TATACONSUM,VTL"
v16_eod_minute,2025-04-03,9,9,3,3,33.33333333333333,33.33333333333333,"RPOWER,BDL,PNBHOUSING,BEML,VTL,ERIS,TATACONSUM,NAVA,ASTERDM,BSE,CUB,ADANIENSOL,TEJASNET,JMFINANCIL,ZFCVINDIA","VTL,PARADEEP,LINDEINDIA,TRIDENT,WHIRLPOOL,GMRAIRPORT,TEJASNET,CREDITACC,CUB","CREDITACC,GMRAIRPORT,LINDEINDIA,PARADEEP,TRIDENT,WHIRLPOOL"
v16_eod_minute,2025-04-04,5,1,2,1,40.0,100.0,"VTL,RPOWER,PARADEEP,TRIDENT,BDL,TEJASNET,PNBHOUSING,BEML,ERIS,TATACONSUM,LINDEINDIA,NAVA,BSE,CUB,ASTERDM","LINDEINDIA,GALLANTT,TATACONSUM,WHIRLPOOL,SBFC",
v16_eod_minute,2025-04-07,15,15,8,8,53.333333333333336,53.333333333333336,"VTL,PARADEEP,TRIDENT,RPOWER,TATACONSUM,TEJASNET,BDL,BEML,PNBHOUSING,ERIS,NAVA,GMRAIRPORT,CUB,ASTERDM,BSE","GPIL,VTL,PARADEEP,BDL,PNBHOUSING,GALLANTT,TRIDENT,TATACONSUM,WHIRLPOOL,TEJASNET,LINDEINDIA,GMRAIRPORT,ADANIPOWER,LEMONTREE,SBFC","ADANIPOWER,GALLANTT,GPIL,LEMONTREE,LINDEINDIA,SBFC,WHIRLPOOL"
v16_eod_minute,2025-04-08,15,5,0,0,0.0,0.0,"VTL,PARADEEP,BDL,TRIDENT,GPIL,PNBHOUSING,GALLANTT,TEJASNET,TATACONSUM,WHIRLPOOL,RPOWER,LINDEINDIA,GMRAIRPORT,BEML,ADANIPOWER","FSL,DIXON,SYRMA,JUBLINGREA,JMFINANCIL,LTFOODS,MEDANTA,CRAFTSMAN,AFFLE,PIIND,MCX,ATUL,PGEL,APARINDS,NUVAMA","CRAFTSMAN,FSL,LTFOODS,MCX,PIIND"
v16_eod_minute,2025-04-09,7,2,2,0,28.57142857142857,0.0,"VTL,PARADEEP,TRIDENT,BDL,GPIL,PNBHOUSING,TEJASNET,GALLANTT,FSL,TATACONSUM,LTFOODS,RPOWER,LINDEINDIA,WHIRLPOOL,CRAFTSMAN","LTFOODS,NUVAMA,CRAFTSMAN,JUBLINGREA,ATUL,ARE&M,SUZLON","ATUL,SUZLON"
v16_eod_minute,2025-04-11,14,3,2,1,14.285714285714285,33.33333333333333,"VTL,PARADEEP,BDL,TRIDENT,GPIL,PNBHOUSING,TEJASNET,GALLANTT,FSL,TATACONSUM,RPOWER,LINDEINDIA,WHIRLPOOL,GMRAIRPORT,LTFOODS","JUBLINGREA,NUVAMA,LTFOODS,FSL,ATUL,CRAFTSMAN,SYRMA,MCX,KAYNES,PPLPHARMA,ARE&M,MEDANTA,FLUOROCHEM,GRAVITA","FLUOROCHEM,JUBLINGREA"
v16_eod_minute,2025-04-15,3,3,0,0,0.0,0.0,"VTL,FSL,PARADEEP,BDL,TRIDENT,GPIL,JUBLINGREA,GALLANTT,PNBHOUSING,TEJASNET,TATACONSUM,RPOWER,LINDEINDIA,GMRAIRPORT,WHIRLPOOL","CRAFTSMAN,RKFORGE,BLUESTARCO","BLUESTARCO,CRAFTSMAN,RKFORGE"
v16_eod_minute,2025-04-16,4,4,0,0,0.0,0.0,"FSL,VTL,PARADEEP,BDL,TRIDENT,CRAFTSMAN,GPIL,JUBLINGREA,TEJASNET,GALLANTT,PNBHOUSING,TATACONSUM,WHIRLPOOL,RKFORGE,RPOWER","KFINTECH,JBMA,DOMS,NBCC","DOMS,JBMA,KFINTECH,NBCC"
v16_eod_minute,2025-04-17,3,3,0,0,0.0,0.0,"JBMA,DOMS,KFINTECH,VTL,PARADEEP,FSL,BDL,TRIDENT,GPIL,CRAFTSMAN,TEJASNET,JUBLINGREA,GALLANTT,PNBHOUSING,RPOWER","DELHIVERY,FACT,BLUEJET","BLUEJET,DELHIVERY,FACT"
v16_eod_minute,2025-04-21,8,3,3,2,37.5,66.66666666666666,"DELHIVERY,FACT,JBMA,DOMS,KFINTECH,VTL,PARADEEP,FSL,GPIL,BDL,TEJASNET,TRIDENT,JUBLINGREA,GALLANTT,CRAFTSMAN","ENGINERSIN,GMDCLTD,JBMA,ANURAS,DOMS,INDUSINDBK,PARADEEP,BLUEJET",INDUSINDBK
v16_eod_minute,2025-04-22,5,3,0,0,0.0,0.0,"DOMS,FACT,DELHIVERY,KFINTECH,PARADEEP,JBMA,VTL,INDUSINDBK,FSL,BDL,GPIL,TEJASNET,TRIDENT,JUBLINGREA,RPOWER","APARINDS,GODFRYPHLP,LALPATHLAB,PERSISTENT,SPLPETRO","APARINDS,LALPATHLAB,PERSISTENT"
v16_eod_minute,2025-04-23,12,11,2,1,16.666666666666664,9.090909090909092,"APARINDS,DOMS,DELHIVERY,FACT,PARADEEP,LALPATHLAB,PERSISTENT,KFINTECH,VTL,JBMA,INDUSINDBK,BDL,GPIL,FSL,RPOWER","AUBANK,ATUL,REDINGTON,GODFRYPHLP,SPLPETRO,CHOICEIN,LALPATHLAB,PERSISTENT,MPHASIS,HCLTECH,COFORGE,TECHM","ATUL,AUBANK,CHOICEIN,COFORGE,GODFRYPHLP,HCLTECH,MPHASIS,REDINGTON,SPLPETRO,TECHM"
v16_eod_minute,2025-04-24,3,2,1,1,33.33333333333333,50.0,"AUBANK,APARINDS,REDINGTON,ATUL,DOMS,PERSISTENT,GODFRYPHLP,SPLPETRO,DELHIVERY,FACT,CHOICEIN,KFINTECH,VTL,PARADEEP,MPHASIS","APARINDS,LALPATHLAB,DATAPATTNS",LALPATHLAB
v16_eod_minute,2025-04-25,9,3,3,1,33.33333333333333,33.33333333333333,"APARINDS,AUBANK,REDINGTON,ATUL,DOMS,PERSISTENT,LALPATHLAB,GODFRYPHLP,SPLPETRO,DELHIVERY,FACT,PARADEEP,VTL,CHOICEIN,KFINTECH","ATUL,HCLTECH,LALPATHLAB,MPHASIS,COFORGE,PERSISTENT,OFSS,TECHM,M&M","M&M,MPHASIS"
v16_eod_minute,2025-04-28,12,2,5,2,41.66666666666667,100.0,"APARINDS,ATUL,AUBANK,MPHASIS,REDINGTON,DOMS,GODFRYPHLP,SPLPETRO,PERSISTENT,FACT,CHOICEIN,VTL,PARADEEP,LALPATHLAB,KFINTECH","APARINDS,GODFRYPHLP,HCLTECH,TATAELXSI,AUBANK,OFSS,CHOICEIN,TECHM,REDINGTON,IIFL,DATAPATTNS,ELECON",
v16_eod_minute,2025-04-29,7,4,1,1,14.285714285714285,25.0,"GODFRYPHLP,ATUL,APARINDS,REDINGTON,MPHASIS,AUBANK,DOMS,SPLPETRO,PERSISTENT,PARADEEP,FACT,KFINTECH,DELHIVERY,VTL,LALPATHLAB","TIMKEN,FORCEMOT,CEATLTD,INDIACEM,MARUTI,HONASA,ATUL","CEATLTD,HONASA,INDIACEM"
v16_eod_minute,2025-04-30,7,1,1,0,14.285714285714285,0.0,"INDIACEM,GODFRYPHLP,ATUL,HONASA,CEATLTD,APARINDS,REDINGTON,MPHASIS,DOMS,AUBANK,TEJASNET,PARADEEP,KFINTECH,SPLPETRO,VTL","TIMKEN,FORCEMOT,CEATLTD,MARUTI,SCHAEFFLER,IGL,ACUTAAS",MARUTI
v16_eod_minute,2025-05-02,8,6,2,2,25.0,33.33333333333333,"INDIACEM,GODFRYPHLP,HONASA,ATUL,APARINDS,REDINGTON,MARUTI,MPHASIS,DOMS,AUBANK,CEATLTD,VTL,PERSISTENT,TEJASNET,RPOWER","TIMKEN,FORCEMOT,ELECON,INDIACEM,CREDITACC,MAZDOCK,POWERINDIA,HONASA","CREDITACC,ELECON,FORCEMOT,POWERINDIA"
v16_eod_minute,2025-05-05,9,5,3,1,33.33333333333333,20.0,"INDIACEM,ELECON,GODFRYPHLP,HONASA,ATUL,FORCEMOT,APARINDS,CREDITACC,REDINGTON,MARUTI,DOMS,MPHASIS,VTL,CEATLTD,PARADEEP","TIINDIA,CEATLTD,INDIACEM,SONATSOFTW,IGL,GRSE,MAZDOCK,MARUTI,POWERINDIA","GRSE,IGL,MAZDOCK,TIINDIA"
v16_eod_minute,2025-05-06,11,3,0,0,0.0,0.0,"CEATLTD,TIINDIA,IGL,ELECON,INDIACEM,GRSE,MAZDOCK,GODFRYPHLP,HONASA,ATUL,REDINGTON,FORCEMOT,VTL,DOMS,APARINDS","WELSPUNLIV,KPRMILL,CONCORDBIO,ENDURANCE,YESBANK,CCL,SPLPETRO,IIFL,TIMKEN,KAJARIACER,TMPV","KAJARIACER,SPLPETRO,WELSPUNLIV"
v16_eod_minute,2025-05-07,15,14,3,3,20.0,21.428571428571427,"WELSPUNLIV,TIINDIA,CEATLTD,IGL,SPLPETRO,INDIACEM,GODFRYPHLP,ELECON,GRSE,MAZDOCK,APARINDS,FORCEMOT,HONASA,REDINGTON,RPOWER","WELSPUNLIV,YESBANK,KPRMILL,ENDURANCE,CONCORDBIO,APARINDS,IIFL,SPLPETRO,TIMKEN,CEMPRO,TMPV,ZEEL,GVT&D,KAJARIACER,CRAFTSMAN","CEMPRO,CONCORDBIO,ENDURANCE,GVT&D,IIFL,KAJARIACER,KPRMILL,TIMKEN,TMPV,YESBANK,ZEEL"
v16_eod_minute,2025-05-08,5,1,3,1,60.0,100.0,"WELSPUNLIV,APARINDS,ENDURANCE,SPLPETRO,IIFL,YESBANK,KPRMILL,CEATLTD,TIINDIA,IGL,CEMPRO,TMPV,CONCORDBIO,KAJARIACER,ELECON","CONCORDBIO,YESBANK,SPLPETRO,CRAFTSMAN,RRKABEL",
v16_eod_minute,2025-05-09,10,10,7,7,70.0,70.0,"WELSPUNLIV,CONCORDBIO,APARINDS,ENDURANCE,IIFL,SPLPETRO,KPRMILL,CEATLTD,TIINDIA,YESBANK,TMPV,IGL,CEMPRO,ELECON,KAJARIACER","YESBANK,SPLPETRO,ENDURANCE,KAJARIACER,IIFL,CRAFTSMAN,ELECON,RRKABEL,UNIONBANK,TMPV","CRAFTSMAN,RRKABEL,UNIONBANK"
v16_eod_minute,2025-05-12,6,3,4,2,66.66666666666666,66.66666666666666,"YESBANK,SPLPETRO,WELSPUNLIV,ENDURANCE,IIFL,KAJARIACER,APARINDS,CONCORDBIO,CRAFTSMAN,ELECON,CEATLTD,KPRMILL,TIINDIA,TMPV,CEMPRO","CONCORDBIO,APARINDS,TIMKEN,ENDURANCE,ELECON,CCL",CCL
v16_eod_minute,2025-05-13,1,1,0,0,0.0,0.0,"ENDURANCE,YESBANK,SPLPETRO,WELSPUNLIV,IIFL,KAJARIACER,ELECON,CRAFTSMAN,KPRMILL,APARINDS,CONCORDBIO,TIINDIA,CEATLTD,VTL,CEMPRO",GRSE,GRSE
v16_eod_minute,2025-05-14,11,10,0,0,0.0,0.0,"ENDURANCE,YESBANK,SPLPETRO,WELSPUNLIV,IIFL,ELECON,KAJARIACER,CRAFTSMAN,KPRMILL,TIINDIA,GRSE,CONCORDBIO,VTL,CEATLTD,APARINDS","IRCON,PTCIL,RVNL,TITAGARH,HBLENGINE,IFCI,BAJAJHLDNG,SCI,IRFC,RITES,GESHIP","BAJAJHLDNG,GESHIP,HBLENGINE,IFCI,IRCON,IRFC,PTCIL,RITES,RVNL,TITAGARH"
v16_eod_minute,2025-05-15,6,5,1,1,16.666666666666664,20.0,"IRCON,PTCIL,TITAGARH,YESBANK,HBLENGINE,RVNL,ENDURANCE,SPLPETRO,WELSPUNLIV,ELECON,IIFL,KAJARIACER,IFCI,BAJAJHLDNG,IRFC","BAJAJHLDNG,KPIL,SCI,ANANTRAJ,KEC,ECLERX","ANANTRAJ,ECLERX,KEC,KPIL"
v16_eod_minute,2025-05-16,9,9,2,2,22.22222222222222,22.22222222222222,"BAJAJHLDNG,IRCON,PTCIL,TITAGARH,ENDURANCE,YESBANK,HBLENGINE,SPLPETRO,RVNL,WELSPUNLIV,KPIL,KEC,ECLERX,IIFL,ANANTRAJ","IFCI,TITAGARH,JWL,GRANULES,RVNL,IRFC,SCI,GESHIP,RITES","GESHIP,GRANULES,IFCI,IRFC,JWL,RITES,SCI"
v16_eod_minute,2025-05-19,4,2,1,0,25.0,0.0,"TITAGARH,IFCI,RVNL,JWL,BAJAJHLDNG,IRFC,IRCON,PTCIL,SPLPETRO,WELSPUNLIV,ENDURANCE,HBLENGINE,YESBANK,KPIL,KEC","HFCL,GRANULES,PTCIL,BDL","GRANULES,HFCL"
v16_eod_minute,2025-05-20,12,4,2,0,16.666666666666664,0.0,"TITAGARH,IFCI,GRANULES,RVNL,HFCL,JWL,BAJAJHLDNG,IRFC,IRCON,ENDURANCE,WELSPUNLIV,SPLPETRO,PTCIL,YESBANK,HBLENGINE","SOLARINDS,TTML,JKTYRE,JUBLPHARMA,RPOWER,GRSE,PFIZER,ERIS,CLEAN,PTCIL,IFCI,SCI","CLEAN,ERIS,JUBLPHARMA,PFIZER"
v16_eod_minute,2025-05-21,14,13,0,0,0.0,0.0,"TITAGARH,IFCI,GRANULES,RVNL,HFCL,JWL,BAJAJHLDNG,IRCON,JUBLPHARMA,PFIZER,IRFC,YESBANK,ENDURANCE,WELSPUNLIV,HBLENGINE","TTML,RPOWER,HONASA,SOLARINDS,JKTYRE,LTFOODS,GRSE,SCI,ERIS,CLEAN,PARADEEP,PTCIL,KIMS,BDL","BDL,CLEAN,ERIS,GRSE,JKTYRE,KIMS,LTFOODS,PARADEEP,PTCIL,RPOWER,SCI,SOLARINDS,TTML"
v16_eod_minute,2025-05-22,8,5,3,1,37.5,20.0,"TTML,TITAGARH,JKTYRE,IFCI,GRANULES,RVNL,LTFOODS,SOLARINDS,ERIS,GRSE,PFIZER,RPOWER,SCI,HFCL,BAJAJHLDNG","RPOWER,HONASA,PTCIL,JUBLPHARMA,SCI,CLEAN,PARADEEP,IFCI","CLEAN,HONASA,JUBLPHARMA,PTCIL"
v16_eod_minute,2025-05-23,8,6,5,3,62.5,50.0,"PTCIL,TTML,SCI,JUBLPHARMA,JKTYRE,TITAGARH,IFCI,LTFOODS,GRANULES,CLEAN,RVNL,HONASA,SOLARINDS,ERIS,GRSE","TBOTEK,HONASA,RPOWER,ERIS,PARADEEP,LTFOODS,IFCI,JKTYRE","PARADEEP,RPOWER,TBOTEK"
v16_eod_minute,2025-05-26,8,4,4,2,50.0,50.0,"HONASA,RPOWER,PTCIL,TBOTEK,IFCI,TTML,JUBLPHARMA,SCI,LTFOODS,TITAGARH,JKTYRE,RVNL,PARADEEP,CLEAN,GRANULES","GRSE,ERIS,JKTYRE,BDL,PARADEEP,TTML,JUBLPHARMA,PFIZER","BDL,ERIS"
v16_eod_minute,2025-05-27,10,8,0,0,0.0,0.0,"HONASA,RPOWER,ERIS,TBOTEK,PTCIL,IFCI,JUBLPHARMA,LTFOODS,PARADEEP,TTML,SCI,TITAGARH,CLEAN,RVNL,GRANULES","CONCORDBIO,ITI,MMTC,POWERINDIA,WELCORP,ZENTEC,ENGINERSIN,TEGA,ELGIEQUIP,GLAXO","ELGIEQUIP,ENGINERSIN,GLAXO,ITI,POWERINDIA,TEGA,WELCORP,ZENTEC"
v16_eod_minute,2025-05-28,8,2,1,0,12.5,0.0,"ITI,HONASA,RPOWER,POWERINDIA,ERIS,TBOTEK,IFCI,JUBLPHARMA,PTCIL,TITAGARH,WELCORP,TEGA,PARADEEP,TTML,ZENTEC","CONCORDBIO,WELCORP,MMTC,ENGINERSIN,TECHNOE,DEEPAKFERT,SUZLON,BEML","DEEPAKFERT,MMTC"
v16_eod_minute,2025-05-29,5,1,0,0,0.0,0.0,"ITI,HONASA,RPOWER,POWERINDIA,ERIS,TBOTEK,JUBLPHARMA,IFCI,LTFOODS,PTCIL,TEGA,SCI,PARADEEP,TITAGARH,MMTC","SUZLON,WOCKPHARMA,BSE,BAYERCROP,ELGIEQUIP",BAYERCROP
v16_eod_minute,2025-05-30,6,3,1,1,16.666666666666664,33.33333333333333,"ITI,HONASA,RPOWER,ERIS,POWERINDIA,IFCI,PTCIL,TBOTEK,PARADEEP,TEGA,JUBLPHARMA,TTML,TITAGARH,SCI,DEEPAKFERT","CONCORDBIO,SUZLON,TEGA,BEML,BAYERCROP,NBCC","CONCORDBIO,NBCC"
