entry_date,stocks,n_names,entry_prices,exit_prices,per_stock_return_pct,adv_cr,portfolio_return_pct,win
2024-05-13,"PAYTM, MUTHOOTFIN, TATAINVEST, MARICO, BHARATFORG",5,"358.05, 1665.95, 671.00, 590.85, 1390.45","343.00, 1690.00, 651.00, 594.00, 1415.00","-4.20, 1.44, -2.98, 0.53, 1.77","519, 185, 136, 149, 178",-0.694,LOSS
2024-05-14,"ANGELONE, SWANCORP, RAILTEL, SCI, APLAPOLLO",5,"249.20, 541.70, 358.15, 197.94, 1556.15","254.80, 541.20, 364.55, 200.03, 1568.35","2.25, -0.09, 1.79, 1.06, 0.78","331, 134, 153, 144, 109",1.157,WIN
2024-05-15,"SWANCORP, ANGELONE, APLAPOLLO, SCI, ITI",5,"576.90, 264.00, 1581.05, 203.86, 285.80","582.00, 259.50, 1598.20, 208.91, 295.85","0.88, -1.70, 1.08, 2.48, 3.52","134, 331, 109, 144, 155",1.252,WIN
2024-05-16,"ANGELONE, APLAPOLLO, SWANCORP",3,"270.20, 1590.45, 583.00","271.50, 1635.75, 581.60","0.48, 2.85, -0.24","331, 109, 134",1.027,WIN
2024-05-17,"APLAPOLLO, ANGELONE, SWANCORP, POWERINDIA",4,"1631.00, 273.50, 584.00, 11387.25","1667.70, 273.30, 598.50, 11314.65","2.25, -0.07, 2.48, -0.64","109, 331, 134, 235",1.04,WIN
2024-05-18,"APLAPOLLO, SWANCORP, ANGELONE, SUZLON",4,"1709.00, 604.00, 277.00, 42.60","1672.00, 600.00, 275.50, 42.40","-2.17, -0.66, -0.54, -0.47","109, 134, 331, 422",-0.959,LOSS
2024-05-21,"APLAPOLLO, ANGELONE, SWANCORP, IFCI, ABB",5,"1670.30, 275.60, 605.00, 63.90, 8350.00","1717.35, 265.90, 598.50, 60.90, 8568.00","2.82, -3.52, -1.07, -4.69, 2.61","109, 331, 134, 128, 234",-0.837,LOSS
2024-05-22,"ADANIENT, CHENNPETRO, IDEA, UNIONBANK, SUZLON",5,"3034.40, 896.35, 13.65, 135.70, 44.50","3011.20, 896.80, 13.65, 139.48, 46.15","-0.76, 0.05, 0.00, 2.79, 3.71","469, 165, 520, 197, 422",1.168,WIN
2024-05-23,"ADANIENT, IDEA, CHENNPETRO, COCHINSHIP, PNBHOUSING",5,"3060.40, 13.50, 898.00, 1660.00, 750.60","3048.00, 13.55, 900.65, 1718.10, 765.00","-0.41, 0.37, 0.30, 3.50, 1.92","469, 520, 165, 428, 160",1.141,WIN
2024-05-24,"IDEA, HAL, CHENNPETRO, COCHINSHIP, ADANIENT",5,"14.25, 4950.00, 941.75, 1899.50, 3302.10","14.60, 4978.00, 942.25, 1971.30, 3304.50","2.46, 0.57, 0.05, 3.78, 0.07","520, 843, 165, 428, 469",1.384,WIN
2024-05-27,"COCHINSHIP, IDEA, ADANIENT, BDL, CHENNPETRO",5,"2100.00, 15.20, 3255.50, 1580.00, 979.00","1973.00, 15.00, 3194.50, 1550.00, 972.70","-6.05, -1.32, -1.87, -1.90, -0.64","428, 520, 469, 293, 165",-2.349,LOSS
2024-05-28,"GVT&D, FORCEMOT",2,"1338.00, 8357.85","1309.95, 8082.60","-2.10, -3.29","149, 135",-2.687,LOSS
2024-05-29,"ATGL, HUDCO, GVT&D",3,"954.65, 250.05, 1308.95","956.85, 258.80, 1300.00","0.23, 3.50, -0.68","148, 217, 149",1.017,WIN
2024-05-30,"ATGL, GVT&D, HUDCO, POLICYBZR",4,"952.00, 1278.00, 262.50, 1180.00","955.85, 1273.95, 270.95, 1198.80","0.40, -0.32, 3.22, 1.59","148, 149, 217, 287",1.228,WIN
2024-05-31,"ATGL, GVT&D, HUDCO, POLICYBZR",4,"966.00, 1300.00, 264.00, 1225.00","986.00, 1310.65, 267.00, 1238.35","2.07, 0.82, 1.14, 1.09","148, 149, 217, 287",1.279,WIN
2024-06-03,"ATGL, GVT&D, POLICYBZR, BDL, GLENMARK",5,"1190.00, 1428.35, 1292.90, 1662.95, 1174.95","1125.00, 1408.00, 1278.45, 1596.00, 1177.00","-5.46, -1.42, -1.12, -4.03, 0.17","148, 149, 287, 293, 147",-2.372,LOSS
2024-06-04,"BOSCHLTD, KALYANKJIL, ANGELONE",3,"30300.00, 394.00, 257.00","29000.00, 387.00, 231.70","-4.29, -1.78, -9.84","117, 371, 331",-5.334,LOSS
2024-06-05,"DLF, LTF",2,"777.00, 151.40","784.95, 153.75","1.02, 1.55","259, 151",1.288,WIN
2024-06-06,"MCX, ITI, APLAPOLLO",3,"710.00, 278.35, 1501.00","711.00, 287.70, 1514.80","0.14, 3.36, 0.92","486, 155, 109",1.474,WIN
2024-06-07,"PCBL, MCX, TMPV, KALYANKJIL",4,"233.00, 697.00, 647.20, 401.00","232.45, 718.00, 649.60, 404.90","-0.24, 3.01, 0.37, 0.97","103, 486, 856, 371",1.03,WIN
2024-06-10,"PCBL, MRPL, PATANJALI, DLF, TMPV",5,"239.00, 203.01, 503.00, 845.95, 672.65","243.99, 200.81, 491.00, 845.80, 670.95","2.09, -1.08, -2.39, -0.02, -0.25","103, 112, 129, 259, 856",-0.329,LOSS
2024-06-11,"BEML, BDL, COCHINSHIP, RAILTEL, JPPOWER",5,"1977.50, 1427.80, 1905.00, 387.00, 17.93","1988.90, 1433.00, 1915.40, 396.85, 18.16","0.58, 0.36, 0.55, 2.55, 1.28","187, 293, 428, 153, 120",1.065,WIN
2024-06-12,"BDL, COCHINSHIP, BEML, DATAPATTNS, JPPOWER",5,"1425.00, 1902.80, 2021.10, 2691.40, 18.66","1428.05, 1907.00, 2017.50, 2733.20, 19.32","0.21, 0.22, -0.18, 1.55, 3.54","293, 428, 187, 197, 120",1.074,WIN
2024-06-13,"BEML, BDL, COCHINSHIP, DATAPATTNS, HUDCO",5,"2000.00, 1425.00, 1912.40, 2748.60, 280.55","1997.00, 1464.75, 1970.05, 2754.20, 279.25","-0.15, 2.79, 3.01, 0.20, -0.46","187, 293, 428, 197, 217",1.078,WIN
2024-06-14,"DATAPATTNS, BDL, BEML, ENGINERSIN, HUDCO",5,"2750.00, 1500.00, 2025.00, 254.30, 279.00","2820.00, 1540.00, 2057.60, 252.36, 277.90","2.55, 2.67, 1.61, -0.76, -0.39","197, 293, 187, 118, 217",1.127,WIN
2024-06-18,"JWL, HUDCO, DATAPATTNS, BDL, TITAGARH",5,"693.25, 284.05, 2975.00, 1598.60, 1498.00","685.60, 281.45, 3122.90, 1634.95, 1499.30","-1.10, -0.92, 4.97, 2.27, 0.09","138, 217, 197, 293, 195",1.049,WIN
2024-06-19,"KALYANKJIL, TITAGARH, RAILTEL, PRESTIGE",4,"428.85, 1506.00, 438.00, 1929.05","423.50, 1485.10, 429.00, 1872.00","-1.25, -1.39, -2.05, -2.96","371, 195, 153, 151",-1.909,LOSS
2024-06-20,"KALYANKJIL, RAILTEL, PRESTIGE, TITAGARH, INDUSTOWER",5,"426.00, 428.90, 1882.00, 1482.90, 335.75","431.60, 424.60, 1967.00, 1484.95, 336.85","1.31, -1.00, 4.52, 0.14, 0.33","371, 153, 151, 195, 406",1.059,WIN
2024-06-21,"RAILTEL, TITAGARH, INDUSTOWER, PRESTIGE, KALYANKJIL",5,"436.65, 1496.00, 337.75, 1985.00, 437.00","457.45, 1526.20, 334.10, 1984.60, 437.70","4.76, 2.02, -1.08, -0.02, 0.16","153, 195, 406, 151, 371",1.169,WIN
2024-06-24,"INDUSTOWER, RAILTEL, TITAGARH, PRESTIGE",4,"338.95, 475.00, 1595.00, 2039.00","335.45, 494.00, 1660.65, 2011.70","-1.03, 4.00, 4.12, -1.34","406, 153, 195, 151",1.437,WIN
2024-06-25,"GRSE, CDSL, SAIL, ARE&M, POWERINDIA",5,"1763.85, 1019.00, 150.80, 1480.85, 11686.65","1759.75, 1026.00, 151.16, 1536.35, 11783.75","-0.23, 0.69, 0.24, 3.75, 0.83","467, 473, 295, 107, 235",1.056,WIN
2024-06-26,"GRSE, CDSL, POWERINDIA, SAIL, INDUSTOWER",5,"1970.00, 1017.45, 11525.40, 147.45, 346.00","2059.50, 1015.70, 11692.60, 146.70, 345.45","4.54, -0.17, 1.45, -0.51, -0.16","467, 473, 235, 295, 406",1.014,WIN
2024-06-27,"CDSL, ARE&M, GRSE, SAIL, MANAPPURAM",5,"1007.50, 1667.00, 2105.00, 144.70, 196.80","1011.00, 1618.90, 2112.70, 146.75, 208.88","0.35, -2.89, 0.37, 1.42, 6.14","473, 107, 467, 295, 170",1.091,WIN
2024-06-28,"CDSL, ARE&M, SAIL, GRSE, TITAGARH",5,"1080.00, 1600.00, 144.00, 2134.00, 1835.90","1076.30, 1624.00, 149.30, 2138.35, 1837.95","-0.34, 1.50, 3.68, 0.20, 0.11","473, 107, 295, 467, 195",1.036,WIN
2024-07-01,"ARE&M, SAIL, TITAGARH, GRSE, POWERINDIA",5,"1660.00, 149.90, 1853.00, 2127.70, 13029.90","1637.00, 149.58, 1814.95, 2271.70, 13314.65","-1.39, -0.21, -2.05, 6.77, 2.19","107, 295, 195, 467, 235",1.028,WIN
2024-07-02,"SWANCORP, COCHINSHIP, IRFC, LAURUSLABS, NBCC",5,"620.25, 2272.00, 172.50, 435.00, 104.87","619.70, 2260.00, 172.30, 438.40, 108.63","-0.09, -0.53, -0.12, 0.78, 3.59","134, 428, 380, 164, 200",0.727,WIN
2024-07-03,"MAZDOCK, COCHINSHIP, YESBANK, SWANCORP, LAURUSLABS",5,"2177.25, 2271.00, 24.00, 623.95, 438.40","2266.50, 2323.95, 23.89, 617.60, 438.90","4.10, 2.33, -0.46, -1.02, 0.11","877, 428, 251, 134, 164",1.002,WIN
2024-07-04,"YESBANK, SWANCORP, IRFC, GRSE, LAURUSLABS",5,"23.99, 620.90, 177.85, 2460.00, 437.00","23.90, 626.00, 177.85, 2551.35, 441.00","-0.38, 0.82, 0.00, 3.71, 0.92","251, 134, 380, 467, 164",1.007,WIN
2024-07-05,"YESBANK, GRSE, MAZDOCK, COCHINSHIP, POWERINDIA",5,"23.98, 2676.90, 2814.80, 2715.00, 13700.00","24.01, 2707.75, 2846.00, 2802.85, 13737.50","0.13, 1.15, 1.11, 3.24, 0.27","251, 467, 877, 428, 235",1.177,WIN
2024-07-08,"GRSE, COCHINSHIP, YESBANK, JMFINANCIL, MAZDOCK",5,"2716.90, 2849.95, 26.95, 100.00, 2855.00","2754.85, 2957.90, 26.76, 100.76, 2900.00","1.40, 3.79, -0.71, 0.76, 1.58","467, 428, 251, 102, 877",1.362,WIN
2024-07-09,"SONACOMS, KPITTECH",2,"676.90, 1732.00","679.00, 1717.00","0.31, -0.87","127, 154",-0.277,LOSS
2024-07-10,"RVNL, SONACOMS, RAILTEL, IRFC, MRPL",5,"560.00, 680.15, 514.75, 197.68, 231.61","584.00, 679.80, 523.00, 200.93, 230.97","4.29, -0.05, 1.60, 1.64, -0.28","546, 127, 153, 380, 112",1.44,WIN
2024-07-11,"IFCI, SONACOMS, NHPC, RVNL, RAILTEL",5,"61.90, 692.90, 109.44, 634.95, 524.00","62.45, 732.40, 110.16, 630.70, 519.30","0.89, 5.70, 0.66, -0.67, -0.90","128, 127, 238, 546, 153",1.137,WIN
2024-07-12,"RVNL, IFCI, SJVN, RAILTEL, INOXWIND",5,"628.00, 62.45, 152.80, 521.80, 157.96","635.95, 63.70, 152.05, 536.45, 157.62","1.27, 2.00, -0.49, 2.81, -0.22","546, 128, 107, 153, 161",1.073,WIN
2024-07-15,"RVNL, OIL, SCI, NHPC, SJVN",5,"637.00, 598.00, 337.48, 113.80, 151.55","630.90, 623.40, 320.69, 117.84, 156.49","-0.96, 4.25, -4.98, 3.55, 3.26","546, 232, 144, 238, 107",1.027,WIN
2024-07-16,"RVNL, PAYTM, LODHA",3,"625.00, 466.00, 1463.70","623.70, 458.10, 1460.10","-0.21, -1.70, -0.25","546, 519, 191",-0.717,LOSS
2024-07-18,"RVNL, PAYTM, LODHA",3,"612.00, 459.00, 1457.50","586.00, 444.25, 1492.05","-4.25, -3.21, 2.37","546, 519, 191",-1.7,LOSS
2024-07-19,"RVNL, PAYTM, LODHA",3,"582.35, 443.00, 1476.75","593.75, 468.65, 1417.85","1.96, 5.79, -3.99","546, 519, 191",1.265,WIN
2024-07-22,"RVNL, PAYTM, LODHA",3,"615.00, 447.95, 1407.00","622.35, 449.35, 1432.25","1.20, 0.31, 1.79","546, 519, 191",1.1,WIN
2024-07-23,"JPPOWER, IRB, BSE, RPOWER, INDHOTEL",5,"18.11, 34.15, 735.50, 27.20, 620.35","17.94, 33.20, 746.00, 27.00, 625.25","-0.94, -2.78, 1.43, -0.74, 0.79","120, 125, 1338, 189, 242",-0.451,LOSS
2024-07-24,"JPPOWER, TATAPOWER, VBL, ITI, BSE",5,"17.96, 416.45, 619.50, 295.45, 748.50","18.04, 420.75, 625.20, 299.55, 758.50","0.45, 1.03, 0.92, 1.39, 1.34","120, 334, 343, 155, 1338",1.024,WIN
2024-07-25,"TATAPOWER, ZEEL, JPPOWER, RPOWER, MOTILALOFS",5,"416.35, 133.89, 18.65, 28.28, 566.00","416.50, 135.26, 18.98, 28.98, 568.30","0.04, 1.02, 1.77, 2.48, 0.41","334, 158, 120, 189, 140",1.143,WIN
2024-07-26,"ZEEL, JPPOWER, TATAPOWER, ARE&M, ABB",5,"137.61, 19.01, 432.00, 1576.00, 7698.95","140.15, 19.03, 436.00, 1608.55, 7743.35","1.85, 0.11, 0.93, 2.07, 0.58","158, 120, 334, 107, 234",1.111,WIN
2024-07-29,"BSE, PGEL, MOTILALOFS, JPPOWER, IIFL",5,"822.00, 443.60, 600.00, 20.50, 456.00","812.50, 459.50, 610.35, 19.38, 447.95","-1.16, 3.58, 1.73, -5.46, -1.77","1338, 157, 140, 120, 103",-0.618,LOSS
2024-07-30,"GVT&D, ADANIENSOL, PCBL, SUZLON, RPOWER",5,"1577.00, 1064.90, 306.00, 65.81, 31.50","1581.00, 1070.00, 312.30, 67.84, 31.31","0.25, 0.48, 2.06, 3.08, -0.60","149, 258, 103, 422, 189",1.056,WIN
2024-07-31,"GVT&D, GRANULES, SUZLON, RPOWER, ADANIENSOL",5,"1595.00, 596.00, 70.11, 31.59, 1156.00","1575.00, 627.50, 69.47, 32.77, 1140.00","-1.25, 5.29, -0.91, 3.74, -1.38","149, 101, 422, 189, 258",1.098,WIN
2024-08-01,"ADANIENSOL, GVT&D, SUZLON, GRANULES, PCBL",5,"1120.00, 1664.30, 69.93, 631.00, 328.50","1187.10, 1664.30, 70.14, 626.80, 330.15","5.99, 0.00, 0.30, -0.67, 0.50","258, 149, 422, 101, 103",1.224,WIN
2024-08-02,"GVT&D, GRANULES, SUZLON, MOTILALOFS, ADANIENSOL",5,"1747.50, 626.25, 67.80, 640.10, 1250.00","1747.50, 629.40, 69.14, 644.90, 1279.05","0.00, 0.50, 1.98, 0.75, 2.32","149, 101, 422, 140, 258",1.112,WIN
2024-08-05,"GVT&D, SUZLON, GRANULES, ZOMATO, ADANIENSOL",5,"1720.00, 69.90, 634.05, 254.00, 1200.00","1720.00, 70.52, 630.00, 263.18, 1219.90","0.00, 0.89, -0.64, 3.61, 1.66","149, 422, 101, 1305, 258",1.105,WIN
2024-08-06,"MANKIND, BSE, COCHINSHIP, NBCC",4,"2000.00, 812.00, 2401.00, 113.33","2019.05, 828.50, 2402.95, 116.49","0.95, 2.03, 0.08, 2.79","136, 1338, 428, 200",1.464,WIN
2024-08-07,"BSE, MANKIND, NBCC, COCHINSHIP",4,"793.50, 2033.00, 112.50, 2308.05","800.50, 2050.55, 113.72, 2337.50","0.88, 0.86, 1.08, 1.28","1338, 136, 200, 428",1.027,WIN
2024-08-08,"MANKIND, BSE, COCHINSHIP",3,"2056.00, 885.50, 2360.00","2065.00, 863.00, 2308.00","0.44, -2.54, -2.20","136, 1338, 428",-1.433,LOSS
2024-08-09,"MANKIND, COCHINSHIP, NBCC, BSE, LODHA",5,"2060.00, 2440.15, 113.65, 875.00, 1200.00","2085.85, 2453.20, 115.07, 875.50, 1232.00","1.25, 0.53, 1.25, 0.06, 2.67","136, 428, 200, 1338, 191",1.155,WIN
2024-08-12,"COCHINSHIP, MANKIND, BSE, PHOENIXLTD, LODHA",5,"2365.00, 2121.25, 866.50, 1681.05, 1242.25","2352.95, 2115.95, 877.50, 1702.60, 1283.80","-0.51, -0.25, 1.27, 1.28, 3.34","428, 136, 1338, 121, 191",1.027,WIN
2024-08-13,"CHENNPETRO, ATGL, ADANIPOWER, PAYTM, TITAGARH",5,"922.00, 867.75, 138.50, 515.15, 1463.50","894.90, 850.00, 137.20, 508.00, 1400.95","-2.94, -2.05, -0.94, -1.39, -4.27","165, 148, 510, 519, 195",-2.315,LOSS
2024-08-14,"CHENNPETRO, PAYTM, ATGL, PGEL, TITAGARH",5,"903.00, 508.10, 850.00, 433.00, 1402.00","932.05, 513.50, 843.70, 429.90, 1434.90","3.22, 1.06, -0.74, -0.72, 2.35","165, 519, 148, 157, 195",1.033,WIN
2024-08-16,"CHENNPETRO, ATGL, ADANIPOWER, RVNL, TITAGARH",5,"974.00, 845.90, 136.60, 561.10, 1434.70","982.00, 847.15, 139.75, 571.55, 1432.00","0.82, 0.15, 2.31, 1.86, -0.19","165, 148, 510, 546, 195",0.993,WIN
2024-08-19,"ATGL, CHENNPETRO, ADANIPOWER, TITAGARH, PAYTM",5,"846.50, 987.00, 139.60, 1450.10, 565.00","850.55, 1003.00, 139.35, 1466.60, 577.40","0.48, 1.62, -0.18, 1.14, 2.19","148, 165, 510, 195, 519",1.049,WIN
2024-08-20,"VBL, INDIGO, HFCL",3,"605.90, 4254.70, 138.00","597.00, 4299.10, 140.00","-1.47, 1.04, 1.45","343, 650, 247",0.34,WIN
2024-08-21,"VBL, INDIGO, IIFL",3,"604.00, 4310.00, 454.95","612.80, 4298.65, 464.05","1.46, -0.26, 2.00","343, 650, 103",1.072,WIN
2024-08-22,"VBL, INDIGO, IIFL",3,"626.00, 4400.00, 465.05","638.45, 4452.00, 465.30","1.99, 1.18, 0.05","343, 650, 103",1.074,WIN
2024-08-23,"VBL, IIFL, RBLBANK",3,"637.80, 468.90, 230.00","634.80, 458.00, 224.54","-0.47, -2.32, -2.37","343, 103, 214",-1.723,LOSS
2024-08-26,"VBL, IIFL, PCBL",3,"630.00, 459.00, 499.80","626.00, 477.00, 505.35","-0.63, 3.92, 1.11","343, 103, 103",1.467,WIN
2024-08-27,"BSOFT, LODHA, PAYTM, TATAINVEST, GODFRYPHLP",5,"628.00, 1218.95, 540.90, 618.00, 1890.00","632.95, 1241.65, 541.00, 634.00, 1892.00","0.79, 1.86, 0.02, 2.59, 0.11","110, 191, 519, 136, 195",1.076,WIN
2024-08-28,"LODHA, BSOFT, PAYTM, PRESTIGE, GODFRYPHLP",5,"1237.10, 647.40, 549.00, 1718.35, 1917.00","1229.00, 666.60, 552.00, 1729.95, 1948.00","-0.65, 2.97, 0.55, 0.68, 1.62","191, 110, 519, 151, 195",1.032,WIN
2024-08-29,"PAYTM, BSOFT, LODHA, WOCKPHARMA, GODFRYPHLP",5,"559.00, 659.50, 1258.90, 1065.00, 1942.00","549.40, 683.00, 1263.10, 1074.00, 1990.00","-1.72, 3.56, 0.33, 0.85, 2.47","519, 110, 191, 106, 195",1.099,WIN
2024-08-30,"PAYTM, WOCKPHARMA, GODFRYPHLP, LODHA, BSOFT",5,"558.00, 998.80, 2045.00, 1254.45, 681.45","552.10, 1050.60, 2097.00, 1251.50, 673.00","-1.06, 5.19, 2.54, -0.24, -1.24","519, 106, 195, 191, 110",1.038,WIN
2024-09-02,"PAYTM, WOCKPHARMA, LODHA, BSOFT, GODFRYPHLP",5,"619.00, 1060.00, 1253.90, 671.00, 2183.00","610.20, 1050.00, 1254.00, 665.25, 2233.00","-1.42, -0.94, 0.01, -0.86, 2.29","519, 106, 191, 110, 195",-0.192,LOSS
2024-09-03,"PGEL, SBICARD, GODFRYPHLP",3,"520.00, 748.00, 2233.00","529.50, 757.75, 2233.00","1.83, 1.30, 0.00","157, 108, 195",1.046,WIN
2024-09-04,"PGEL, GODFRYPHLP, SBICARD",3,"538.00, 2199.00, 764.95","551.45, 2212.00, 764.55","2.50, 0.59, -0.05","157, 195, 108",1.015,WIN
2024-09-05,"GODFRYPHLP, PGEL, SBICARD",3,"2140.00, 572.00, 768.55","2155.00, 579.80, 776.00","0.70, 1.36, 0.97","195, 157, 108",1.012,WIN
2024-09-06,"GODFRYPHLP, PGEL, SBICARD, PPLPHARMA",4,"2128.00, 596.90, 779.05, 218.61","2136.00, 603.70, 786.15, 224.56","0.38, 1.14, 0.91, 2.72","195, 157, 108, 126",1.29,WIN
2024-09-09,"PGEL, GODFRYPHLP, SBICARD, PPLPHARMA",4,"610.30, 2372.00, 800.80, 225.00","617.00, 2278.00, 800.40, 218.30","1.10, -3.96, -0.05, -2.98","157, 195, 108, 126",-1.467,LOSS
2024-09-10,"VBL, JWL, IDBI, KAYNES, ENGINERSIN",5,"615.70, 511.30, 88.10, 4651.80, 206.74","606.80, 511.00, 88.57, 4650.00, 211.90","-1.45, -0.06, 0.53, -0.04, 2.50","343, 138, 118, 448, 118",0.299,WIN
2024-09-11,"VBL, IDBI, JWL, CGPOWER, KAYNES",5,"606.00, 89.00, 511.10, 669.00, 4679.05","628.00, 88.32, 520.15, 669.05, 4730.00","3.63, -0.76, 1.77, 0.01, 1.09","343, 118, 138, 230, 448",1.147,WIN
2024-09-12,"JWL, IDBI, GODFRYPHLP, VBL, KAYNES",5,"526.80, 87.01, 2225.00, 635.50, 4765.50","526.50, 87.70, 2253.00, 661.10, 4746.65","-0.06, 0.79, 1.26, 4.03, -0.40","138, 118, 195, 343, 448",1.139,WIN
2024-09-13,"IDBI, JWL, GODFRYPHLP, VBL, SUZLON",5,"89.25, 528.15, 2220.00, 650.00, 82.14","92.78, 534.50, 2215.00, 656.80, 81.65","3.96, 1.20, -0.23, 1.05, -0.60","118, 138, 195, 343, 422",1.077,WIN
2024-09-16,"VBL, JWL, POWERINDIA, GODFRYPHLP, IIFL",5,"648.00, 563.20, 12830.00, 2486.00, 520.00","620.95, 545.15, 13180.85, 2805.00, 507.10","-4.17, -3.20, 2.73, 12.83, -2.48","343, 138, 235, 195, 103",1.101,WIN
2024-09-17,"IRB, COCHINSHIP, RPOWER, GRSE, LODHA",5,"30.24, 1794.20, 31.70, 1765.00, 1272.00","30.26, 1761.25, 31.40, 1729.70, 1280.00","0.07, -1.84, -0.95, -2.00, 0.63","125, 428, 189, 467, 191",-0.814,LOSS
2024-09-18,"IRB, COCHINSHIP, HEG, RPOWER, SCI",5,"30.22, 1762.50, 423.90, 32.97, 237.63","30.56, 1760.00, 437.65, 32.97, 239.62","1.13, -0.14, 3.24, 0.00, 0.84","125, 428, 107, 189, 144",1.014,WIN
2024-09-19,"COCHINSHIP, IRB, HEG, TIINDIA, FORCEMOT",5,"1749.00, 30.50, 459.80, 4035.05, 6951.00","1688.00, 29.69, 449.85, 3979.90, 6775.00","-3.49, -2.66, -2.16, -1.37, -2.53","428, 125, 107, 112, 135",-2.447,LOSS
2024-09-20,"COCHINSHIP, IRB, GRSE, TIINDIA, HUDCO",5,"1688.00, 29.70, 1709.50, 4019.00, 232.25","1742.05, 30.02, 1726.95, 3994.00, 233.90","3.20, 1.08, 1.02, -0.62, 0.71","428, 125, 467, 112, 217",1.088,WIN
2024-09-23,"COCHINSHIP, IRB, FORCEMOT, TIINDIA, LODHA",5,"1886.95, 32.06, 7290.00, 4186.05, 1419.00","1789.00, 31.62, 7140.00, 4259.35, 1414.00","-5.19, -1.37, -2.06, 1.75, -0.35","428, 125, 135, 112, 191",-1.449,LOSS
2024-09-24,"NMDC, NATIONALUM, SAIL, FORCEMOT, GAIL",5,"68.45, 180.40, 131.50, 7199.00, 205.77","69.82, 183.98, 133.21, 7199.15, 205.85","2.00, 1.98, 1.30, 0.00, 0.04","198, 353, 295, 135, 254",1.079,WIN
2024-09-25,"NATIONALUM, NMDC, FORCEMOT, GAIL, GVT&D",5,"191.42, 70.60, 7149.00, 208.05, 1542.00","192.39, 71.00, 7060.00, 210.58, 1603.05","0.51, 0.57, -1.24, 1.22, 3.96","353, 198, 135, 254, 149",1.025,WIN
2024-09-26,"NATIONALUM, FORCEMOT, NMDC, SAIL, GAIL",5,"190.63, 7119.00, 70.58, 135.00, 212.07","196.10, 6934.90, 71.35, 139.15, 213.50","2.87, -2.59, 1.09, 3.07, 0.67","353, 135, 198, 295, 254",1.026,WIN
2024-09-27,"FORCEMOT, NMDC, GAIL, SAIL, GVT&D",5,"7048.95, 74.17, 218.65, 140.00, 1628.90","7337.65, 74.01, 220.20, 142.05, 1614.00","4.10, -0.22, 0.71, 1.46, -0.91","135, 198, 254, 295, 149",1.022,WIN
2024-09-30,"SAIL, FORCEMOT, NMDC, RPOWER, NATIONALUM",5,"141.40, 7580.00, 75.98, 46.25, 203.26","142.65, 7450.00, 76.56, 47.60, 207.77","0.88, -1.72, 0.76, 2.92, 2.22","295, 135, 198, 189, 353",1.022,WIN
2024-10-01,"JPPOWER, BSE, RPOWER, NBCC, NETWEB",5,"18.72, 1248.50, 51.09, 120.00, 2528.95","19.15, 1295.00, 51.09, 119.30, 2523.00","2.30, 3.72, 0.00, -0.58, -0.24","120, 1338, 189, 200, 318",1.044,WIN
2024-10-03,"RPOWER, BSE, JPPOWER, NBCC, NETWEB",5,"52.09, 1266.50, 19.35, 116.73, 2433.00","53.00, 1282.00, 19.48, 118.19, 2456.00","1.75, 1.22, 0.67, 1.25, 0.95","189, 1338, 120, 200, 318",1.168,WIN
2024-10-04,"RPOWER, BSE, JPPOWER, NETWEB, OIL",5,"53.40, 1326.50, 20.50, 2396.20, 544.15","53.35, 1355.50, 20.78, 2430.00, 546.70","-0.09, 2.19, 1.37, 1.41, 0.47","189, 1338, 120, 318, 232",1.066,WIN
2024-10-07,"RPOWER, JPPOWER, BSE, NBCC, NETWEB",5,"48.40, 19.43, 1396.50, 118.10, 2540.00","48.40, 18.45, 1287.00, 116.00, 2460.90","0.00, -5.04, -7.84, -1.78, -3.11","189, 120, 1338, 200, 318",-3.549,LOSS
2024-10-08,"GRSE, BDL, MAZDOCK, 360ONE, VBL",5,"1532.00, 1110.00, 1944.50, 965.00, 540.30","1584.50, 1104.80, 1982.50, 957.15, 550.25","3.43, -0.47, 1.95, -0.81, 1.84","467, 293, 877, 102, 343",1.188,WIN
2024-10-09,"GRSE, RECLTD, 360ONE, BANDHANBNK, SWANCORP",5,"1672.45, 529.00, 979.95, 188.50, 549.50","1675.95, 531.20, 1014.75, 188.91, 554.60","0.21, 0.42, 3.55, 0.22, 0.93","467, 387, 102, 189, 134",1.067,WIN
2024-10-10,"GRSE, RECLTD, DATAPATTNS, SWANCORP, BANDHANBNK",5,"1655.00, 536.95, 2429.80, 562.45, 190.30","1740.00, 539.75, 2452.00, 561.65, 188.97","5.14, 0.52, 0.91, -0.14, -0.70","467, 387, 197, 134, 189",1.142,WIN
2024-10-11,"BANDHANBNK, GRSE, SWANCORP, IRCON, GODFRYPHLP",5,"202.00, 1753.70, 556.95, 220.50, 2316.00","204.53, 1764.30, 561.55, 227.69, 2300.00","1.25, 0.60, 0.83, 3.26, -0.69","189, 467, 134, 174, 195",1.052,WIN
2024-10-14,"NMDC, GRSE, COCHINSHIP, SWANCORP, RECLTD",5,"73.17, 1747.60, 1660.90, 571.00, 540.00","73.94, 1698.55, 1624.00, 558.00, 542.00","1.05, -2.81, -2.22, -2.28, 0.37","198, 467, 428, 134, 387",-1.175,LOSS
2024-10-15,"TITAGARH, BEML, PGEL, PAYTM, HINDPETRO",5,"1132.95, 1857.80, 622.85, 721.40, 403.45","1148.00, 1860.00, 612.25, 729.00, 413.50","1.33, 0.12, -1.70, 1.05, 2.49","195, 187, 157, 519, 258",0.659,WIN
2024-10-16,"TITAGARH, BEML, PAYTM, MOTILALOFS, TEJASNET",5,"1148.50, 1885.00, 729.00, 907.05, 1193.05","1143.25, 1971.40, 731.55, 909.50, 1195.95","-0.46, 4.58, 0.35, 0.27, 0.24","195, 187, 519, 140, 183",0.999,WIN
2024-10-17,"TITAGARH, PGEL, PAYTM, BEML, MOTILALOFS",5,"1137.75, 606.50, 726.05, 1942.50, 962.00","1172.20, 614.40, 723.75, 1958.40, 961.30","3.03, 1.30, -0.32, 0.82, -0.07","195, 157, 519, 187, 140",0.951,WIN
2024-10-18,"TITAGARH, BEML, MOTILALOFS, PAYTM, PGEL",5,"1170.05, 1955.00, 932.90, 690.15, 591.70","1157.55, 1983.80, 938.50, 693.80, 611.25","-1.07, 1.47, 0.60, 0.53, 3.30","195, 187, 140, 519, 157",0.97,WIN
2024-10-21,"BEML, TITAGARH, MOTILALOFS, PAYTM, PGEL",5,"2032.50, 1197.00, 1021.95, 725.00, 620.00","2020.00, 1143.00, 962.95, 725.25, 584.80","-0.62, -4.51, -5.77, 0.03, -5.68","187, 195, 140, 519, 157",-3.309,LOSS
2024-10-22,"SONACOMS, COFORGE, RPOWER, PERSISTENT, IDBI",5,"639.00, 1366.00, 40.36, 5252.00, 81.88","634.00, 1361.50, 38.43, 5181.65, 77.40","-0.78, -0.33, -4.78, -1.34, -5.47","127, 399, 189, 301, 118",-2.544,LOSS
2024-10-23,"SONACOMS, RPOWER, COFORGE, PERSISTENT, IDBI",5,"630.15, 37.30, 1390.00, 5209.30, 77.82","644.50, 38.35, 1445.00, 5307.65, 78.06","2.28, 2.82, 3.96, 1.89, 0.31","127, 189, 399, 301, 118",2.245,WIN
2024-10-24,"SONACOMS, RPOWER, COFORGE, PERSISTENT, MFSL",5,"664.00, 41.08, 1507.00, 5693.45, 1259.20","686.05, 41.20, 1522.00, 5652.05, 1283.70","3.32, 0.29, 1.00, -0.73, 1.95","127, 189, 399, 301, 120",1.175,WIN
2024-10-25,"RPOWER, SONACOMS, COFORGE, PERSISTENT, MFSL",5,"43.50, 727.50, 1537.00, 5748.20, 1287.80","43.18, 697.25, 1546.00, 5651.10, 1271.00","-0.74, -4.16, 0.59, -1.69, -1.30","189, 127, 399, 301, 120",-1.458,LOSS
2024-10-28,"RPOWER, PERSISTENT, IDBI, COFORGE, SONACOMS",5,"43.20, 5655.00, 83.00, 1543.00, 699.25","41.80, 5667.00, 81.30, 1543.00, 691.00","-3.24, 0.21, -2.05, 0.00, -1.18","189, 301, 118, 399, 127",-1.266,LOSS
2024-10-29,"IFCI, NBCC, PHOENIXLTD, HUDCO, MAHABANK",5,"53.10, 94.70, 1460.95, 204.18, 49.81","53.55, 94.62, 1477.85, 205.61, 50.62","0.85, -0.08, 1.16, 0.70, 1.63","128, 200, 121, 217, 103",0.849,WIN
2024-10-30,"NBCC, IFCI, PHOENIXLTD, RVNL, FORCEMOT",5,"93.55, 53.45, 1520.00, 440.00, 7224.00","94.39, 53.50, 1501.75, 445.20, 7550.15","0.90, 0.09, -1.20, 1.18, 4.51","200, 128, 121, 546, 135",1.061,WIN
2024-10-31,"IFCI, NBCC, CIPLA, BHEL, COCHINSHIP",5,"57.45, 96.80, 1560.05, 236.50, 1486.95","57.70, 97.20, 1553.00, 239.00, 1500.00","0.44, 0.41, -0.45, 1.06, 0.88","128, 200, 254, 389, 428",0.466,WIN
2024-11-04,"NBCC, BHEL, MANAPPURAM, IDEA, IFCI",5,"100.80, 242.95, 159.64, 8.49, 58.92","97.57, 233.15, 153.19, 7.88, 57.20","-3.20, -4.03, -4.04, -7.18, -2.92","200, 389, 170, 520, 128",-4.277,LOSS
2024-11-05,"ITI, INDHOTEL, PAGEIND, DIXON, PAYTM",5,"221.85, 665.90, 42756.00, 14364.00, 751.00","224.78, 668.05, 43189.95, 14325.60, 772.30","1.32, 0.32, 1.01, -0.27, 2.84","155, 242, 109, 679, 519",1.085,WIN
2024-11-06,"INDHOTEL, ITI, PAGEIND, DIXON, PGEL",5,"669.00, 224.80, 43399.00, 14500.15, 630.00","672.80, 228.42, 43863.30, 14622.05, 639.40","0.57, 1.61, 1.07, 0.84, 1.49","242, 155, 109, 679, 157",1.125,WIN
2024-11-07,"INDHOTEL, ITI, PAGEIND, MOTILALOFS, PAYTM",5,"690.15, 235.50, 44400.00, 947.45, 799.90","686.30, 243.95, 44183.35, 966.00, 803.25","-0.56, 3.59, -0.49, 1.96, 0.42","242, 155, 109, 140, 519",1.018,WIN
2024-11-08,"INDHOTEL, MOTILALOFS, PAYTM, PGEL, ITI",5,"710.00, 942.00, 796.00, 670.05, 273.95","718.50, 934.50, 796.50, 673.35, 287.67","1.20, -0.80, 0.06, 0.49, 5.01","242, 140, 519, 157, 155",1.195,WIN
2024-11-11,"INDHOTEL, ITI, KALYANKJIL, PAYTM",4,"737.95, 299.64, 692.05, 848.00","738.65, 314.06, 690.80, 849.30","0.09, 4.81, -0.18, 0.15","242, 155, 371, 519",1.222,WIN
2024-11-12,"ETERNAL, EICHERMOT",2,"259.95, 4788.00","258.00, 4719.00","-0.75, -1.44","1305, 308",-1.095,LOSS
2024-11-13,"ETERNAL, EICHERMOT",2,"258.08, 4700.00","259.20, 4598.80","0.43, -2.15","1305, 308",-0.858,LOSS
2024-11-14,"ETERNAL, EICHERMOT",2,"261.50, 4725.45","265.00, 4885.00","1.34, 3.38","1305, 308",2.349,WIN
2024-11-18,"ETERNAL, EICHERMOT",2,"274.30, 4879.95","270.17, 4874.00","-1.51, -0.12","1305, 308",-0.815,LOSS
2024-11-19,"SUZLON, PHOENIXLTD, SWANCORP, PAYTM, SAMMAANCAP",5,"60.50, 1463.40, 550.90, 787.00, 143.11","60.47, 1467.80, 550.20, 801.30, 147.49","-0.05, 0.30, -0.13, 1.82, 3.06","422, 121, 134, 519, 187",1.001,WIN
2024-11-21,"SWANCORP, SUZLON, PHOENIXLTD, PAYTM, SAMMAANCAP",5,"534.00, 63.90, 1460.05, 823.70, 148.89","536.15, 65.33, 1487.40, 829.55, 150.81","0.40, 2.24, 1.87, 0.71, 1.29","134, 422, 121, 519, 187",1.302,WIN
2024-11-22,"SWANCORP, SUZLON, PHOENIXLTD, SAMMAANCAP, PAYTM",5,"531.15, 66.80, 1525.00, 161.40, 846.00","533.80, 68.19, 1526.30, 160.10, 874.50","0.50, 2.08, 0.09, -0.81, 3.37","134, 422, 121, 187, 519",1.047,WIN
2024-11-25,"SUZLON, SWANCORP, GVT&D, PHOENIXLTD, SAMMAANCAP",5,"67.00, 610.00, 1918.00, 1649.05, 158.90","64.46, 599.00, 1900.00, 1682.00, 161.50","-3.79, -1.80, -0.94, 2.00, 1.64","422, 134, 149, 121, 187",-0.584,LOSS
2024-11-26,"IDEA, ADANIENSOL, ADANIGREEN, RPOWER, GRSE",5,"7.66, 637.75, 968.80, 34.60, 1449.70","7.85, 628.70, 959.45, 35.07, 1519.30","2.48, -1.42, -0.97, 1.36, 4.80","520, 258, 386, 189, 467",1.245,WIN
2024-11-27,"ADANIENSOL, ADANIGREEN, ADANIENT, IDEA, ATGL",5,"601.10, 890.00, 2113.50, 7.72, 580.05","622.05, 923.00, 2130.20, 7.58, 591.50","3.49, 3.71, 0.79, -1.81, 1.97","258, 386, 469, 520, 148",1.628,WIN
2024-11-28,"ADANIGREEN, ADANIENT, ADANIENSOL, ADANIPOWER, BDL",5,"1020.00, 2365.50, 689.90, 106.90, 1127.40","1067.15, 2378.80, 718.35, 110.15, 1147.20","4.62, 0.56, 4.12, 3.04, 1.76","386, 469, 258, 510, 293",2.824,WIN
2024-11-29,"ADANIGREEN, ADANIENT, ADANIENSOL, ADANIPOWER, IDEA",5,"1149.00, 2388.90, 748.00, 112.20, 8.46","1185.45, 2387.20, 780.50, 114.55, 8.43","3.17, -0.07, 4.34, 2.09, -0.35","386, 469, 258, 510, 520",1.842,WIN
2024-12-02,"ADANIENSOL, ADANIENT, ADANIGREEN, ADANIPOWER, BDL",5,"844.90, 2415.30, 1360.55, 111.40, 1147.95","847.00, 2409.30, 1429.10, 112.80, 1137.65","0.25, -0.25, 5.04, 1.26, -0.90","258, 469, 386, 510, 293",1.078,WIN
2024-12-03,"IGL, TATAELXSI, PNBHOUSING, RBLBANK, KPITTECH",5,"173.00, 6750.05, 884.00, 156.00, 1374.85","175.00, 6835.50, 883.15, 157.74, 1397.60","1.16, 1.27, -0.10, 1.12, 1.65","106, 152, 160, 214, 154",1.015,WIN
2024-12-04,"IGL, RBLBANK, PNBHOUSING, RPOWER, BLUESTARCO",5,"180.50, 164.00, 899.00, 41.09, 1877.00","179.40, 168.96, 910.50, 41.09, 1904.45","-0.61, 3.02, 1.28, 0.00, 1.46","106, 214, 160, 189, 105",1.03,WIN
2024-12-05,"IGL, INOXWIND, BANKINDIA, MCX",4,"187.00, 201.58, 114.54, 1266.00","189.00, 201.60, 115.07, 1296.00","1.07, 0.01, 0.46, 2.37","106, 161, 123, 486",0.975,WIN
2024-12-06,"IGL, INOXWIND, PGEL, ITI",4,"193.50, 201.31, 791.05, 286.00","192.60, 202.39, 802.80, 292.75","-0.47, 0.54, 1.49, 2.36","106, 161, 157, 155",0.98,WIN
2024-12-09,"IGL, INOXWIND, ZEEL, RBLBANK",4,"193.50, 205.18, 140.53, 174.00","193.30, 205.23, 137.96, 171.30","-0.10, 0.02, -1.83, -1.55","106, 161, 158, 214",-0.865,LOSS
2024-12-10,"PGEL, POWERINDIA, BLS, SWANCORP",4,"864.50, 12596.80, 449.90, 710.35","850.00, 12475.05, 455.10, 712.10","-1.68, -0.97, 1.16, 0.25","157, 235, 138, 134",-0.295,LOSS
2024-12-11,"PGEL, TITAGARH, JWL, SWANCORP, POWERINDIA",5,"860.00, 1241.10, 498.70, 719.00, 12580.00","862.50, 1269.70, 499.65, 742.20, 12545.00","0.29, 2.30, 0.19, 3.23, -0.28","157, 195, 138, 134, 235",1.181,WIN
2024-12-12,"PGEL, TITAGARH, JWL, BLS",4,"847.00, 1324.80, 570.00, 450.80","841.80, 1352.70, 586.90, 451.30","-0.61, 2.11, 2.96, 0.11","157, 195, 138, 138",1.142,WIN
2024-12-13,"TITAGARH, PGEL, BLS, RPOWER",4,"1323.05, 852.55, 475.50, 46.60","1310.00, 884.00, 472.30, 47.99","-0.99, 3.69, -0.67, 2.98","195, 157, 138, 189",1.255,WIN
2024-12-16,"PGEL, TITAGARH, RPOWER, BLS",4,"933.00, 1308.60, 47.70, 469.80","951.85, 1309.00, 47.15, 485.10","2.02, 0.03, -1.15, 3.26","157, 195, 189, 138",1.038,WIN
2024-12-17,"ANANTRAJ, KFINTECH",2,"793.60, 1249.90","808.70, 1254.35","1.90, 0.36","160, 137",1.129,WIN
2024-12-18,"KFINTECH, ANANTRAJ",2,"1243.00, 805.00","1264.90, 809.15","1.76, 0.52","137, 160",1.139,WIN
2024-12-19,"ANANTRAJ, KFINTECH",2,"780.00, 1302.10","783.60, 1343.05","0.46, 3.14","160, 137",1.801,WIN
2024-12-20,"ANANTRAJ, KFINTECH, GVT&D",3,"850.00, 1405.00, 2158.00","856.50, 1428.10, 2170.00","0.76, 1.64, 0.56","160, 137, 149",0.988,WIN
2024-12-23,"KFINTECH, ANANTRAJ, DRREDDY",3,"1435.00, 858.85, 1362.00","1411.35, 831.60, 1341.00","-1.65, -3.17, -1.54","137, 160, 252",-2.122,LOSS
2024-12-24,"GRSE, PGEL, AMBER, POWERINDIA",4,"1571.80, 988.00, 6829.75, 13589.60","1562.95, 998.20, 7030.05, 13758.00","-0.56, 1.03, 2.93, 1.24","467, 157, 297, 235",1.156,WIN
2024-12-26,"GRSE, PGEL, POWERINDIA, AMBER",4,"1569.80, 975.00, 14005.00, 7249.90","1583.10, 965.85, 14419.00, 7353.15","0.85, -0.94, 2.96, 1.42","467, 157, 235, 297",1.022,WIN
2024-12-27,"GRSE, PGEL, AMBER, POWERINDIA",4,"1558.30, 975.00, 7780.00, 14300.00","1600.85, 997.05, 7538.90, 14602.25","2.73, 2.26, -3.10, 2.11","467, 157, 297, 235",0.98,WIN
2024-12-30,"GRSE, PGEL, POWERINDIA, AMBER, KFINTECH",5,"1680.00, 1003.00, 14704.00, 7404.55, 1511.45","1637.00, 1008.70, 14445.85, 7375.00, 1550.00","-2.56, 0.57, -1.76, -0.40, 2.55","467, 157, 235, 297, 137",-0.282,LOSS
2024-12-31,"DMART, OIL, EICHERMOT, HUDCO, APARINDS",5,"3555.00, 420.75, 4827.00, 226.90, 10000.00","3540.65, 425.00, 4847.45, 233.43, 10115.00","-0.40, 1.01, 0.42, 2.88, 1.15","247, 232, 308, 217, 108",1.016,WIN
2025-01-01,"DMART, EICHERMOT, OIL, APARINDS, FORCEMOT",5,"3560.00, 4829.00, 434.00, 10318.00, 6530.00","3562.00, 4867.25, 435.60, 10406.00, 6628.00","0.06, 0.79, 0.37, 0.85, 1.50","247, 308, 232, 108, 135",0.709,WIN
2025-01-02,"OIL, FORCEMOT, DMART, EICHERMOT, HUDCO",5,"435.65, 6698.00, 3564.95, 4885.00, 238.00","443.70, 6740.80, 3578.75, 4890.15, 242.76","1.85, 0.64, 0.39, 0.11, 2.00","232, 135, 247, 308, 217",1.004,WIN
2025-01-03,"DMART, FORCEMOT, IREDA, ITI",4,"3840.00, 7198.30, 221.58, 385.50","3972.20, 7170.00, 225.31, 381.95","3.44, -0.39, 1.68, -0.92","247, 135, 300, 155",0.95,WIN
2025-01-06,"FORCEMOT, IREDA, ITI",3,"7315.00, 231.45, 473.40","7272.50, 229.25, 495.90","-0.58, -0.95, 4.75","135, 300, 155",1.093,WIN
2025-01-07,"SRF, BDL",2,"2271.00, 1113.15","2290.05, 1133.00","0.84, 1.78","155, 293",1.311,WIN
2025-01-08,"SRF, BDL",2,"2298.10, 1185.00","2360.00, 1177.00","2.69, -0.68","155, 293",1.007,WIN
2025-01-09,SRF,1,2500.00,2553.35,2.13,155,2.134,WIN
2025-01-10,SRF,1,2527.05,2589.90,2.49,155,2.487,WIN
2025-01-13,SRF,1,2557.00,2590.00,1.29,155,1.291,WIN
2025-01-14,"RPOWER, NBCC, RAILTEL, IDEA, IRCON",5,"37.39, 80.00, 365.00, 7.80, 183.65","37.39, 81.22, 368.80, 7.83, 187.50","0.00, 1.52, 1.04, 0.38, 2.10","189, 200, 153, 520, 174",1.009,WIN
2025-01-15,"RAILTEL, NBCC, IDEA, JWL, GMDCLTD",5,"380.80, 85.70, 8.28, 446.90, 295.00","383.45, 86.03, 8.58, 443.65, 298.30","0.70, 0.39, 3.62, -0.73, 1.12","153, 200, 520, 138, 184",1.02,WIN
2025-01-16,"RAILTEL, GMDCLTD, RPOWER, NBCC, HUDCO",5,"386.00, 295.15, 40.05, 87.98, 218.00","392.65, 299.65, 40.55, 88.43, 223.50","1.72, 1.52, 1.25, 0.51, 2.52","153, 184, 189, 200, 217",1.506,WIN
2025-01-17,"INOXWIND, RVNL, RPOWER, NBCC, SWANCORP",5,"162.51, 410.00, 41.50, 87.55, 692.00","162.91, 429.00, 42.30, 88.98, 685.40","0.25, 4.63, 1.93, 1.63, -0.95","161, 546, 189, 200, 134",1.497,WIN
2025-01-20,"HFCL, SWANCORP, INOXWIND, GRSE, RPOWER",5,"104.58, 687.90, 165.40, 1515.70, 42.50","105.30, 637.00, 166.59, 1592.00, 40.93","0.69, -7.40, 0.72, 5.03, -3.69","247, 134, 161, 467, 189",-0.945,LOSS
2025-01-21,"PERSISTENT, COFORGE, AMBER, MPHASIS, POLICYBZR",5,"6095.40, 1736.00, 7084.00, 2750.30, 1752.95","5899.55, 1656.00, 6515.00, 2720.60, 1649.90","-3.21, -4.61, -8.03, -1.08, -5.88","301, 399, 297, 181, 287",-4.57,LOSS
2025-01-22,"PERSISTENT, COFORGE, AMBER, MPHASIS, WOCKPHARMA",5,"5750.00, 1663.00, 6552.70, 2719.50, 1374.00","5660.00, 1644.50, 6302.00, 2748.10, 1295.00","-1.57, -1.11, -3.83, 1.05, -5.75","301, 399, 297, 181, 106",-2.245,LOSS
2025-01-23,"PERSISTENT, COFORGE, AMBER, WOCKPHARMA, MPHASIS",5,"5790.00, 1742.00, 6314.55, 1297.00, 2753.90","6004.95, 1753.50, 6388.95, 1292.45, 2777.10","3.71, 0.66, 1.18, -0.35, 0.84","301, 399, 297, 106, 181",1.203,WIN
2025-01-24,"AMBER, PERSISTENT, COFORGE, POLICYBZR, MPHASIS",5,"7200.00, 6287.70, 1820.00, 1686.80, 2805.00","7030.20, 6440.00, 1864.50, 1692.80, 2864.70","-2.36, 2.42, 2.45, 0.36, 2.13","297, 301, 399, 287, 181",1.018,WIN
2025-01-27,"AMBER, PERSISTENT, COFORGE, POLICYBZR, WOCKPHARMA",5,"6925.75, 6298.80, 1819.00, 1670.00, 1351.00","6621.00, 6034.65, 1751.00, 1684.10, 1260.55","-4.40, -4.19, -3.74, 0.84, -6.70","297, 301, 399, 287, 106",-3.638,LOSS
2025-01-28,"TVSMOTOR, JMFINANCIL, PGEL, TRENT, KPITTECH",5,"2254.00, 107.75, 726.95, 5484.00, 1291.00","2350.00, 107.10, 638.50, 5450.55, 1262.80","4.26, -0.60, -12.17, -0.61, -2.18","255, 102, 157, 562, 154",-2.268,LOSS
2025-01-29,"PGEL, JMFINANCIL, KPITTECH, TRENT, TVSMOTOR",5,"645.00, 102.31, 1263.00, 5495.00, 2359.00","672.90, 98.23, 1270.00, 5461.90, 2482.05","4.33, -3.99, 0.55, -0.60, 5.22","157, 102, 154, 562, 255",1.098,WIN
2025-01-30,"PCBL, TRENT, SUZLON, JMFINANCIL, PGEL",5,"365.10, 5600.00, 55.40, 108.70, 740.05","363.80, 5538.00, 55.40, 106.99, 717.00","-0.36, -1.11, 0.00, -1.57, -3.11","103, 562, 422, 102, 157",-1.232,LOSS
2025-01-31,"SUZLON, PCBL, TRENT, PGEL, JMFINANCIL",5,"57.00, 367.00, 5569.00, 724.95, 107.00","57.69, 370.50, 5643.55, 730.10, 108.14","1.21, 0.95, 1.34, 0.71, 1.07","422, 103, 562, 157, 102",1.053,WIN
2025-02-01,"JMFINANCIL, TRENT, BLUESTARCO, GODFRYPHLP, ANGELONE",5,"109.91, 5780.00, 1838.40, 1506.00, 234.50","111.62, 5718.30, 1875.95, 1519.00, 238.20","1.56, -1.07, 2.04, 0.86, 1.58","102, 562, 105, 195, 331",1.0,WIN
2025-02-03,"JMFINANCIL, HSCL, CGPOWER, KALYANKJIL",4,"110.10, 485.00, 609.95, 502.45","106.44, 484.90, 585.80, 502.00","-3.32, -0.02, -3.96, -0.09","102, 101, 230, 371",-1.849,LOSS
2025-02-04,"KFINTECH, PAYTM, NATCOPHARM",3,"1070.00, 778.10, 1168.00","1081.90, 784.65, 1181.10","1.11, 0.84, 1.12","137, 519, 110",1.025,WIN
2025-02-05,"KFINTECH, PAYTM, GODFRYPHLP, NATCOPHARM, CHAMBLFERT",5,"1117.00, 781.70, 1575.00, 1229.00, 513.50","1134.00, 794.75, 1560.00, 1246.90, 517.80","1.52, 1.67, -0.95, 1.46, 0.84","137, 519, 195, 110, 113",0.907,WIN
2025-02-06,"GODFRYPHLP, PAYTM, POWERINDIA, KFINTECH, ABB",5,"1557.00, 807.45, 11950.00, 1162.35, 5794.95","1551.00, 810.00, 12278.55, 1194.10, 5792.05","-0.39, 0.32, 2.75, 2.73, -0.05","195, 519, 235, 137, 234",1.063,WIN
2025-02-07,"GODFRYPHLP, PAYTM, CHAMBLFERT, KFINTECH, ABB",5,"1575.00, 799.60, 520.40, 1180.05, 5712.80","1613.00, 796.10, 527.70, 1217.15, 5670.30","2.41, -0.44, 1.40, 3.14, -0.74","195, 519, 113, 137, 234",1.161,WIN
2025-02-10,"ABB, POWERINDIA, KFINTECH, JSWENERGY, GODFRYPHLP",5,"5674.95, 12800.00, 1234.55, 483.60, 1807.00","5560.00, 12200.00, 1154.05, 474.35, 1823.00","-2.03, -4.69, -6.52, -1.91, 0.89","234, 235, 137, 199, 195",-2.824,LOSS
2025-02-11,"SBICARD, GODFRYPHLP, ASHOKLEY, BLUESTARCO",4,"797.90, 1814.00, 104.30, 1982.95","782.00, 1690.00, 102.20, 1883.80","-1.99, -6.84, -2.01, -5.00","108, 195, 254, 105",-3.953,LOSS
2025-02-12,"GODFRYPHLP, SBICARD, BLUESTARCO, ASHOKLEY, REDINGTON",5,"1695.00, 784.00, 1884.00, 102.00, 227.50","1717.00, 795.70, 1954.80, 102.30, 224.05","1.30, 1.49, 3.76, 0.29, -1.52","195, 108, 105, 254, 114",1.064,WIN
2025-02-13,"SBICARD, GODFRYPHLP, BLUESTARCO, ASHOKLEY, REDINGTON",5,"825.00, 1818.00, 1978.00, 110.30, 228.10","861.95, 1738.00, 1952.60, 110.75, 241.80","4.48, -4.40, -1.28, 0.41, 6.01","108, 195, 105, 254, 114",1.045,WIN
2025-02-14,"GODFRYPHLP, SBICARD, BLUESTARCO, ASHOKLEY, REDINGTON",5,"1833.00, 861.00, 2010.80, 108.60, 247.00","1945.00, 868.80, 2002.30, 109.00, 244.98","6.11, 0.91, -0.42, 0.37, -0.82","195, 108, 105, 254, 114",1.225,WIN
2025-02-17,"GODFRYPHLP, SBICARD, BLUESTARCO, REDINGTON, ASHOKLEY",5,"1950.00, 864.00, 1935.00, 241.80, 106.50","1985.00, 865.95, 1908.15, 249.92, 108.15","1.79, 0.23, -1.39, 3.36, 1.55","195, 108, 105, 114, 254",1.114,WIN
2025-02-18,"AMBER, NETWEB, ITI",3,"5795.00, 1370.90, 254.00","5507.00, 1338.70, 244.20","-4.97, -2.35, -3.86","297, 318, 155",-3.717,LOSS
2025-02-19,"NETWEB, AMBER, APLAPOLLO, ITI",4,"1320.00, 5450.00, 1315.00, 235.55","1354.00, 5490.90, 1322.65, 236.50","2.58, 0.75, 0.58, 0.40","318, 297, 109, 155",1.079,WIN
2025-02-20,"AMBER, APLAPOLLO, NETWEB, JSWENERGY, KFINTECH",5,"5537.40, 1373.85, 1500.00, 450.00, 851.20","5596.05, 1407.05, 1586.75, 457.20, 867.30","1.06, 2.42, 5.78, 1.60, 1.89","297, 109, 318, 199, 137",2.546,WIN
2025-02-21,"ITI, KFINTECH, AMBER, JSWENERGY",4,"277.00, 880.00, 5801.00, 474.00","282.65, 891.10, 5868.15, 482.55","2.04, 1.26, 1.16, 1.80","155, 137, 297, 199",1.568,WIN
2025-02-24,"KFINTECH, ITI, AMBER, NETWEB, KAYNES",5,"866.05, 284.70, 5905.05, 1568.95, 4307.45","928.20, 274.80, 6010.95, 1538.95, 4371.35","7.18, -3.48, 1.79, -1.91, 1.48","137, 155, 297, 318, 448",1.006,WIN
2025-02-25,"PATANJALI, PGEL",2,"609.00, 810.40","608.70, 827.40","-0.05, 2.10","129, 157",1.024,WIN
2025-02-27,"PATANJALI, AUBANK",2,"609.90, 535.00","609.60, 546.10","-0.05, 2.07","129, 215",1.014,WIN
2025-02-28,"PATANJALI, PGEL",2,"602.00, 773.35","594.40, 798.10","-1.26, 3.20","129, 157",0.969,WIN
2025-03-03,"PATANJALI, PGEL",2,"580.30, 798.80","575.30, 822.15","-0.86, 2.92","129, 157",1.03,WIN
2025-03-05,"PCBL, DATAPATTNS, VBL",3,"364.00, 1412.35, 480.20","371.85, 1415.90, 483.85","2.16, 0.25, 0.76","103, 197, 343",1.055,WIN
2025-03-06,"VBL, DATAPATTNS, HINDCOPPER",3,"482.50, 1425.05, 221.00","485.55, 1461.60, 221.77","0.63, 2.56, 0.35","343, 197, 476",1.178,WIN
2025-03-07,"MRPL, ANANTRAJ, DATAPATTNS, RPOWER",4,"110.67, 464.20, 1421.10, 35.30","112.53, 467.60, 1453.95, 35.65","1.68, 0.73, 2.31, 0.99","112, 160, 197, 189",1.427,WIN
2025-03-10,"BLS, RPOWER, HBLENGINE, HSCL",4,"347.25, 36.25, 454.65, 437.00","348.65, 36.68, 461.45, 441.80","0.40, 1.19, 1.50, 1.10","138, 189, 163, 101",1.046,WIN
2025-03-11,"GODFRYPHLP, CHENNPETRO, ADANIGREEN, MRPL",4,"1672.00, 503.50, 819.25, 106.94","1695.00, 512.80, 819.35, 107.33","1.38, 1.85, 0.01, 0.36","195, 165, 386, 112",0.899,WIN
2025-03-12,"GODFRYPHLP, CHENNPETRO, ADANIGREEN, MRPL, MCX",5,"1758.00, 552.30, 834.40, 110.96, 945.00","1812.00, 550.85, 849.25, 109.88, 957.00","3.07, -0.26, 1.78, -0.97, 1.27","195, 165, 386, 112, 486",0.969,WIN
2025-03-13,"GODFRYPHLP, CHENNPETRO, MRPL, ADANIGREEN, KALYANKJIL",5,"1828.00, 553.90, 110.42, 874.00, 429.35","1901.00, 555.70, 110.93, 888.50, 424.75","3.99, 0.32, 0.46, 1.66, -1.07","195, 165, 112, 386, 371",1.068,WIN
2025-03-17,"GODFRYPHLP, CHENNPETRO, MRPL, KALYANKJIL, ADANIGREEN",5,"1893.00, 570.15, 119.21, 430.00, 873.65","1987.00, 560.70, 116.19, 432.40, 906.45","4.97, -1.66, -2.53, 0.56, 3.75","195, 165, 112, 371, 386",1.005,WIN
2025-03-18,"BSE, BLS, KFINTECH, JPPOWER, TEJASNET",5,"1336.00, 339.80, 925.00, 13.15, 660.00","1343.00, 346.20, 938.80, 13.22, 665.50","0.52, 1.88, 1.49, 0.53, 0.83","1338, 138, 137, 120, 183",1.054,WIN
2025-03-19,"RPOWER, BSE, TEJASNET, OLECTRA, POLICYBZR",5,"35.11, 1388.00, 673.50, 1070.00, 1454.00","35.60, 1395.00, 676.25, 1093.95, 1465.65","1.40, 0.50, 0.41, 2.24, 0.80","189, 1338, 183, 110, 287",1.07,WIN
2025-03-20,"JMFINANCIL, TEJASNET, BLS, MANKIND, OLECTRA",5,"92.50, 721.00, 351.00, 2184.75, 1140.00","94.39, 732.00, 357.70, 2192.30, 1143.15","2.04, 1.53, 1.91, 0.35, 0.28","102, 183, 138, 136, 110",1.224,WIN
2025-03-21,"JMFINANCIL, TEJASNET, BSE, FSL, PCBL",5,"92.42, 714.20, 1496.50, 298.50, 395.00","93.78, 738.50, 1515.00, 299.40, 396.00","1.47, 3.40, 1.24, 0.30, 0.25","102, 183, 1338, 107, 103",1.333,WIN
2025-03-24,"FSL, JMFINANCIL, MFSL, BSE, ANGELONE",5,"316.35, 98.50, 1145.25, 1613.50, 235.00","313.10, 97.83, 1157.50, 1558.50, 236.90","-1.03, -0.68, 1.07, -3.41, 0.81","107, 102, 120, 1338, 331",-0.64,LOSS
2025-03-25,"BSE, RPOWER, BEML, FORTIS, ADANIENSOL",5,"1561.50, 38.58, 1462.50, 660.00, 822.00","1545.50, 37.19, 1382.50, 646.00, 814.10","-1.02, -3.60, -5.47, -2.12, -0.96","1338, 189, 187, 149, 258",-2.635,LOSS
2025-03-26,"RPOWER, BSE, BEML, FORTIS",4,"37.12, 1556.50, 1382.50, 650.00","39.49, 1532.50, 1390.80, 642.75","6.38, -1.54, 0.60, -1.12","189, 1338, 187, 149",1.086,WIN
2025-03-27,"BSE, BEML, RPOWER, FORTIS",4,"1550.00, 1374.80, 39.39, 639.70","1575.50, 1399.70, 39.49, 641.50","1.65, 1.81, 0.25, 0.28","1338, 187, 189, 149",0.995,WIN
2025-03-28,"BSE, FORTIS, BEML, RPOWER",4,"1666.50, 671.00, 1599.90, 43.17","1712.50, 671.80, 1603.30, 43.94","2.76, 0.12, 0.21, 1.78","1338, 149, 187, 189",1.22,WIN
2025-04-01,"BEML, BSE, RPOWER, FORTIS",4,"1613.90, 1848.00, 41.95, 699.80","1614.00, 1843.00, 43.22, 715.00","0.01, -0.27, 3.03, 2.17","187, 1338, 189, 149",1.238,WIN
2025-04-02,"BDL, PNBHOUSING, TATACONSUM, GMRAIRPORT, TEJASNET",5,"1251.80, 872.90, 1018.00, 77.49, 795.00","1248.60, 893.00, 1065.35, 77.31, 783.00","-0.26, 2.30, 4.65, -0.23, -1.51","293, 160, 171, 174, 183",0.994,WIN
2025-04-03,"BDL, PNBHOUSING, TATACONSUM, TEJASNET",4,"1305.00, 916.00, 1049.90, 784.00","1310.00, 918.00, 1059.90, 804.10","0.38, 0.22, 0.95, 2.56","293, 160, 171, 183",1.03,WIN
2025-04-04,"BDL, PNBHOUSING, TATACONSUM",3,"1347.95, 937.40, 1065.45","1339.00, 950.95, 1089.55","-0.66, 1.45, 2.26","293, 160, 171",1.016,WIN
2025-04-07,"BDL, PNBHOUSING, TATACONSUM",3,"1152.20, 879.55, 1019.00","1215.20, 869.10, 1060.90","5.47, -1.19, 4.11","293, 160, 171",2.795,WIN
2025-04-08,"FSL, DIXON, JMFINANCIL, MCX",4,"308.25, 13000.00, 96.62, 1022.00","312.20, 13041.00, 92.41, 1042.00","1.28, 0.32, -4.36, 1.96","107, 679, 102, 486",-0.211,LOSS
2025-04-09,"JMFINANCIL, DIXON, FSL, MCX",4,"92.41, 13130.00, 311.20, 1040.00","91.72, 13265.00, 305.35, 1045.00","-0.75, 1.03, -1.88, 0.48","102, 679, 107, 486",-0.297,LOSS
2025-04-11,"PIIND, FSL",2,"3420.00, 311.85","3517.35, 313.60","2.85, 0.56","107, 107",1.704,WIN
2025-04-15,"SUZLON, FSL, MCX, BLUESTARCO",4,"54.88, 317.35, 1110.00, 1991.90","54.50, 323.45, 1116.00, 2024.50","-0.69, 1.92, 0.54, 1.64","422, 107, 486, 105",0.849,WIN
2025-04-16,"KFINTECH, GMDCLTD, ENGINERSIN, DELHIVERY",4,"1015.20, 287.00, 170.00, 258.60","1019.40, 293.50, 170.95, 260.45","0.41, 2.26, 0.56, 0.72","137, 184, 118, 116",0.988,WIN
2025-04-17,"DELHIVERY, KFINTECH, GMDCLTD, ENGINERSIN, INDUSINDBK",5,"263.00, 1071.30, 313.00, 182.80, 788.25","271.20, 1101.50, 314.65, 182.75, 784.00","3.12, 2.82, 0.53, -0.03, -0.54","116, 137, 184, 118, 516",1.181,WIN
2025-04-21,"KFINTECH, GMDCLTD, ENGINERSIN, DELHIVERY, INDUSINDBK",5,"1121.10, 320.85, 181.22, 285.00, 802.00","1124.00, 328.80, 180.83, 288.40, 815.10","0.26, 2.48, -0.22, 1.19, 1.63","137, 184, 118, 116, 516",1.069,WIN
2025-04-22,"APARINDS, AUBANK, GODFRYPHLP, PERSISTENT, TATAELXSI",5,"5025.00, 623.80, 2528.00, 4863.00, 5335.00","5216.00, 618.40, 2493.00, 4957.00, 5438.50","3.80, -0.87, -1.38, 1.93, 1.94","108, 215, 195, 301, 152",1.056,WIN
2025-04-23,"APARINDS, REDINGTON, AUBANK, GODFRYPHLP, TATAELXSI",5,"5349.00, 225.00, 620.00, 2533.00, 5480.00","5390.50, 229.16, 629.70, 2542.00, 5536.50","0.78, 1.85, 1.56, 0.36, 1.03","108, 114, 215, 195, 152",1.119,WIN
2025-04-24,"APARINDS, GODFRYPHLP, AUBANK, TATAELXSI, MPHASIS",5,"5379.00, 2683.00, 658.50, 5678.00, 2480.20","5383.50, 2756.00, 667.40, 5830.00, 2462.20","0.08, 2.72, 1.35, 2.68, -0.73","108, 195, 215, 152, 181",1.219,WIN
2025-04-25,"APARINDS, GODFRYPHLP, HCLTECH, AUBANK, MPHASIS",5,"5504.00, 2742.00, 1590.00, 681.00, 2453.00","5470.00, 2684.00, 1576.40, 671.00, 2473.00","-0.62, -2.12, -0.86, -1.47, 0.82","108, 195, 461, 215, 181",-0.851,LOSS
2025-04-28,"APARINDS, GODFRYPHLP, HCLTECH, MPHASIS, TATAELXSI",5,"5512.50, 2666.00, 1565.00, 2482.40, 5612.50","5581.00, 2709.00, 1550.00, 2451.40, 5697.00","1.24, 1.61, -0.96, -1.25, 1.51","108, 195, 461, 181, 152",0.423,WIN
2025-04-29,"FORCEMOT, TIINDIA, GRSE, MARUTI, MAZDOCK",5,"9149.00, 2666.00, 1755.00, 11812.00, 2817.90","9147.50, 2696.80, 1789.20, 11870.00, 2859.10","-0.02, 1.16, 1.95, 0.49, 1.46","135, 112, 467, 600, 877",1.027,WIN
2025-04-30,"FORCEMOT, MARUTI, TIINDIA, IGL",4,"9068.00, 11825.00, 2803.00, 185.34","9053.00, 11936.00, 2861.90, 187.91","-0.17, 0.94, 2.10, 1.39","135, 600, 112, 106",1.082,WIN
2025-05-02,"FORCEMOT, MARUTI, TIINDIA, POWERINDIA",4,"8910.00, 12257.00, 2879.00, 14530.00","9043.50, 12365.00, 2896.40, 14741.00","1.50, 0.88, 0.60, 1.45","135, 600, 112, 235",1.105,WIN
2025-05-05,"TIINDIA, MARUTI, MAZDOCK, GRSE, FORCEMOT",5,"2913.00, 12490.00, 3024.10, 1894.60, 10062.50","2950.10, 12463.00, 3036.00, 1900.00, 10494.50","1.27, -0.22, 0.39, 0.29, 4.29","112, 600, 877, 467, 135",1.149,WIN
2025-05-06,"YESBANK, APARINDS, IIFL",3,"19.24, 5808.00, 362.00","17.96, 5565.00, 344.15","-6.65, -4.18, -4.93","251, 108, 103",-5.265,LOSS
2025-05-07,"YESBANK, APARINDS, IIFL, TMPV",4,"17.87, 5450.00, 337.00, 442.00","17.96, 5548.50, 344.50, 452.00","0.50, 1.81, 2.23, 2.26","251, 108, 103, 856",1.698,WIN
2025-05-08,"YESBANK, APARINDS, IIFL",3,"18.35, 5810.00, 374.05","18.39, 5949.50, 374.40","0.22, 2.40, 0.09","251, 108, 103",0.893,WIN
2025-05-09,"YESBANK, APARINDS, IIFL",3,"17.80, 5850.00, 346.20","18.07, 6054.50, 362.35","1.52, 3.50, 4.66","251, 108, 103",3.224,WIN
2025-05-12,"APARINDS, YESBANK",2,"6320.00, 21.70","6300.00, 20.49","-0.32, -5.58","108, 251",-2.965,LOSS
2025-05-13,"TITAGARH, HBLENGINE, IFCI, RVNL, HFCL",5,"749.90, 505.95, 43.00, 360.00, 81.95","750.60, 507.35, 43.48, 357.30, 82.85","0.09, 0.28, 1.12, -0.75, 1.10","195, 163, 128, 546, 247",0.368,WIN
2025-05-14,"IRCON, TITAGARH, RVNL, GRSE, IRFC",5,"160.35, 753.90, 359.00, 2175.00, 125.00","164.10, 768.50, 363.60, 2139.40, 126.25","2.34, 1.94, 1.28, -1.64, 1.00","174, 195, 546, 467, 380",0.994,WIN
2025-05-15,"SCI, ANANTRAJ, IRCON, RVNL, HFCL",5,"171.60, 461.90, 174.34, 372.80, 86.27","172.91, 459.80, 178.64, 380.70, 86.80","0.76, -0.45, 2.47, 2.12, 0.61","144, 160, 174, 546, 247",1.102,WIN
2025-05-16,"TITAGARH, IFCI, JWL, GRANULES, RVNL",5,"812.00, 44.75, 393.00, 504.00, 380.50","826.60, 46.36, 391.50, 504.85, 380.70","1.80, 3.60, -0.38, 0.17, 0.05","195, 128, 138, 101, 546",1.048,WIN
2025-05-19,"HFCL, GRANULES, TITAGARH, JWL, DATAPATTNS",5,"89.14, 505.00, 924.90, 426.50, 3000.00","89.58, 507.95, 940.40, 439.40, 3087.50","0.49, 0.58, 1.68, 3.02, 2.92","247, 101, 195, 138, 197",1.736,WIN
2025-05-20,"SOLARINDS, RPOWER, GRSE",3,"13772.00, 46.05, 2495.00","13563.00, 44.74, 2391.90","-1.52, -2.84, -4.13","180, 189, 467",-2.83,LOSS
2025-05-21,"RPOWER, SOLARINDS, SCI, GRSE",4,"44.97, 13499.00, 175.09, 2388.00","45.11, 13687.00, 177.07, 2448.00","0.31, 1.39, 1.13, 2.51","189, 180, 144, 467",1.335,WIN
2025-05-22,"RPOWER, SCI, SOLARINDS, GRSE",4,"45.00, 176.40, 14188.00, 2474.00","45.30, 177.87, 14390.00, 2513.00","0.67, 0.83, 1.42, 1.58","189, 144, 180, 467",1.117,WIN
2025-05-23,"RPOWER, GRSE, SOLARINDS",3,"45.00, 2809.00, 15040.00","45.06, 2845.00, 15237.00","0.13, 1.28, 1.31","189, 467, 180",0.907,WIN
2025-05-26,"GRSE, SOLARINDS, SCI, IFCI",4,"2761.00, 15390.00, 196.47, 55.70","2730.00, 15878.00, 194.20, 57.76","-1.12, 3.17, -1.16, 3.70","467, 180, 144, 128",1.144,WIN
2025-05-27,"ITI, POWERINDIA, ENGINERSIN, FORCEMOT",4,"282.90, 16430.00, 200.60, 10650.00","285.85, 16696.00, 201.45, 10766.00","1.04, 1.62, 0.42, 1.09","155, 235, 118, 135",1.031,WIN
2025-05-28,"ENGINERSIN, FORCEMOT, ITI",3,"204.89, 11088.50, 312.50","204.23, 11126.50, 329.00","-0.32, 0.34, 5.28","118, 135, 155",1.767,WIN
2025-05-29,"ENGINERSIN, SUZLON, FORCEMOT, WOCKPHARMA, POWERINDIA",5,"212.43, 67.19, 11881.50, 1342.00, 18500.00","217.45, 65.30, 12431.00, 1342.00, 18900.00","2.36, -2.81, 4.62, 0.00, 2.16","118, 422, 135, 106, 235",1.221,WIN
2025-05-30,"SUZLON, POWERINDIA, ENGINERSIN, GRSE, FORCEMOT",5,"71.50, 19165.00, 224.50, 3090.00, 12350.00","73.97, 19370.00, 227.57, 3100.00, 12438.00","3.45, 1.07, 1.37, 0.32, 0.71","422, 235, 118, 467, 135",1.392,WIN
2025-06-02,"FORCEMOT, GRSE, ITI, BEML, RPOWER",5,"12742.00, 3000.00, 335.00, 2117.00, 58.64","11625.00, 2961.00, 329.30, 2112.00, 61.53","-8.77, -1.30, -1.70, -0.24, 4.93","135, 467, 155, 187, 189",-1.254,LOSS
2025-06-03,"SWANCORP, COCHINSHIP, KFINTECH, GMDCLTD, SRF",5,"419.05, 1926.80, 1142.90, 364.90, 2903.00","426.65, 1968.30, 1161.60, 363.85, 2921.30","1.81, 2.15, 1.64, -0.29, 0.63","134, 428, 137, 184, 155",1.187,WIN
2025-06-04,"SWANCORP, GMDCLTD, KFINTECH, IRCON, COCHINSHIP",5,"416.35, 369.00, 1145.00, 193.99, 2055.00","418.85, 364.30, 1158.90, 197.50, 2113.60","0.60, -1.27, 1.21, 1.81, 2.85","134, 184, 137, 174, 428",1.035,WIN
2025-06-05,"SWANCORP, GMDCLTD, CDSL, KFINTECH, COCHINSHIP",5,"454.00, 372.00, 1713.00, 1180.00, 2108.00","461.40, 384.65, 1740.00, 1175.00, 2089.30","1.63, 3.40, 1.58, -0.42, -0.89","134, 184, 473, 137, 428",1.063,WIN
2025-06-06,"CDSL, GMDCLTD, SWANCORP, KFINTECH, COCHINSHIP",5,"1795.00, 388.00, 461.90, 1213.90, 2421.00","1804.70, 393.80, 454.10, 1230.90, 2499.90","0.54, 1.49, -1.69, 1.40, 3.26","473, 184, 134, 137, 428",1.0,WIN
2025-06-09,"SWANCORP, COCHINSHIP, KFINTECH, CDSL, BSE",5,"456.20, 2406.60, 1265.00, 1786.00, 2970.00","466.00, 2303.80, 1252.40, 1794.00, 2992.00","2.15, -4.27, -1.00, 0.45, 0.74","134, 428, 137, 473, 1338",-0.384,LOSS
2025-06-10,"WOCKPHARMA, 360ONE, SCI, OIL, FORCEMOT",5,"1520.00, 1074.50, 208.62, 436.50, 12277.00","1546.50, 1060.10, 209.59, 437.05, 12275.00","1.74, -1.34, 0.46, 0.13, -0.02","106, 102, 144, 232, 135",0.193,WIN
2025-06-11,"WOCKPHARMA, SCI, 360ONE, FORCEMOT, OIL",5,"1555.00, 209.73, 1073.05, 12250.00, 444.75","1568.00, 209.53, 1095.35, 12342.00, 453.35","0.84, -0.10, 2.08, 0.75, 1.93","106, 144, 102, 135, 232",1.102,WIN
2025-06-12,"SCI, FORCEMOT, 360ONE, OIL, SONACOMS",5,"205.71, 12199.00, 1090.00, 475.00, 520.00","204.03, 13084.00, 1095.95, 471.90, 515.75","-0.82, 7.25, 0.55, -0.65, -0.82","144, 135, 102, 232, 127",1.075,WIN
2025-06-13,"SCI, 360ONE, FORCEMOT, OIL, WOCKPHARMA",5,"192.90, 1060.10, 12403.00, 480.00, 1708.00","195.04, 1074.80, 12545.00, 482.50, 1734.00","1.11, 1.39, 1.14, 0.52, 1.52","144, 102, 135, 232, 106",1.136,WIN
2025-06-16,"360ONE, FORCEMOT, SCI, OIL, WOCKPHARMA",5,"1140.00, 13500.00, 227.05, 484.95, 1790.40","1173.25, 13893.00, 226.37, 481.85, 1802.80","2.92, 2.91, -0.30, -0.64, 0.69","102, 135, 144, 232, 106",1.095,WIN
2025-06-17,"GRSE, BEML, ABCAPITAL, KFINTECH, BSE",5,"3074.90, 2190.00, 248.75, 1226.80, 2719.00","3179.80, 2228.00, 252.12, 1217.40, 2699.90","3.41, 1.74, 1.35, -0.77, -0.70","467, 187, 142, 137, 1338",1.006,WIN
2025-06-18,"GRSE, BEML, KFINTECH, FORCEMOT, ABCAPITAL",5,"3187.90, 2188.90, 1207.70, 14049.00, 256.00","3227.10, 2230.90, 1226.60, 14210.00, 254.39","1.23, 1.92, 1.56, 1.15, -0.63","467, 187, 137, 135, 142",1.042,WIN
2025-06-19,"GRSE, BEML, KFINTECH, FORCEMOT, KAYNES",5,"3212.80, 2231.50, 1228.80, 13970.00, 5737.00","3131.00, 2141.00, 1190.10, 13659.00, 5600.00","-2.55, -4.06, -3.15, -2.23, -2.39","467, 187, 137, 135, 448",-2.874,LOSS
2025-06-20,"GRSE, BEML, KFINTECH, FORCEMOT",4,"3138.90, 2145.80, 1195.10, 13712.00","3163.30, 2153.00, 1219.60, 13889.00","0.78, 0.34, 2.05, 1.29","467, 187, 137, 135",1.114,WIN
2025-06-23,"GRSE, ABCAPITAL, BEML, KFINTECH, FORCEMOT",5,"3272.00, 258.80, 2325.20, 1270.00, 14179.00","3317.00, 261.54, 2360.20, 1280.70, 14278.00","1.38, 1.06, 1.51, 0.84, 0.70","467, 142, 187, 137, 135",1.096,WIN
2025-06-24,"HSCL, IDEA, SAMMAANCAP, ATGL, PAGEIND",5,"445.00, 6.71, 125.10, 640.45, 46330.00","440.50, 6.88, 124.64, 632.70, 46355.00","-1.01, 2.53, -0.37, -1.21, 0.05","101, 520, 187, 148, 109",-0.0,LOSS
2025-06-25,"HSCL, SAMMAANCAP, ATGL, IDEA, GODFRYPHLP",5,"448.75, 125.60, 635.00, 6.87, 2725.00","450.70, 126.80, 635.85, 6.98, 2790.00","0.43, 0.96, 0.13, 1.60, 2.39","101, 187, 148, 520, 195",1.098,WIN
2025-06-26,"HSCL, ATGL, IDEA, GODFRYPHLP",4,"454.50, 640.00, 7.18, 2772.00","451.85, 636.65, 7.29, 2877.00","-0.58, -0.52, 1.53, 3.79","101, 148, 520, 195",1.053,WIN
2025-06-27,"HSCL, IDEA, REDINGTON, ATGL",4,"451.90, 7.25, 298.55, 648.00","453.65, 7.43, 298.40, 657.20","0.39, 2.48, -0.05, 1.42","101, 520, 114, 148",1.06,WIN
2025-06-30,"IDEA, SAMMAANCAP, ATGL, HSCL",4,"7.40, 141.96, 684.00, 506.50","7.46, 142.03, 675.50, 518.90","0.81, 0.05, -1.24, 2.45","520, 187, 148, 101",0.517,WIN
2025-07-01,"BLUESTARCO, CHENNPETRO, BOSCHLTD, AMBER",4,"1635.60, 684.05, 32660.00, 6800.00","1697.20, 678.25, 32310.00, 6920.00","3.77, -0.85, -1.07, 1.76","105, 165, 117, 297",1.009,WIN
2025-07-02,"CHENNPETRO, BLUESTARCO, MOTILALOFS",3,"682.40, 1710.00, 869.95","699.45, 1750.00, 854.25","2.50, 2.34, -1.80","165, 105, 140",1.011,WIN
2025-07-03,"BLUESTARCO, CHENNPETRO, MOTILALOFS, BOSCHLTD",4,"1764.70, 703.00, 858.20, 32545.00","1770.30, 717.70, 870.00, 32630.00","0.32, 2.09, 1.37, 0.26","105, 165, 140, 117",1.055,WIN
2025-07-04,"BLUESTARCO, CHENNPETRO, NATCOPHARM, MOTILALOFS",4,"1835.00, 715.95, 976.20, 920.00","1866.00, 732.00, 975.85, 922.00","1.69, 2.24, -0.04, 0.22","105, 165, 110, 140",1.028,WIN
2025-07-07,"BLUESTARCO, CHENNPETRO, MOTILALOFS, NATCOPHARM",4,"1836.00, 767.00, 915.00, 1002.00","1813.00, 739.45, 931.00, 971.70","-1.25, -3.59, 1.75, -3.02","105, 165, 140, 110",-1.528,LOSS
2025-07-08,"FORCEMOT, GLENMARK, JPPOWER, NETWEB",4,"14840.00, 1860.10, 23.20, 1792.60","15200.00, 1827.00, 22.45, 1799.80","2.43, -1.78, -3.23, 0.40","135, 147, 120, 318",-0.586,LOSS
2025-07-09,"FORCEMOT, GLENMARK, NETWEB, JPPOWER",4,"15308.00, 1826.00, 1808.00, 22.39","15541.00, 1829.70, 1803.70, 23.02","1.52, 0.20, -0.24, 2.81","135, 147, 318, 120",1.075,WIN
2025-07-10,"GLENMARK, FORCEMOT, NETWEB, JPPOWER",4,"1821.90, 16690.00, 1809.80, 22.47","1846.30, 16511.00, 1832.00, 23.01","1.34, -1.07, 1.23, 2.40","147, 135, 318, 120",1.007,WIN
2025-07-11,"FORCEMOT, GLENMARK, NETWEB, JPPOWER",4,"16601.00, 2094.40, 1821.60, 23.15","16629.00, 2094.40, 1833.80, 23.96","0.17, 0.00, 0.67, 3.50","135, 147, 318, 120",1.105,WIN
2025-07-14,"FORCEMOT, GLENMARK, JPPOWER, NETWEB",4,"16421.00, 2170.10, 24.20, 1960.00","16640.00, 2170.50, 24.42, 1994.20","1.33, 0.02, 0.91, 1.74","135, 147, 120, 318",0.995,WIN
2025-07-15,"PATANJALI, GMDCLTD, SWANCORP",3,"562.80, 376.50, 451.90","562.20, 378.30, 464.50","-0.11, 0.48, 2.79","129, 184, 134",1.052,WIN
2025-07-16,"GMDCLTD, PATANJALI, SWANCORP",3,"381.90, 581.70, 500.00","381.15, 588.00, 511.30","-0.20, 1.08, 2.26","184, 129, 134",1.049,WIN
2025-07-17,"GMDCLTD, PATANJALI, SWANCORP",3,"379.45, 617.70, 523.60","379.95, 630.30, 506.95","0.13, 2.04, -3.18","184, 129, 134",-0.338,LOSS
2025-07-18,"GMDCLTD, PATANJALI, SWANCORP",3,"380.00, 634.70, 507.80","379.65, 647.50, 513.45","-0.09, 2.02, 1.11","184, 129, 134",1.012,WIN
2025-07-21,"SWANCORP, PATANJALI, GMDCLTD, IDEA",4,"506.70, 646.00, 428.95, 7.69","509.00, 647.00, 434.50, 7.63","0.45, 0.15, 1.29, -0.78","134, 129, 184, 520",0.28,WIN
2025-07-22,"ETERNAL, OLECTRA, FORCEMOT",3,"293.00, 1267.00, 17300.00","298.85, 1276.50, 17422.00","2.00, 0.75, 0.71","1305, 110, 135",1.161,WIN
2025-07-23,"OLECTRA, ETERNAL",2,"1274.90, 298.00","1297.10, 300.30","1.74, 0.77","110, 1305",1.257,WIN
2025-07-24,"OLECTRA, ETERNAL, FORCEMOT",3,"1340.00, 302.25, 17475.00","1363.00, 307.50, 17667.00","1.72, 1.74, 1.10","110, 1305, 135",1.525,WIN
2025-07-25,"OLECTRA, ETERNAL, FORCEMOT, PHOENIXLTD",4,"1541.80, 309.95, 19300.00, 1449.00","1483.00, 309.80, 17800.00, 1519.00","-3.81, -0.05, -7.77, 4.83","110, 1305, 135, 121",-1.592,LOSS
2025-07-28,"ETERNAL, OLECTRA, FORCEMOT",3,"310.00, 1475.00, 17500.00","309.70, 1494.40, 17991.00","-0.10, 1.32, 2.81","1305, 110, 135",1.315,WIN
2025-07-29,"KAYNES, GVT&D, NETWEB, VBL, SUZLON",5,"5487.00, 2406.00, 1815.10, 486.10, 60.69","5490.50, 2419.20, 1879.20, 488.05, 60.88","0.06, 0.55, 3.53, 0.40, 0.31","448, 149, 318, 343, 422",0.975,WIN
2025-07-30,"KAYNES, GVT&D, NETWEB, SUZLON",4,"5584.50, 2597.00, 1974.00, 61.98","5640.00, 2597.00, 2018.00, 61.11","0.99, 0.00, 2.23, -1.40","448, 149, 318, 422",0.451,WIN
2025-07-31,"KAYNES, NETWEB, GVT&D, SUZLON",4,"5590.00, 1999.10, 2726.80, 60.05","5761.50, 2014.60, 2726.80, 60.23","3.07, 0.78, 0.00, 0.30","448, 318, 149, 422",1.033,WIN
2025-08-01,"KAYNES, NETWEB, GVT&D, SUZLON",4,"6202.50, 2092.90, 2863.10, 62.30","6260.50, 2096.30, 2863.10, 64.50","0.94, 0.16, 0.00, 3.53","448, 318, 149, 422",1.165,WIN
2025-08-04,"KAYNES, GVT&D",2,"6375.00, 2863.10","6304.00, 2810.00","-1.11, -1.85","448, 149",-1.485,LOSS
2025-08-05,"FSL, CUMMINSIND, FORCEMOT",3,"335.65, 3566.00, 17126.00","345.70, 3549.40, 17229.00","2.99, -0.47, 0.60","107, 247, 135",1.062,WIN
2025-08-06,"FSL, CUMMINSIND, FORCEMOT",3,"346.90, 3638.00, 17900.00","352.60, 3644.60, 18099.00","1.64, 0.18, 1.11","107, 247, 135",0.982,WIN
2025-08-07,"FSL, CUMMINSIND, FORCEMOT",3,"342.25, 3634.20, 18000.00","355.90, 3605.90, 17968.00","3.99, -0.78, -0.18","107, 247, 135",1.031,WIN
2025-08-08,"FSL, CUMMINSIND, ABCAPITAL, FORCEMOT",4,"362.10, 3780.00, 278.45, 18150.00","358.20, 3791.80, 270.30, 17755.00","-1.08, 0.31, -2.93, -2.18","107, 247, 142, 135",-1.444,LOSS
2025-08-11,"FSL, FORCEMOT, CUMMINSIND, ABCAPITAL",4,"358.50, 17831.00, 3806.90, 271.90","356.40, 18602.00, 3787.00, 271.10","-0.59, 4.32, -0.52, -0.29","107, 135, 247, 142",0.738,WIN
2025-08-12,"JMFINANCIL, APOLLOHOSP, FORCEMOT, MUTHOOTFIN",4,"166.42, 7259.00, 18681.00, 2592.40","162.80, 7253.00, 18826.00, 2514.90","-2.18, -0.08, 0.78, -2.99","102, 283, 135, 185",-1.169,LOSS
2025-08-13,"APOLLOHOSP, JMFINANCIL, FORCEMOT",3,"7403.00, 164.45, 19000.00","7552.50, 166.25, 19039.00","2.02, 1.09, 0.21","283, 102, 135",1.127,WIN
2025-08-14,"FORCEMOT, MUTHOOTFIN, BIOCON, JMFINANCIL, BDL",5,"20047.00, 2730.00, 361.00, 185.81, 1591.00","19680.00, 2754.70, 359.40, 185.50, 1579.00","-1.83, 0.90, -0.44, -0.17, -0.75","135, 185, 153, 102, 293",-0.405,LOSS
2025-08-18,"FORCEMOT, BIOCON, JMFINANCIL, BDL, HBLENGINE",5,"20139.00, 363.00, 188.50, 1602.00, 769.90","19856.00, 363.90, 186.12, 1608.30, 773.00","-1.41, 0.25, -1.26, 0.39, 0.40","135, 153, 102, 293, 163",-0.283,LOSS
2025-08-19,"RPOWER, IDEA, SWANCORP, IDBI, NETWEB",5,"43.50, 6.52, 426.00, 88.23, 2166.70","44.98, 6.51, 434.40, 88.75, 2146.80","3.40, -0.15, 1.97, 0.59, -0.92","189, 520, 134, 118, 318",0.979,WIN
2025-08-20,"IDEA, RPOWER, SWANCORP, NETWEB",4,"6.61, 46.77, 436.05, 2130.00","6.91, 47.71, 438.60, 2066.30","4.54, 2.01, 0.58, -2.99","520, 189, 134, 318",1.048,WIN
2025-08-21,"IDEA, SWANCORP, RPOWER, NETWEB, IDBI",5,"6.81, 458.00, 49.90, 2065.00, 89.30","6.57, 460.70, 50.09, 2077.20, 95.55","-3.52, 0.59, 0.38, 0.59, 7.00","520, 134, 189, 318, 118",1.007,WIN
2025-08-22,"IDEA, SWANCORP, NETWEB, RPOWER, TEJASNET",5,"6.70, 461.05, 2065.00, 50.85, 620.00","6.62, 487.45, 2129.10, 49.30, 623.95","-1.19, 5.73, 3.10, -3.05, 0.64","520, 134, 318, 189, 183",1.038,WIN
2025-08-25,"SWANCORP, RPOWER, IDEA, TEJASNET",4,"480.00, 46.61, 7.07, 621.00","481.55, 46.46, 7.46, 612.55","0.32, -0.32, 5.52, -1.36","134, 189, 520, 183",1.04,WIN
2025-08-26,"OLAELEC, GRANULES, RBLBANK, HBLENGINE, SAMMAANCAP",5,"48.54, 459.00, 257.60, 776.00, 120.49","50.69, 468.50, 258.05, 772.10, 119.32","4.43, 2.07, 0.17, -0.50, -0.97","492, 101, 214, 163, 187",1.042,WIN
2025-08-28,"OLAELEC, RBLBANK, GRANULES, HBLENGINE, SAMMAANCAP",5,"51.15, 255.30, 474.00, 765.25, 119.15","54.18, 252.10, 473.60, 778.00, 117.96","5.92, -1.25, -0.08, 1.67, -1.00","492, 214, 101, 163, 187",1.052,WIN
2025-08-29,"OLAELEC, GRANULES, RBLBANK, HBLENGINE, SAMMAANCAP",5,"55.31, 470.00, 251.50, 780.00, 119.30","57.14, 480.65, 254.00, 781.95, 121.16","3.31, 2.27, 0.99, 0.25, 1.56","492, 101, 214, 163, 187",1.676,WIN
2025-09-01,"OLAELEC, GRANULES, RBLBANK, HBLENGINE, SAMMAANCAP",5,"55.20, 494.00, 260.50, 812.00, 123.60","55.69, 502.45, 263.95, 820.60, 124.29","0.89, 1.71, 1.32, 1.06, 0.56","492, 101, 214, 163, 187",1.108,WIN
2025-09-02,"NETWEB, IDEA, GMDCLTD, SAMMAANCAP",4,"2245.20, 6.55, 432.50, 125.50","2295.00, 6.58, 430.75, 128.99","2.22, 0.46, -0.40, 2.78","318, 520, 184, 187",1.26,WIN
2025-09-03,"NETWEB, IDEA, M&M, GMDCLTD",4,"2355.90, 6.52, 3269.00, 440.10","2378.60, 6.52, 3261.40, 454.90","0.96, 0.00, -0.23, 3.36","318, 520, 893, 184",1.025,WIN
2025-09-04,"IDEA, ABFRL, NETWEB, BSE, SAMMAANCAP",5,"6.69, 82.55, 2539.00, 2239.00, 139.30","6.88, 84.34, 2616.00, 2237.30, 135.70","2.84, 2.17, 3.03, -0.08, -2.58","520, 101, 318, 1338, 187",1.077,WIN
2025-09-05,"IDEA, BSE, NETWEB, GMDCLTD, SAMMAANCAP",5,"6.64, 2229.00, 2647.70, 455.20, 140.00","6.67, 2275.40, 2697.00, 470.65, 136.88","0.45, 2.08, 1.86, 3.39, -2.23","520, 1338, 318, 184, 187",1.104,WIN
2025-09-08,"IDEA, SAMMAANCAP, NETWEB",3,"7.45, 138.00, 3135.50","7.34, 137.55, 3141.00","-1.48, -0.33, 0.18","520, 187, 318",-0.543,LOSS
2025-09-09,"APARINDS, HINDCOPPER, FORCEMOT",3,"7876.50, 245.50, 17247.00","7910.00, 243.68, 17837.00","0.43, -0.74, 3.42","108, 476, 135",0.981,WIN
2025-09-10,"HINDCOPPER, BDL, FORCEMOT, GMDCLTD",4,"244.50, 1426.00, 18290.00, 521.25","245.80, 1447.30, 18241.00, 535.50","0.53, 1.49, -0.27, 2.73","476, 293, 135, 184",1.165,WIN
2025-09-11,"HINDCOPPER, GMDCLTD, FORCEMOT, BEML",4,"244.93, 525.00, 18400.00, 2036.00","250.66, 534.40, 18203.00, 2057.20","2.34, 1.79, -1.07, 1.04","476, 184, 135, 187",1.088,WIN
2025-09-12,"HINDCOPPER, FORCEMOT, GMDCLTD, BEML",4,"251.00, 18080.00, 518.00, 2033.20","253.20, 18053.00, 526.25, 2074.50","0.88, -0.15, 1.59, 2.03","476, 135, 184, 187",1.128,WIN
2025-09-15,"HINDCOPPER, GMDCLTD, FORCEMOT, MOTHERSON",4,"280.05, 565.10, 18447.00, 105.76","281.71, 578.30, 18646.00, 106.05","0.59, 2.34, 1.08, 0.27","476, 184, 135, 275",1.07,WIN
2025-09-16,"REDINGTON, NETWEB, ANANTRAJ, ADANIPOWER",4,"242.20, 2904.50, 591.95, 129.40","244.50, 2931.10, 604.00, 129.05","0.95, 0.92, 2.04, -0.27","114, 318, 160, 510",0.908,WIN
2025-09-17,"NETWEB, REDINGTON, ADANIPOWER, ANANTRAJ",4,"2860.00, 295.00, 128.00, 599.00","2935.80, 290.40, 126.15, 586.10","2.65, -1.56, -1.45, -2.15","318, 114, 510, 160",-0.639,LOSS
2025-09-18,"NETWEB, ANANTRAJ, REDINGTON, ADANIPOWER",4,"2965.00, 588.00, 290.00, 126.70","3047.10, 586.70, 287.60, 126.70","2.77, -0.22, -0.83, 0.00","318, 160, 114, 510",0.428,WIN
2025-09-19,"NETWEB, ANANTRAJ, REDINGTON, ADANIPOWER, IFCI",5,"3070.00, 586.10, 288.14, 135.20, 59.02","3103.70, 581.50, 304.39, 135.10, 58.75","1.10, -0.78, 5.64, -0.07, -0.46","318, 160, 114, 510, 128",1.086,WIN
2025-09-22,"REDINGTON, NETWEB, ANANTRAJ, IFCI, ADANIPOWER",5,"299.50, 3340.00, 644.40, 59.49, 148.20","296.92, 3392.80, 666.60, 59.24, 165.30","-0.86, 1.58, 3.45, -0.42, 11.54","114, 318, 160, 128, 510",3.066,WIN
2025-09-23,"TATAINVEST, NETWEB, HINDCOPPER, AUBANK, JWL",5,"739.00, 3535.00, 298.10, 710.00, 334.45","736.00, 3545.20, 307.50, 729.90, 331.50","-0.41, 0.29, 3.15, 2.80, -0.88","136, 318, 476, 215, 138",0.992,WIN
2025-09-24,"NETWEB, TATAINVEST, HINDCOPPER, JWL, GMDCLTD",5,"3490.00, 825.00, 308.05, 331.05, 626.15","3494.00, 886.00, 309.92, 328.05, 613.55","0.11, 7.39, 0.61, -0.91, -2.01","318, 136, 476, 138, 184",1.044,WIN
2025-09-25,"NETWEB, TATAINVEST, HINDCOPPER, GMDCLTD, JWL",5,"3439.00, 873.00, 315.75, 605.40, 327.30","3582.60, 843.00, 324.20, 614.00, 328.85","4.18, -3.44, 2.68, 1.42, 0.47","318, 136, 476, 184, 138",1.064,WIN
2025-09-26,"TATAINVEST, NETWEB, HINDCOPPER, GMDCLTD, AUBANK",5,"836.00, 3634.70, 326.99, 605.20, 749.50","871.00, 3648.50, 321.34, 613.60, 754.80","4.19, 0.38, -1.73, 1.39, 0.71","136, 318, 476, 184, 215",0.987,WIN
2025-09-29,"NETWEB, TATAINVEST, HINDCOPPER, GMDCLTD, AUBANK",5,"3700.00, 883.00, 315.45, 592.00, 744.10","3631.80, 899.00, 323.79, 609.50, 742.60","-1.84, 1.81, 2.64, 2.96, -0.20","318, 136, 476, 184, 215",1.072,WIN
2025-09-30,"NETWEB, DATAPATTNS, KPITTECH, MRPL",4,"3618.00, 2560.40, 1215.70, 132.60","3638.00, 2552.00, 1110.70, 129.93","0.55, -0.33, -8.64, -2.01","318, 197, 154, 112",-2.617,LOSS
2025-10-01,"NETWEB, DATAPATTNS, MRPL, TMPV",4,"3651.00, 2559.90, 130.06, 468.85","3715.80, 2574.00, 131.73, 473.05","1.77, 0.55, 1.28, 0.90","318, 197, 112, 856",1.128,WIN
2025-10-03,"DATAPATTNS, NETWEB, KALYANKJIL, MRPL, GODFRYPHLP",5,"2644.10, 4029.00, 468.00, 131.71, 3385.00","2691.40, 4256.80, 467.90, 131.12, 3365.50","1.79, 5.65, -0.02, -0.45, -0.58","197, 318, 371, 112, 195",1.256,WIN
2025-10-06,"NETWEB, DATAPATTNS, MRPL, KALYANKJIL, GODFRYPHLP",5,"4318.00, 2839.00, 141.02, 495.00, 3422.10","4191.00, 2836.00, 144.94, 486.25, 3449.00","-2.94, -0.11, 2.78, -1.77, 0.79","318, 197, 112, 371, 195",-0.248,LOSS
2025-10-07,"RPOWER, PGEL, BSE, INOXWIND, DIVISLAB",5,"45.00, 521.70, 2237.00, 140.00, 5860.00","44.78, 522.00, 2230.00, 139.45, 6116.00","-0.49, 0.06, -0.31, -0.39, 4.37","189, 157, 1338, 161, 272",0.647,WIN
2025-10-08,"RPOWER, PGEL, BSE, INOXWIND, YESBANK",5,"45.54, 522.80, 2227.00, 139.80, 22.25","44.58, 514.80, 2230.80, 140.70, 22.07","-2.11, -1.53, 0.17, 0.64, -0.81","189, 157, 1338, 161, 251",-0.73,LOSS
2025-10-09,"PGEL, BSE, RPOWER, INOXWIND, YESBANK",5,"514.95, 2244.20, 44.90, 142.00, 22.05","537.80, 2249.00, 44.51, 143.40, 22.19","4.44, 0.21, -0.87, 0.99, 0.63","157, 1338, 189, 161, 251",1.082,WIN
2025-10-10,"RPOWER, PGEL, BSE, YESBANK, IIFL",5,"44.10, 550.30, 2335.00, 22.45, 495.10","44.55, 555.60, 2392.30, 22.58, 495.70","1.02, 0.96, 2.45, 0.58, 0.12","189, 157, 1338, 251, 103",1.023,WIN
2025-10-13,"RPOWER, BSE, PGEL, IIFL, IDEA",5,"43.55, 2375.00, 577.05, 488.30, 9.02","45.20, 2382.70, 584.20, 489.65, 9.02","3.79, 0.32, 1.24, 0.28, 0.00","189, 1338, 157, 103, 520",1.127,WIN
2025-10-14,"OLAELEC, FORCEMOT, ICICIGI, BLS, NESTLEIND",5,"50.50, 16134.00, 1838.00, 300.00, 1190.10","50.00, 16529.00, 1865.00, 291.00, 1175.50","-0.99, 2.45, 1.47, -3.00, -1.23","492, 135, 136, 138, 199",-0.279,LOSS
2025-10-15,"OLAELEC, BLS, NESTLEIND, ICICIGI, FORCEMOT",5,"51.40, 292.00, 1175.50, 1895.10, 16722.00","51.60, 285.90, 1193.90, 1982.60, 16836.00","0.39, -2.09, 1.57, 4.62, 0.68","492, 138, 199, 136, 135",1.035,WIN
2025-10-16,"OLAELEC, BLS, FORCEMOT, NESTLEIND, ANGELONE",5,"53.59, 279.85, 16550.00, 1221.40, 244.00","53.99, 284.90, 16666.00, 1227.00, 247.10","0.75, 1.80, 0.70, 0.46, 1.27","492, 138, 135, 199, 331",0.997,WIN
2025-10-17,"BLS, FORCEMOT, OLAELEC, ADANIPOWER, ANGELONE",5,"320.00, 16704.00, 56.68, 157.26, 246.80","316.75, 17041.00, 57.05, 161.40, 250.00","-1.02, 2.02, 0.65, 2.63, 1.30","138, 135, 492, 510, 331",1.086,WIN
2025-10-20,"BLS, OLAELEC, FORCEMOT, ANGELONE, ADANIPOWER",5,"324.90, 57.50, 17799.00, 250.90, 168.05","322.00, 54.95, 17450.00, 249.80, 169.70","-0.89, -4.43, -1.96, -0.44, 0.98","138, 492, 135, 331, 510",-1.336,LOSS
2025-10-23,"BSOFT, SCI, SAMMAANCAP, IEX",4,"354.50, 232.00, 175.12, 140.00","369.90, 235.14, 175.13, 139.00","4.34, 1.35, 0.01, -0.71","110, 144, 187, 183",1.247,WIN
2025-10-24,"SCI, SAMMAANCAP, BSOFT",3,"248.00, 174.68, 375.85","251.22, 180.50, 373.15","1.30, 3.33, -0.72","144, 187, 110",1.305,WIN
2025-10-27,"BSOFT, SAMMAANCAP, SCI",3,"383.50, 189.50, 273.00","387.80, 187.75, 271.20","1.12, -0.92, -0.66","110, 187, 144",-0.154,LOSS
2025-10-28,"BHEL, CHENNPETRO, OLECTRA, ADANIGREEN",4,"235.00, 780.00, 1428.40, 1020.50","237.54, 802.05, 1444.50, 1012.40","1.08, 2.83, 1.13, -0.79","389, 165, 110, 386",1.061,WIN
2025-10-29,"BHEL, ADANIGREEN, MRPL",3,"238.44, 1028.00, 149.84","239.39, 1034.10, 152.98","0.40, 0.59, 2.10","389, 386, 112",1.029,WIN
2025-10-30,"CHENNPETRO, ADANIGREEN, HEG, BHEL, MRPL",5,"810.00, 1112.60, 578.00, 254.00, 156.69","845.00, 1126.30, 573.90, 249.90, 159.41","4.32, 1.23, -0.71, -1.61, 1.74","165, 386, 107, 389, 112",0.991,WIN
2025-10-31,"IDBI, MRPL, HEG",3,"98.11, 158.35, 587.00","100.50, 159.63, 591.25","2.44, 0.81, 0.72","118, 112, 107",1.323,WIN
2025-11-03,"HEG, ADANIGREEN",2,"591.00, 1140.00","600.00, 1146.50","1.52, 0.57","107, 386",1.047,WIN
2025-11-04,"REDINGTON, POWERINDIA, BSE, SWANCORP, IDEA",5,"254.15, 19210.00, 2555.00, 471.05, 9.73","250.50, 20341.00, 2496.00, 455.95, 9.38","-1.44, 5.89, -2.31, -3.21, -3.60","114, 235, 1338, 134, 520",-0.985,LOSS
2025-11-06,"REDINGTON, POWERINDIA, SWANCORP, BSE, INDUSTOWER",5,"265.15, 20305.00, 453.00, 2495.00, 391.90","283.50, 20239.00, 439.45, 2445.10, 404.50","6.92, -0.33, -2.99, -2.00, 3.22","114, 235, 134, 1338, 406",1.018,WIN
2025-11-07,"BSE, POWERINDIA, REDINGTON, SWANCORP, IDEA",5,"2450.00, 20020.00, 286.85, 432.25, 9.27","2497.80, 20454.00, 288.30, 438.75, 9.23","1.95, 2.17, 0.51, 1.50, -0.43","1338, 235, 114, 134, 520",1.093,WIN
2025-11-10,"SWANCORP, REDINGTON, POWERINDIA, BSE, IDEA",5,"468.00, 289.00, 20970.00, 2690.00, 9.62","470.00, 286.50, 21269.00, 2626.00, 9.52","0.43, -0.87, 1.43, -2.38, -1.04","134, 114, 235, 1338, 520",-0.549,LOSS
2025-11-11,"DATAPATTNS, APARINDS",2,"2644.40, 8354.50","2723.30, 8254.00","2.98, -1.20","197, 108",0.917,WIN
2025-11-12,"DATAPATTNS, BIOCON",2,"2778.90, 387.50","2782.20, 395.25","0.12, 2.00","197, 153",1.064,WIN
2025-11-13,"DATAPATTNS, PGEL, IDEA",3,"2940.00, 532.00, 10.30","2986.70, 535.35, 10.40","1.59, 0.63, 0.97","197, 157, 520",1.061,WIN
2025-11-14,"RPOWER, DATAPATTNS, IDEA",3,"41.12, 2991.00, 10.51","41.35, 3044.60, 10.58","0.56, 1.79, 0.67","189, 197, 520",1.002,WIN
2025-11-17,"DATAPATTNS, IDEA, RPOWER",3,"3110.00, 11.04, 41.74","3071.00, 10.93, 40.85","-1.25, -1.00, -2.13","197, 520, 189",-1.462,LOSS
2025-11-18,"360ONE, NATCOPHARM, GMRAIRPORT",3,"1079.80, 821.95, 97.66","1067.80, 816.95, 102.38","-1.11, -0.61, 4.83","102, 110, 174",1.041,WIN
2025-11-19,"360ONE, EICHERMOT, NATCOPHARM",3,"1080.00, 6800.00, 818.00","1072.50, 6805.50, 847.55","-0.69, 0.08, 3.61","102, 308, 110",1.004,WIN
2025-11-20,"NATCOPHARM, 360ONE, JPPOWER, EICHERMOT",4,"831.70, 1128.90, 21.22, 6906.00","832.05, 1125.40, 22.26, 6908.50","0.04, -0.31, 4.90, 0.04","110, 102, 120, 308",1.172,WIN
2025-11-21,"360ONE, NATCOPHARM, JPPOWER",3,"1142.10, 869.00, 21.56","1138.80, 862.00, 19.94","-0.29, -0.81, -7.51","102, 110, 120",-2.878,LOSS
2025-11-24,"360ONE, NATCOPHARM, JPPOWER",3,"1147.60, 855.50, 20.01","1123.00, 840.80, 19.35","-2.14, -1.72, -3.30","102, 110, 120",-2.388,LOSS
2025-11-25,"GMDCLTD, VBL, ASHOKLEY, RPOWER",4,"471.10, 447.00, 144.59, 37.00","481.45, 447.25, 146.86, 37.40","2.20, 0.06, 1.57, 1.08","184, 343, 254, 189",1.226,WIN
2025-11-26,"GMDCLTD, RPOWER, VBL, ASHOKLEY",4,"492.35, 37.21, 449.05, 146.85","499.30, 39.00, 448.75, 145.57","1.41, 4.81, -0.07, -0.87","184, 189, 343, 254",1.321,WIN
2025-11-27,"GMDCLTD, RPOWER, ASHOKLEY, VBL",4,"543.40, 40.00, 149.67, 465.10","555.35, 40.03, 153.22, 467.95","2.20, 0.08, 2.37, 0.61","184, 189, 254, 343",1.315,WIN
2025-11-28,"GMDCLTD, RPOWER, VBL",3,"555.00, 40.00, 468.00","538.00, 39.89, 480.65","-3.06, -0.27, 2.70","184, 189, 343",-0.211,LOSS
2025-12-01,"GMDCLTD, RPOWER, ASHOKLEY, HEG",4,"542.00, 39.86, 158.26, 527.70","561.55, 39.83, 158.55, 530.20","3.61, -0.08, 0.18, 0.47","184, 189, 254, 107",1.046,WIN
2025-12-02,"BSOFT, HSCL, IDEA, PATANJALI, HINDCOPPER",5,"387.00, 438.80, 10.20, 565.10, 339.25","403.55, 433.50, 10.17, 563.35, 339.60","4.28, -1.21, -0.29, -0.31, 0.10","110, 101, 520, 129, 476",0.515,WIN
2025-12-03,"HSCL, BSOFT, IDEA, HINDCOPPER, PATANJALI",5,"434.10, 405.90, 10.15, 342.00, 560.90","437.60, 414.20, 10.43, 339.50, 562.00","0.81, 2.04, 2.76, -0.73, 0.20","101, 110, 520, 476, 129",1.015,WIN
2025-12-04,"BSOFT, HSCL, HINDCOPPER, IDEA, PATANJALI",5,"422.00, 447.65, 342.00, 10.63, 552.00","422.35, 458.50, 348.50, 10.64, 555.95","0.08, 2.42, 1.90, 0.09, 0.72","110, 101, 476, 520, 129",1.044,WIN
2025-12-05,"BSOFT, HSCL, HINDCOPPER, IDEA, PATANJALI",5,"435.90, 462.35, 362.90, 10.57, 527.45","440.55, 473.65, 359.40, 10.52, 542.60","1.07, 2.44, -0.96, -0.47, 2.87","110, 101, 476, 520, 129",0.988,WIN
2025-12-08,"BSOFT, HSCL, HINDCOPPER, PATANJALI, IDEA",5,"433.70, 471.00, 372.00, 552.90, 10.76","428.00, 461.30, 363.00, 546.75, 10.27","-1.31, -2.06, -2.42, -1.11, -4.55","110, 101, 476, 129, 520",-2.293,LOSS
2025-12-09,"ANANTRAJ, GODFRYPHLP, GVT&D, HINDZINC, OLAELEC",5,"503.10, 2629.90, 2730.00, 489.00, 34.11","498.90, 2675.60, 2836.60, 491.15, 34.08","-0.83, 1.74, 3.90, 0.44, -0.09","160, 195, 149, 293, 492",1.024,WIN
2025-12-10,"ANANTRAJ, GODFRYPHLP, HINDZINC, DIXON, OLAELEC",5,"507.00, 2770.00, 503.50, 13517.00, 35.00","520.85, 2842.30, 507.80, 13632.00, 34.50","2.73, 2.61, 0.85, 0.85, -1.43","160, 195, 293, 679, 492",1.126,WIN
2025-12-11,"ANANTRAJ, OLAELEC, GODFRYPHLP, GVT&D, HINDZINC",5,"510.35, 34.06, 2800.00, 2920.00, 516.50","506.45, 36.34, 2764.10, 2899.00, 521.95","-0.76, 6.69, -1.28, -0.72, 1.06","160, 492, 195, 149, 293",1.01,WIN
2025-12-12,"ANANTRAJ, GODFRYPHLP, OLAELEC, PREMIERENE, BANDHANBNK",5,"507.40, 2810.00, 36.80, 905.00, 145.25","528.40, 2827.00, 36.61, 909.00, 146.59","4.14, 0.60, -0.52, 0.44, 0.92","160, 195, 492, 254, 189",1.121,WIN
2025-12-15,"ANANTRAJ, OLAELEC, GODFRYPHLP, KAYNES, PREMIERENE",5,"546.00, 36.46, 2851.60, 4305.00, 910.00","551.45, 37.68, 2853.70, 4212.00, 934.85","1.00, 3.35, 0.07, -2.16, 2.73","160, 492, 195, 448, 254",1.001,WIN
2025-12-16,"RPOWER, HBLENGINE, TATAELXSI, ITI, POLICYBZR",5,"34.25, 814.95, 5044.00, 304.20, 1924.90","34.50, 797.90, 4994.00, 301.70, 1825.00","0.73, -2.09, -0.99, -0.82, -5.19","189, 163, 152, 155, 287",-1.666,LOSS
2025-12-17,"RPOWER, HBLENGINE, POLICYBZR, TATAELXSI, ITI",5,"34.83, 799.00, 1812.70, 5000.00, 301.95","35.82, 762.00, 1763.90, 4962.00, 299.10","2.84, -4.63, -2.69, -0.76, -0.94","189, 163, 287, 152, 155",-1.235,LOSS
2025-12-18,"RPOWER, HBLENGINE, POLICYBZR, TATAELXSI, ITI",5,"36.19, 767.55, 1775.00, 4980.00, 299.40","36.23, 792.80, 1821.40, 4998.00, 295.55","0.11, 3.29, 2.61, 0.36, -1.29","189, 163, 287, 152, 155",1.016,WIN
2025-12-19,"RPOWER, POLICYBZR, HBLENGINE, COROMANDEL, TATAELXSI",5,"38.00, 1834.40, 821.45, 2249.20, 5116.00","38.68, 1831.60, 822.40, 2270.70, 5247.00","1.79, -0.15, 0.12, 0.96, 2.56","189, 287, 163, 103, 152",1.049,WIN
2025-12-22,"RPOWER, POLICYBZR, HBLENGINE, ITI",4,"38.30, 1900.00, 850.00, 313.90","35.14, 1878.00, 845.90, 311.55","-8.25, -1.16, -0.48, -0.75","189, 287, 163, 155",-2.665,LOSS
2025-12-23,"IRFC, GMDCLTD, RAILTEL, IRCON, RVNL",5,"117.80, 518.00, 344.85, 157.96, 334.20","117.90, 529.45, 347.25, 161.14, 336.90","0.08, 2.21, 0.70, 2.01, 0.81","380, 184, 153, 174, 546",1.163,WIN
2025-12-24,"GMDCLTD, IRCON, RVNL, TITAGARH, RAILTEL",5,"530.30, 170.40, 343.95, 837.95, 360.80","533.30, 172.79, 349.00, 855.95, 365.00","0.57, 1.40, 1.47, 2.15, 1.16","184, 174, 546, 195, 153",1.35,WIN
2025-12-26,"TITAGARH, RAILTEL, IRCON, RVNL, GMDCLTD",5,"852.95, 356.55, 170.01, 346.70, 548.50","861.80, 366.15, 171.80, 351.35, 546.95","1.04, 2.69, 1.05, 1.34, -0.28","195, 153, 174, 546, 184",1.168,WIN
2025-12-29,"TITAGARH, RAILTEL, IRCON, HINDCOPPER, IFCI",5,"899.10, 382.90, 178.89, 545.05, 53.42","906.95, 371.60, 172.99, 487.85, 51.43","0.87, -2.95, -3.30, -10.49, -3.73","195, 153, 174, 476, 128",-3.918,LOSS
2025-12-30,"OLAELEC, BOSCHLTD, SJVN, HINDCOPPER, FORCEMOT",5,"35.60, 35630.00, 73.12, 482.95, 18952.00","35.67, 35470.00, 72.59, 507.85, 19090.00","0.20, -0.45, -0.72, 5.16, 0.73","492, 117, 107, 476, 135",1.072,WIN
2025-12-31,"BOSCHLTD, SJVN, OLAELEC, IDBI, ANANTRAJ",5,"35700.00, 73.29, 36.80, 101.41, 546.00","35910.00, 75.10, 37.31, 102.75, 542.35","0.59, 2.47, 1.39, 1.32, -0.67","117, 107, 492, 118, 160",1.046,WIN
2026-01-01,"OLAELEC, SJVN, BOSCHLTD, ANANTRAJ, FORCEMOT",5,"36.30, 74.95, 36040.00, 547.95, 20695.00","37.71, 74.85, 36130.00, 551.40, 20730.00","3.88, -0.13, 0.25, 0.63, 0.17","492, 107, 117, 160, 135",1.033,WIN
2026-01-02,"OLAELEC, SJVN, HINDCOPPER, IDBI, FORCEMOT",5,"37.89, 74.96, 530.00, 104.20, 21040.00","38.86, 74.81, 532.00, 105.30, 21700.00","2.56, -0.20, 0.38, 1.06, 3.14","492, 107, 476, 118, 135",1.329,WIN
2026-01-05,"HINDCOPPER, OLAELEC, SJVN, FORCEMOT",4,"554.95, 41.25, 84.00, 21340.00","556.75, 41.15, 87.66, 21340.00","0.32, -0.24, 4.36, 0.00","476, 492, 107, 135",1.152,WIN
2026-01-06,"TATAELXSI, SOLARINDS, NETWEB, BHEL, IEX",5,"5350.00, 12749.00, 3289.00, 300.70, 135.50","5342.00, 12837.00, 3365.00, 296.60, 140.25","-0.15, 0.69, 2.31, -1.36, 3.51","152, 180, 318, 389, 183",1.012,WIN
2026-01-07,"TATAELXSI, SOLARINDS, BHEL, NETWEB, PERSISTENT",5,"5340.00, 12856.00, 296.95, 3348.10, 6206.00","5486.50, 12943.00, 299.00, 3354.90, 6289.50","2.74, 0.68, 0.69, 0.20, 1.35","152, 180, 389, 318, 301",1.134,WIN
2026-01-08,"NETWEB, SOLARINDS, TATAELXSI, BHEL, HINDCOPPER",5,"3360.00, 13389.00, 5853.00, 303.90, 543.90","3400.10, 13480.00, 5703.50, 276.80, 521.50","1.19, 0.68, -2.55, -8.92, -4.12","318, 180, 152, 389, 476",-2.806,LOSS
2026-01-09,"NETWEB, SOLARINDS, TATAELXSI, BHEL, HINDCOPPER",5,"3385.10, 13455.00, 5662.00, 279.00, 519.25","3442.80, 13652.00, 5742.00, 275.85, 530.10","1.70, 1.46, 1.41, -1.13, 2.09","318, 180, 152, 389, 476",1.1,WIN
2026-01-12,"NETWEB, SOLARINDS, TATAELXSI, PERSISTENT, NATIONALUM",5,"3300.00, 13200.00, 5650.00, 6417.00, 352.00","3353.60, 13021.00, 5678.00, 6335.00, 350.95","1.62, -1.36, 0.50, -1.28, -0.30","318, 180, 152, 301, 353",-0.144,LOSS
2026-01-13,"CHENNPETRO, ANGELONE, FEDERALBNK, JWL, UNIONBANK",5,"810.00, 237.80, 253.15, 301.00, 164.99","822.90, 244.20, 249.75, 294.05, 166.20","1.59, 2.69, -1.34, -2.31, 0.73","165, 331, 223, 138, 197",0.272,WIN
2026-01-14,"CHENNPETRO, ANGELONE, JWL, FEDERALBNK, UNIONBANK",5,"822.50, 244.50, 294.60, 248.50, 166.20","852.55, 251.00, 296.05, 244.70, 166.21","3.65, 2.66, 0.49, -1.53, 0.01","165, 331, 138, 223, 197",1.054,WIN
2026-01-16,"FEDERALBNK, ANGELONE, MCX, JWL, HDFCAMC",5,"247.50, 258.80, 2450.00, 330.00, 2580.20","252.45, 264.40, 2434.00, 327.90, 2642.80","2.00, 2.16, -0.65, -0.64, 2.43","223, 331, 486, 138, 234",1.061,WIN
2026-01-19,"ANGELONE, JWL, FEDERALBNK, CHENNPETRO, FORCEMOT",5,"276.50, 320.00, 271.45, 857.95, 20500.00","270.40, 322.45, 279.40, 857.30, 21435.00","-2.21, 0.77, 2.93, -0.08, 4.56","331, 138, 223, 165, 135",1.071,WIN
2026-01-20,"MRPL, APLAPOLLO, BANDHANBNK",3,"140.31, 1919.70, 142.60","136.86, 1909.00, 139.40","-2.46, -0.56, -2.24","112, 109, 189",-1.757,LOSS
2026-01-21,"MRPL, APLAPOLLO",2,"136.13, 1905.00","139.25, 1905.10","2.29, 0.01","112, 109",1.149,WIN
2026-01-22,"MRPL, APLAPOLLO, BANDHANBNK",3,"151.80, 1899.00, 139.00","154.51, 1927.10, 139.64","1.79, 1.48, 0.46","112, 109, 189",1.241,WIN
2026-01-23,"MRPL, APLAPOLLO, BANDHANBNK",3,"151.80, 2000.00, 150.20","152.25, 1997.80, 148.60","0.30, -0.11, -1.07","112, 109, 189",-0.293,LOSS
2026-01-27,"MRPL, APLAPOLLO, BANDHANBNK, ASHOKLEY",4,"153.48, 2030.60, 149.15, 192.26","153.07, 2069.20, 149.40, 193.25","-0.27, 1.90, 0.17, 0.51","112, 109, 189, 254",0.576,WIN
2026-01-28,"ABB, GVT&D, DELHIVERY, IDEA",4,"4759.00, 2739.10, 400.40, 9.93","4850.50, 2788.50, 402.45, 9.98","1.92, 1.80, 0.51, 0.50","234, 149, 116, 520",1.181,WIN
2026-01-29,"ABB, IDEA, APARINDS, CGPOWER, DELHIVERY",5,"5050.00, 10.04, 7502.50, 585.85, 405.20","5410.00, 9.77, 7627.50, 577.70, 407.20","7.13, -2.69, 1.67, -1.39, 0.49","234, 520, 108, 230, 116",0.991,WIN
2026-01-30,"IDEA, DELHIVERY, CGPOWER",3,"9.96, 411.00, 590.00","10.33, 412.45, 585.60","3.71, 0.35, -0.75","520, 116, 230",1.109,WIN
2026-02-01,"DELHIVERY, CGPOWER",2,"432.50, 589.90","429.00, 610.00","-0.81, 3.41","116, 230",1.297,WIN
2026-02-02,"DELHIVERY, ABB",2,"444.15, 5490.00","439.90, 5454.50","-0.96, -0.65","116, 234",-0.803,LOSS
2026-02-03,"ADANIPOWER, GODFRYPHLP, UPL, GODREJPROP",4,"145.00, 2005.00, 742.00, 1612.00","144.01, 1970.20, 745.15, 1709.00","-0.68, -1.74, 0.42, 6.02","510, 195, 166, 200",1.001,WIN
2026-02-04,"GODFRYPHLP, UPL, ADANIPOWER, NYKAA",4,"1971.00, 740.00, 145.00, 246.40","2009.90, 757.95, 144.93, 246.12","1.97, 2.43, -0.05, -0.11","195, 166, 510, 169",1.056,WIN
2026-02-05,"GODFRYPHLP, GODREJPROP, CDSL, LICI, ABCAPITAL",5,"2050.00, 1720.00, 1363.00, 835.50, 347.00","1983.40, 1685.00, 1362.00, 840.00, 345.35","-3.25, -2.03, -0.07, 0.54, -0.48","195, 200, 473, 160, 142",-1.054,LOSS
2026-02-06,"GODFRYPHLP, ABCAPITAL, GODREJPROP, POWERINDIA, CDSL",5,"1980.00, 344.00, 1695.00, 20900.00, 1362.00","2079.50, 344.60, 1699.10, 21449.00, 1329.60","5.03, 0.17, 0.24, 2.63, -2.38","195, 142, 200, 235, 473",1.087,WIN
2026-02-09,"ABCAPITAL, GODREJPROP, UPL, KAYNES, NYKAA",5,"350.05, 1721.00, 747.80, 3765.00, 277.00","348.50, 1757.60, 740.00, 3868.40, 281.66","-0.44, 2.13, -1.04, 2.75, 1.68","142, 200, 166, 448, 169",1.009,WIN
2026-02-10,"AMBER, ENGINERSIN, EICHERMOT, MOTHERSON, ASTRAL",5,"7299.00, 181.70, 7280.00, 124.90, 1499.50","7482.00, 183.15, 7290.00, 126.35, 1508.40","2.51, 0.80, 0.14, 1.16, 0.59","297, 118, 308, 275, 107",1.035,WIN
2026-02-11,"EICHERMOT, ENGINERSIN, AMBER, MOTHERSON, ASTRAL",5,"7505.00, 183.60, 7441.00, 130.63, 1540.00","7689.00, 183.05, 7474.50, 133.60, 1554.00","2.45, -0.30, 0.45, 2.27, 0.91","308, 118, 297, 275, 107",1.156,WIN
2026-02-12,"ENGINERSIN, AMBER, MOTHERSON, EICHERMOT, JMFINANCIL",5,"183.51, 7650.00, 130.21, 7779.50, 137.80","182.33, 7832.00, 132.18, 7858.00, 139.28","-0.64, 2.38, 1.51, 1.01, 1.07","118, 297, 275, 308, 102",1.066,WIN
2026-02-13,"ENGINERSIN, AMBER, EICHERMOT, JMFINANCIL, MOTHERSON",5,"199.10, 7750.00, 7900.00, 139.50, 132.58","206.73, 7770.00, 8054.00, 137.96, 132.85","3.83, 0.26, 1.95, -1.10, 0.20","118, 297, 308, 102, 275",1.029,WIN
2026-02-16,"AMBER, ENGINERSIN, EICHERMOT, MOTHERSON, BHARATFORG",5,"7760.00, 201.50, 8078.50, 130.50, 1739.10","7786.50, 209.49, 8043.50, 131.76, 1756.60","0.34, 3.97, -0.43, 0.97, 1.01","297, 118, 308, 275, 178",1.191,WIN
2026-02-17,"TATAINVEST, GODFRYPHLP, NETWEB, APARINDS, NCC",5,"630.40, 2020.00, 3088.10, 9524.00, 149.50","632.50, 2097.20, 3082.50, 9516.00, 151.64","0.33, 3.82, -0.18, -0.08, 1.43","136, 195, 318, 108, 111",1.073,WIN
2026-02-18,"TATAINVEST, GODFRYPHLP, NETWEB, NCC, APARINDS",5,"638.90, 2083.70, 3210.90, 152.98, 9556.00","643.20, 2190.00, 3182.80, 152.60, 9663.50","0.67, 5.10, -0.88, -0.25, 1.12","136, 195, 318, 111, 108",1.141,WIN
2026-02-19,"TATAINVEST, NCC, NETWEB, GODFRYPHLP, APARINDS",5,"646.30, 137.43, 3399.00, 2527.30, 10200.00","644.55, 141.35, 3425.60, 2577.90, 10199.50","-0.27, 2.85, 0.78, 2.00, -0.00","136, 111, 318, 195, 108",1.089,WIN
2026-02-20,"TATAINVEST, GODFRYPHLP, NCC, NETWEB, APARINDS",5,"690.00, 2480.00, 148.99, 3527.00, 9990.00","722.50, 2415.20, 149.12, 3583.00, 10115.00","4.71, -2.61, 0.09, 1.59, 1.25","136, 195, 111, 318, 108",1.004,WIN
2026-02-23,"TATAINVEST, NCC, GODFRYPHLP, NETWEB, APARINDS",5,"719.80, 150.00, 2488.00, 3657.00, 10600.00","690.20, 150.10, 2205.00, 3558.00, 10655.00","-4.11, 0.07, -11.37, -2.71, 0.52","136, 111, 195, 318, 108",-3.554,LOSS
2026-02-24,"REDINGTON, TEJASNET, IDFCFIRSTB",3,"246.00, 325.50, 69.89","240.90, 316.50, 70.70","-2.07, -2.76, 1.16","114, 183, 231",-1.226,LOSS
2026-02-25,"REDINGTON, TEJASNET, MANKIND, IDFCFIRSTB",4,"242.00, 318.55, 2067.50, 71.55","243.50, 319.95, 2165.00, 70.16","0.62, 0.44, 4.72, -1.94","114, 183, 136, 231",0.951,WIN
2026-02-26,"REDINGTON, TEJASNET, IDFCFIRSTB",3,"242.90, 323.55, 70.22","244.05, 334.00, 70.30","0.47, 3.23, 0.11","114, 183, 231",1.272,WIN
2026-02-27,"REDINGTON, TEJASNET, IDFCFIRSTB, NETWEB",4,"244.55, 387.80, 72.91, 3780.00","251.25, 397.65, 72.65, 3776.80","2.74, 2.54, -0.36, -0.08","114, 183, 231, 318",1.21,WIN
2026-03-02,"REDINGTON, TEJASNET, IDFCFIRSTB",3,"267.90, 421.40, 70.50","262.10, 437.75, 72.79","-2.16, 3.88, 3.25","114, 183, 231",1.654,WIN
2026-03-04,"MAZDOCK, JWL, NATIONALUM, SOLARINDS, IRCON",5,"2209.80, 252.00, 365.00, 14124.00, 135.46","2162.90, 248.40, 372.35, 14598.00, 130.63","-2.12, -1.43, 2.01, 3.36, -3.57","877, 138, 353, 180, 174",-0.357,LOSS
2026-03-05,"MAZDOCK, JWL, SOLARINDS, DATAPATTNS, GRSE",5,"2179.90, 252.00, 14796.00, 3124.50, 2335.00","2207.30, 250.60, 14927.00, 3196.70, 2361.20","1.26, -0.56, 0.89, 2.31, 1.12","877, 138, 180, 197, 467",1.006,WIN
2026-03-06,"JWL, MAZDOCK, SOLARINDS, NATIONALUM, IRCON",5,"254.80, 2383.30, 14702.00, 392.00, 133.00","257.50, 2431.90, 14971.00, 390.70, 134.88","1.06, 2.04, 1.83, -0.33, 1.41","138, 877, 180, 353, 174",1.183,WIN
2026-03-09,"MAZDOCK, SOLARINDS, IRCON, NATIONALUM, JWL",5,"2488.40, 15250.00, 143.44, 396.00, 309.00","2390.00, 14973.00, 139.65, 387.85, 285.30","-3.95, -1.82, -2.64, -2.06, -7.67","877, 180, 174, 353, 138",-3.658,LOSS
2026-03-10,"NTPCGREEN, PREMIERENE, JSWENERGY, IFCI",4,"87.90, 728.00, 480.00, 53.44","86.95, 749.80, 488.10, 53.72","-1.08, 2.99, 1.69, 0.52","136, 254, 199, 128",1.029,WIN
2026-03-11,"NTPCGREEN, PREMIERENE, IFCI, JSWENERGY, ATGL",5,"87.20, 749.00, 53.70, 489.00, 479.00","87.11, 759.00, 54.34, 492.90, 493.00","-0.10, 1.34, 1.19, 0.80, 2.92","136, 254, 128, 199, 148",1.228,WIN
2026-03-12,"NTPCGREEN, IFCI, TORNTPOWER, JSWENERGY, ATGL",5,"86.50, 53.00, 1435.00, 484.00, 594.00","85.30, 52.04, 1433.60, 485.50, 641.45","-1.39, -1.81, -0.10, 0.31, 7.99","136, 128, 108, 199, 148",1.0,WIN
2026-03-13,"NTPCGREEN, TORNTPOWER, JSWENERGY, IFCI, PREMIERENE",5,"98.30, 1505.00, 521.50, 55.00, 781.95","100.86, 1521.70, 529.45, 56.61, 788.50","2.60, 1.11, 1.52, 2.93, 0.84","136, 108, 199, 128, 254",1.803,WIN
2026-03-16,"NTPCGREEN, TORNTPOWER, PREMIERENE, JSWENERGY",4,"100.00, 1462.00, 781.00, 512.95","98.55, 1439.60, 791.50, 502.90","-1.45, -1.53, 1.34, -1.96","136, 108, 254, 199",-0.898,LOSS
2026-03-17,"JPPOWER, OLECTRA",2,"14.04, 906.00","14.38, 906.00","2.42, 0.00","120, 110",1.213,WIN
2026-03-18,"OLECTRA, JPPOWER, ANGELONE",3,"905.00, 14.60, 217.90","927.10, 14.59, 219.00","2.44, -0.07, 0.50","110, 120, 331",0.959,WIN
2026-03-19,"JPPOWER, OLECTRA",2,"14.75, 1015.00","15.08, 1024.55","2.24, 0.94","120, 110",1.589,WIN
2026-03-20,OLECTRA,1,1009.45,1022.00,1.24,110,1.243,WIN
2026-03-23,"JPPOWER, OLECTRA, WAAREEENER, PREMIERENE",4,"15.50, 1080.00, 3108.80, 851.00","14.64, 1021.00, 3058.00, 869.00","-5.55, -5.46, -1.63, 2.12","120, 110, 655, 254",-2.636,LOSS
2026-03-24,"HEG, SAGILITY, SAMMAANCAP",3,"488.00, 37.08, 135.90","491.25, 37.15, 139.46","0.67, 0.19, 2.62","107, 146, 187",1.158,WIN
2026-03-25,"HEG, SAMMAANCAP, SAGILITY",3,"496.00, 144.00, 38.66","496.30, 148.80, 39.44","0.06, 3.33, 2.02","107, 187, 146",1.804,WIN
2026-03-27,"HEG, SAGILITY, SAMMAANCAP",3,"503.10, 39.82, 146.90","528.85, 39.30, 145.74","5.12, -1.31, -0.79","107, 146, 187",1.007,WIN
2026-03-30,"SAMMAANCAP, HEG, SAGILITY",3,"148.60, 560.00, 41.50","148.75, 538.25, 39.94","0.10, -3.88, -3.76","187, 107, 146",-2.514,LOSS
2026-04-01,"OLAELEC, IDBI, RPOWER, IFCI, BSOFT",5,"23.99, 63.10, 21.65, 50.81, 342.85","24.02, 64.43, 21.72, 51.70, 350.00","0.13, 2.11, 0.32, 1.75, 2.09","492, 118, 189, 128, 110",1.278,WIN
2026-04-02,"IDBI, OLAELEC, BSOFT, IFCI, RPOWER",5,"65.50, 25.62, 342.10, 50.80, 21.68","65.59, 26.84, 346.20, 51.52, 21.35","0.14, 4.76, 1.20, 1.42, -1.52","118, 492, 110, 128, 189",1.199,WIN
2026-04-06,"IDBI, GRSE, OLAELEC, IFCI, BLS",5,"69.39, 2270.00, 28.80, 53.50, 267.67","70.12, 2260.00, 28.83, 52.93, 267.00","1.05, -0.44, 0.10, -1.07, -0.25","118, 467, 492, 128, 138",-0.12,LOSS
2026-04-07,"ASHOKLEY, LODHA, ITI, PRESTIGE",4,"150.00, 710.00, 257.00, 1173.20","149.27, 718.45, 257.40, 1211.00","-0.49, 1.19, 0.16, 3.22","254, 191, 155, 151",1.018,WIN
2026-04-08,"ASHOKLEY, JPPOWER, ITI, LODHA",4,"165.10, 15.80, 268.39, 754.80","168.22, 15.78, 266.85, 776.40","1.89, -0.13, -0.57, 2.86","254, 120, 155, 191",1.012,WIN
2026-04-09,"PGEL, LODHA, ITI, REDINGTON, ASHOKLEY",5,"480.00, 782.00, 268.30, 219.28, 172.80","481.45, 781.20, 280.70, 221.28, 172.40","0.30, -0.10, 4.62, 0.91, -0.23","157, 191, 155, 114, 254",1.101,WIN
2026-04-10,"PGEL, ZEEL, COCHINSHIP, LODHA, IRCON",5,"486.40, 79.70, 1436.00, 790.00, 134.60","493.00, 79.94, 1470.90, 806.85, 135.52","1.36, 0.30, 2.43, 2.13, 0.68","157, 158, 428, 191, 174",1.379,WIN
2026-04-13,"LODHA, PGEL, ASHOKLEY, RPOWER, REDINGTON",5,"788.00, 470.45, 172.00, 24.69, 215.00","809.30, 481.50, 173.95, 24.33, 216.46","2.70, 2.35, 1.13, -1.46, 0.68","191, 157, 254, 189, 114",1.078,WIN
2026-04-15,"NETWEB, JWL, PGEL, RPOWER, RVNL",5,"3390.00, 267.80, 502.00, 26.95, 278.00","3409.80, 273.70, 503.50, 27.37, 281.20","0.58, 2.20, 0.30, 1.56, 1.15","318, 138, 157, 189, 546",1.161,WIN
2026-04-16,"JWL, INOXWIND",2,"275.90, 94.73","278.99, 95.75","1.12, 1.08","138, 161",1.098,WIN
2026-04-17,"INOXWIND, JWL, RPOWER, IRCON",4,"95.79, 282.99, 28.89, 143.16","97.00, 284.99, 29.16, 144.98","1.26, 0.71, 0.93, 1.27","161, 138, 189, 174",1.044,WIN
2026-04-20,"RPOWER, INOXWIND, SUZLON, PGEL, RVNL",5,"29.00, 98.00, 53.34, 561.00, 304.50","28.08, 97.15, 52.36, 557.00, 295.78","-3.17, -0.87, -1.84, -0.71, -2.86","189, 161, 422, 157, 546",-1.891,LOSS
2026-04-21,"PPLPHARMA, DATAPATTNS, HSCL, ARE&M, PNBHOUSING",5,"149.00, 3478.90, 490.00, 766.00, 949.50","150.03, 3545.00, 488.45, 771.85, 971.70","0.69, 1.90, -0.32, 0.76, 2.34","126, 197, 101, 107, 160",1.071,WIN
2026-04-22,"PPLPHARMA, DATAPATTNS, ARE&M, ADANIENSOL, OFSS",5,"150.71, 3536.00, 779.45, 1269.50, 7878.00","150.47, 3589.40, 802.65, 1279.25, 7900.50","-0.16, 1.51, 2.98, 0.77, 0.29","126, 197, 107, 258, 192",1.084,WIN
2026-04-23,"PPLPHARMA, DATAPATTNS, HSCL, OFSS, MANAPPURAM",5,"153.81, 3845.00, 522.00, 8430.00, 293.95","159.62, 3818.00, 529.30, 8497.50, 294.15","3.78, -0.70, 1.40, 0.80, 0.07","126, 197, 101, 192, 170",1.072,WIN
2026-04-24,"DATAPATTNS, PPLPHARMA, MANAPPURAM, ADANIENSOL, HSCL",5,"4135.00, 164.68, 292.85, 1359.95, 549.00","4077.10, 165.82, 289.95, 1397.70, 570.85","-1.40, 0.69, -0.99, 2.78, 3.98","197, 126, 170, 258, 101",1.013,WIN
2026-04-27,"PPLPHARMA, DATAPATTNS, MANAPPURAM, ADANIENSOL, POWERINDIA",5,"166.29, 4100.00, 289.50, 1425.00, 32340.00","169.00, 3958.10, 290.60, 1434.60, 32210.00","1.63, -3.46, 0.38, 0.67, -0.40","126, 197, 170, 258, 235",-0.225,LOSS
2026-04-28,"IIFL, CHENNPETRO, HFCL, RBLBANK",4,"437.50, 1002.40, 107.20, 310.00","433.45, 1037.00, 107.54, 315.45","-0.93, 3.45, 0.32, 1.76","103, 165, 247, 214",1.148,WIN
2026-04-29,"IIFL, HFCL, RBLBANK, CHENNPETRO",4,"442.90, 107.69, 323.00, 1080.00","447.50, 105.47, 328.40, 1117.60","1.04, -2.06, 1.67, 3.48","103, 247, 214, 165",1.029,WIN
2026-04-30,"IIFL, HFCL, CHENNPETRO",3,"460.45, 106.80, 1135.00","469.10, 107.80, 1136.25","1.88, 0.94, 0.11","103, 247, 165",0.976,WIN
2026-05-04,"IIFL, HFCL, RBLBANK, CHENNPETRO",4,"465.20, 122.35, 339.00, 1131.00","459.00, 126.00, 329.80, 1113.90","-1.33, 2.98, -2.71, -1.51","103, 247, 214, 165",-0.642,LOSS
2026-05-05,"FSL, PAYTM, COFORGE, YESBANK",4,"215.53, 1111.60, 1166.00, 19.98","219.45, 1088.10, 1168.00, 20.57","1.82, -2.11, 0.17, 2.95","107, 519, 399, 251",0.71,WIN
2026-05-06,"COFORGE, PAYTM, FSL",3,"1261.20, 1105.00, 222.10","1292.20, 1116.00, 221.70","2.46, 1.00, -0.18","399, 519, 107",1.091,WIN
2026-05-07,"PAYTM, COFORGE, HFCL",3,"1150.00, 1294.90, 143.95","1171.90, 1305.30, 146.07","1.90, 0.80, 1.47","519, 399, 247",1.393,WIN
2026-05-08,"FSL, HFCL, GODFRYPHLP, COFORGE",4,"235.18, 146.00, 2334.00, 1279.10","239.93, 144.61, 2358.30, 1306.20","2.02, -0.95, 1.04, 2.12","107, 247, 195, 399",1.055,WIN
2026-05-11,"HFCL, BHEL, COFORGE, NETWEB",4,"139.30, 400.00, 1375.80, 4413.10","143.85, 402.75, 1366.70, 4464.90","3.27, 0.69, -0.66, 1.17","247, 389, 399, 318",1.121,WIN
2026-05-12,"IDEA, ADANIGREEN",2,"12.04, 1380.00","11.99, 1315.00","-0.42, -4.71","520, 386",-2.562,LOSS
2026-05-13,"OIL, VEDL, IDEA",3,"493.45, 311.95, 12.18","500.90, 315.20, 12.36","1.51, 1.04, 1.48","232, 621, 520",1.343,WIN
2026-05-14,"IDEA, OIL, BIOCON, VEDL",4,"12.92, 525.40, 417.55, 329.00","13.06, 529.40, 423.50, 331.45","1.08, 0.76, 1.42, 0.74","520, 232, 153, 621",1.004,WIN
2026-05-15,"VEDL, SAIL, OIL, IDEA",4,"338.90, 199.99, 524.00, 13.00","330.00, 192.35, 518.90, 12.91","-2.63, -3.82, -0.97, -0.69","621, 295, 232, 520",-2.028,LOSS
2026-05-18,"VEDL, ADANIENT, OIL, IDEA",4,"323.90, 2700.00, 519.80, 12.74","327.40, 2686.70, 505.30, 12.97","1.08, -0.49, -2.79, 1.81","621, 469, 232, 520",-0.098,LOSS
2026-05-19,"VEDL, PAGEIND, LODHA",3,"325.40, 37580.00, 845.70","327.45, 37870.00, 860.50","0.63, 0.77, 1.75","621, 109, 191",1.06,WIN
2026-05-20,"SAMMAANCAP, POWERINDIA",2,"137.55, 33000.00","135.61, 34170.00","-1.41, 3.55","187, 235",0.97,WIN
2026-05-21,SAMMAANCAP,1,148.19,153.91,3.86,187,3.86,WIN
2026-05-22,"SAMMAANCAP, POWERINDIA",2,"156.05, 36585.00","162.00, 35640.00","3.81, -2.58","187, 235",0.823,WIN
2026-05-25,"SAMMAANCAP, POWERINDIA",2,"163.60, 36000.00","168.21, 35605.00","2.82, -1.10","187, 235",1.003,WIN
2026-05-26,ADANIPOWER,1,234.25,236.62,1.01,510,1.012,WIN
2026-05-27,"ADANIPOWER, ADANIENSOL",2,"247.60, 1485.00","249.06, 1514.20","0.59, 1.97","510, 258",1.278,WIN
2026-05-29,"ADANIPOWER, ADANIENSOL",2,"250.90, 1557.10","253.65, 1574.50","1.10, 1.12","510, 258",1.107,WIN
2026-06-01,"POWERINDIA, ADANIENSOL, EXIDEIND",3,"38700.00, 1521.80, 390.45","36355.00, 1495.20, 393.00","-6.06, -1.75, 0.65","235, 258, 136",-2.298,LOSS
2026-06-02,"NATIONALUM, NBCC",2,"436.00, 104.59","440.50, 105.88","1.03, 1.23","353, 200",1.133,WIN
2026-06-03,NMDC,1,96.10,97.12,1.06,198,1.061,WIN
2026-06-09,"NAUKRI, MAXHEALTH, PERSISTENT",3,"1011.85, 1011.70, 5145.00","982.00, 1003.00, 5023.00","-2.95, -0.86, -2.37","200, 263, 301",-2.06,LOSS
